tag_id,name,category,count,zh_name,zh_name_2,source,confidence,note,donmai_url,api_status
1684829,heads_together,0,7741,头靠在一起,,assistant_category0_draft,待校对,??????????,https://danbooru.donmai.us/wiki_pages/heads_together,ok
1733109,jaggy_lines,0,7721,锯齿线,,assistant_category0_draft,待校对,??????????,https://danbooru.donmai.us/wiki_pages/jaggy_lines,ok
1782390,traditional_bowtie,0,7617,传统领结,,assistant_category0_draft,待校对,??????????,https://danbooru.donmai.us/wiki_pages/traditional_bowtie,ok
797417,ear_bow,0,7552,耳朵蝴蝶结,,assistant_category0_draft,待校对,??????????,https://danbooru.donmai.us/wiki_pages/ear_bow,ok
1389146,white_neckerchief,0,7364,白色领巾,,assistant_category0_draft,待校对,??????????,https://danbooru.donmai.us/wiki_pages/white_neckerchief,ok
695377,planted,0,7267,种植的,,assistant_category0_draft,待校对,??????????,https://danbooru.donmai.us/wiki_pages/planted,ok
1827216,cube_hair_ornament,0,7168,立方体发饰,,assistant_category0_draft,待校对,??????????,https://danbooru.donmai.us/wiki_pages/cube_hair_ornament,ok
706041,cross-shaped_pupils,0,7103,十字形瞳孔,,assistant_category0_draft,待校对,??????????,https://danbooru.donmai.us/wiki_pages/cross-shaped_pupils,ok
710095,striped_bowtie,0,7095,条纹领结,,assistant_category0_draft,待校对,??????????,https://danbooru.donmai.us/wiki_pages/striped_bowtie,ok
647130,white_necktie,0,7082,白色领带,,assistant_category0_draft,待校对,??????????,https://danbooru.donmai.us/wiki_pages/white_necktie,ok
569436,blood_on_hands,0,7032,手上的血,,assistant_category0_draft,待校对,??????????,https://danbooru.donmai.us/wiki_pages/blood_on_hands,not_found
1669073,official_alternate_hair_length,0,6926,官方替换发长,,assistant_category0_draft,待校对,??????????,https://danbooru.donmai.us/wiki_pages/official_alternate_hair_length,ok
511691,sweater_lift,0,6890,掀毛衣,,assistant_category0_draft,待校对,??????????,https://danbooru.donmai.us/wiki_pages/sweater_lift,ok
1875949,lower_teeth_only,0,6637,仅露下牙,,assistant_category0_draft,待校对,??????????,https://danbooru.donmai.us/wiki_pages/lower_teeth_only,ok
1483713,multiple_rings,0,6626,多个戒指,,assistant_category0_draft,待校对,??????????,https://danbooru.donmai.us/wiki_pages/multiple_rings,ok
665797,hand_on_own_ass,0,6565,手放在自己臀部,,assistant_category0_draft,待校对,??????????,https://danbooru.donmai.us/wiki_pages/hand_on_own_ass,ok
1394528,single_sidelock,0,6556,单侧侧发,,assistant_category0_draft,待校对,??????????,https://danbooru.donmai.us/wiki_pages/single_sidelock,ok
1312163,purple_necktie,0,6504,紫色领带,,assistant_category0_draft,待校对,??????????,https://danbooru.donmai.us/wiki_pages/purple_necktie,ok
1397752,two-tone_shirt,0,6486,双色衬衫,,assistant_category0_draft,待校对,??????????,https://danbooru.donmai.us/wiki_pages/two-tone_shirt,ok
1335474,sleeves_past_elbows,0,6441,袖子超过手肘,,assistant_category0_draft,待校对,??????????,https://danbooru.donmai.us/wiki_pages/sleeves_past_elbows,not_found
1399176,two-tone_fur,0,6428,双色毛皮,,assistant_category0_draft,待校对,??????????,https://danbooru.donmai.us/wiki_pages/two-tone_fur,ok
1915972,medium_bangs,0,6351,中等刘海,,assistant_category0_draft,待校对,??????????,https://danbooru.donmai.us/wiki_pages/medium_bangs,ok
375037,striped_socks,0,6294,条纹袜子,,assistant_category0_draft,待校对,??????????,https://danbooru.donmai.us/wiki_pages/striped_socks,ok
1531697,mismatched_pupils,0,6291,异色瞳孔,,assistant_category0_draft,待校对,??????????,https://danbooru.donmai.us/wiki_pages/mismatched_pupils,ok
1234394,see-through_shirt,0,6210,透视衬衫,,assistant_category0_draft,待校对,??????????,https://danbooru.donmai.us/wiki_pages/see-through_shirt,ok
672073,brown_fur,0,6154,棕色毛皮,,assistant_category0_draft,待校对,??????????,https://danbooru.donmai.us/wiki_pages/brown_fur,ok
1972174,holding_removed_eyewear,0,6149,拿着摘下的眼镜,,assistant_category0_draft,待校对,??????????,https://danbooru.donmai.us/wiki_pages/holding_removed_eyewear,ok
564680,print_pantyhose,0,6147,印花连裤袜,,assistant_category0_draft,待校对,??????????,https://danbooru.donmai.us/wiki_pages/print_pantyhose,ok
568650,grey_pantyhose,0,6124,灰色连裤袜,,assistant_category0_draft,待校对,??????????,https://danbooru.donmai.us/wiki_pages/grey_pantyhose,ok
1385298,animal_ear_headphones,0,6049,动物耳耳机,,assistant_category0_draft,待校对,??????????,https://danbooru.donmai.us/wiki_pages/animal_ear_headphones,ok
1313101,green_bowtie,0,5983,绿色领结,,assistant_category0_draft,待校对,??????????,https://danbooru.donmai.us/wiki_pages/green_bowtie,ok
379182,energy,0,5857,能量,,assistant_category0_draft,待校对,??????????,https://danbooru.donmai.us/wiki_pages/energy,ok
1413412,obijime,0,5834,带缔,,assistant_category0_draft,待校对,??????????,https://danbooru.donmai.us/wiki_pages/obijime,ok
1555383,fur-trimmed_headwear,0,5830,毛边头饰,,assistant_category0_draft,待校对,??????????,https://danbooru.donmai.us/wiki_pages/fur-trimmed_headwear,ok
1285261,pink_necktie,0,5800,粉色领带,,assistant_category0_draft,待校对,??????????,https://danbooru.donmai.us/wiki_pages/pink_necktie,ok
673216,toeless_footwear,0,5797,露趾鞋履,,assistant_category0_draft,待校对,??????????,https://danbooru.donmai.us/wiki_pages/toeless_footwear,ok
473292,blue_socks,0,5750,蓝色袜子,,assistant_category0_draft,待校对,??????????,https://danbooru.donmai.us/wiki_pages/blue_socks,ok
675901,frilled_hat,0,5727,褶边帽子,,assistant_category0_draft,待校对,??????????,https://danbooru.donmai.us/wiki_pages/frilled_hat,ok
547742,open_hands,0,5722,张开手,,assistant_category0_draft,待校对,??????????,https://danbooru.donmai.us/wiki_pages/open_hands,ok
1632773,heart-shaped_chocolate,0,5627,心形巧克力,,assistant_category0_draft,待校对,??????????,https://danbooru.donmai.us/wiki_pages/heart-shaped_chocolate,ok
494868,black_cloak,0,5610,黑色斗篷,,assistant_category0_draft,待校对,??????????,https://danbooru.donmai.us/wiki_pages/black_cloak,ok
517481,winter_coat,0,5519,冬季外套,,assistant_category0_draft,待校对,??????????,https://danbooru.donmai.us/wiki_pages/winter_coat,ok
1406853,serval_print,0,5512,薮猫印花,,assistant_category0_draft,待校对,??????????,https://danbooru.donmai.us/wiki_pages/serval_print,ok
1437532,two-tone_jacket,0,5478,双色夹克,,assistant_category0_draft,待校对,??????????,https://danbooru.donmai.us/wiki_pages/two-tone_jacket,ok
500990,torn_dress,0,5397,破损的连衣裙,,assistant_category0_draft,待校对,??????????,https://danbooru.donmai.us/wiki_pages/torn_dress,ok
1373278,black_ascot,0,5391,黑色领巾,,assistant_category0_draft,待校对,??????????,https://danbooru.donmai.us/wiki_pages/black_ascot,ok
1770615,red_gemstone,0,5356,红色宝石,,assistant_category0_draft,待校对,??????????,https://danbooru.donmai.us/wiki_pages/red_gemstone,not_found
2006749,unworn_jacket,0,5338,未穿戴的夹克,,assistant_category0_draft,待校对,??????????,https://danbooru.donmai.us/wiki_pages/unworn_jacket,ok
1235097,blood_on_weapon,0,5307,武器上的血,,assistant_category0_draft,待校对,??????????,https://danbooru.donmai.us/wiki_pages/blood_on_weapon,ok
548543,arm_hair,0,5299,手臂毛发,,assistant_category0_draft,待校对,??????????,https://danbooru.donmai.us/wiki_pages/arm_hair,ok
1400488,pink_neckerchief,0,5280,粉色领巾,,assistant_category0_draft,待校对,??????????,https://danbooru.donmai.us/wiki_pages/pink_neckerchief,ok
1291900,yellow_fur,0,5235,黄色毛皮,,assistant_category0_draft,待校对,??????????,https://danbooru.donmai.us/wiki_pages/yellow_fur,ok
394795,baggy_pants,0,5225,宽松裤子,,assistant_category0_draft,待校对,??????????,https://danbooru.donmai.us/wiki_pages/baggy_pants,ok
2006753,unworn_mask,0,5210,未穿戴的面具,,assistant_category0_draft,待校对,??????????,https://danbooru.donmai.us/wiki_pages/unworn_mask,ok
1341593,bandaged_hand,0,5202,缠绷带的手,,assistant_category0_draft,待校对,??????????,https://danbooru.donmai.us/wiki_pages/bandaged_hand,ok
1396558,frilled_hair_tubes,0,5180,褶边发管,,assistant_category0_draft,待校对,??????????,https://danbooru.donmai.us/wiki_pages/frilled_hair_tubes,ok
1582503,scar_on_chest,0,5159,胸口上的伤疤,,assistant_category0_draft,待校对,??????????,https://danbooru.donmai.us/wiki_pages/scar_on_chest,ok
1528415,roswaal_mansion_maid_uniform,0,5137,罗兹瓦尔宅邸女仆装,,assistant_category0_draft,待校对,??????????,https://danbooru.donmai.us/wiki_pages/roswaal_mansion_maid_uniform,ok
1636976,footwear_bow,0,5112,鞋上蝴蝶结,,assistant_category0_draft,待校对,??????????,https://danbooru.donmai.us/wiki_pages/footwear_bow,ok
667663,elbow_rest,0,5076,手肘支撑,,assistant_category0_draft,待校对,??????????,https://danbooru.donmai.us/wiki_pages/elbow_rest,ok
1477193,lightning_bolt_symbol,0,5075,闪电闪电符号,,assistant_category0_draft,待校对,??????????,https://danbooru.donmai.us/wiki_pages/lightning_bolt_symbol,ok
570382,hands_in_hair,0,5042,手伸进头发,,assistant_category0_draft,待校对,??????????,https://danbooru.donmai.us/wiki_pages/hands_in_hair,ok
1950723,unconventional_maid,0,5031,非传统女仆装,,assistant_category0_draft,待校对,??????????,https://danbooru.donmai.us/wiki_pages/unconventional_maid,ok
663513,brown_bag,0,5027,棕色包,,assistant_category0_draft,待校对,??????????,https://danbooru.donmai.us/wiki_pages/brown_bag,ok
1376523,weibo_username,0,5026,微博用户名,,assistant_category0_draft,待校对,??????????,https://danbooru.donmai.us/wiki_pages/weibo_username,ok
492359,towel_on_head,0,5009,头上搭毛巾,,assistant_category0_draft,待校对,??????????,https://danbooru.donmai.us/wiki_pages/towel_on_head,ok
1670357,furry_with_non-furry,0,5004,兽人与非兽人,,assistant_category0_draft,待校对,??????????,https://danbooru.donmai.us/wiki_pages/furry_with_non-furry,ok
1320211,orange_bowtie,0,4977,橙色领结,,assistant_category0_draft,待校对,??????????,https://danbooru.donmai.us/wiki_pages/orange_bowtie,ok
1524489,looking_at_object,0,4968,看向物体,,assistant_category0_draft,待校对,??????????,https://danbooru.donmai.us/wiki_pages/looking_at_object,ok
1794320,bow-shaped_hair,0,4948,蝴蝶结形头发,,assistant_category0_draft,待校对,??????????,https://danbooru.donmai.us/wiki_pages/bow-shaped_hair,ok
716981,holding_own_arm,0,4851,扶着自己的手臂,,assistant_category0_draft,待校对,??????????,https://danbooru.donmai.us/wiki_pages/holding_own_arm,ok
1229660,multiple_horns,0,4828,多个角,,assistant_category0_draft,待校对,??????????,https://danbooru.donmai.us/wiki_pages/multiple_horns,ok
374379,hairy,0,4805,多毛,,assistant_category0_draft,待校对,??????????,https://danbooru.donmai.us/wiki_pages/hairy,ok
644588,long_eyelashes,0,4797,长睫毛,,assistant_category0_draft,待校对,??????????,https://danbooru.donmai.us/wiki_pages/long_eyelashes,ok
1376935,blue_ascot,0,4768,蓝色领巾,,assistant_category0_draft,待校对,??????????,https://danbooru.donmai.us/wiki_pages/blue_ascot,ok
540428,arm_around_shoulder,0,4724,手臂搂肩,,assistant_category0_draft,待校对,??????????,https://danbooru.donmai.us/wiki_pages/arm_around_shoulder,ok
652486,v-fin,0,4722,V形天线,,assistant_category0_draft,待校对,??????????,https://danbooru.donmai.us/wiki_pages/v-fin,ok
1219136,hand_on_own_arm,0,4705,手放在自己手臂上,,assistant_category0_draft,待校对,??????????,https://danbooru.donmai.us/wiki_pages/hand_on_own_arm,ok
1619425,crescent_pin,0,4699,新月别针,,assistant_category0_draft,待校对,??????????,https://danbooru.donmai.us/wiki_pages/crescent_pin,ok
403942,earpiece,0,4689,耳机,,assistant_category0_draft,待校对,??????????,https://danbooru.donmai.us/wiki_pages/earpiece,ok
474982,white_robe,0,4678,白色长袍,,assistant_category0_draft,待校对,??????????,https://danbooru.donmai.us/wiki_pages/white_robe,ok
461372,mobile_suit,0,4662,机动战士,,assistant_category0_draft,待校对,??????????,https://danbooru.donmai.us/wiki_pages/mobile_suit,ok
507697,purple_pantyhose,0,4659,紫色连裤袜,,assistant_category0_draft,待校对,??????????,https://danbooru.donmai.us/wiki_pages/purple_pantyhose,ok
1489840,white_horns,0,4659,白色角,,assistant_category0_draft,待校对,??????????,https://danbooru.donmai.us/wiki_pages/white_horns,ok
636788,frilled_pillow,0,4633,褶边枕头,,assistant_category0_draft,待校对,??????????,https://danbooru.donmai.us/wiki_pages/frilled_pillow,ok
468460,torn_skirt,0,4619,破损的裙子,,assistant_category0_draft,待校对,??????????,https://danbooru.donmai.us/wiki_pages/torn_skirt,ok
1141250,black_fur,0,4595,黑色毛皮,,assistant_category0_draft,待校对,??????????,https://danbooru.donmai.us/wiki_pages/black_fur,ok
1437301,black_bag,0,4563,黑色包,,assistant_category0_draft,待校对,??????????,https://danbooru.donmai.us/wiki_pages/black_bag,ok
1385010,kissing_cheek,0,4559,亲吻脸颊,,assistant_category0_draft,待校对,??????????,https://danbooru.donmai.us/wiki_pages/kissing_cheek,ok
1582500,scar_on_arm,0,4557,手臂上的伤疤,,assistant_category0_draft,待校对,??????????,https://danbooru.donmai.us/wiki_pages/scar_on_arm,ok
1258092,ribbon-trimmed_legwear,0,4541,缎带镶边腿部服饰,,assistant_category0_draft,待校对,??????????,https://danbooru.donmai.us/wiki_pages/ribbon-trimmed_legwear,ok
1411341,hooded_capelet,0,4538,带兜帽小披肩,,assistant_category0_draft,待校对,??????????,https://danbooru.donmai.us/wiki_pages/hooded_capelet,ok
1421703,small_horns,0,4517,小角,,assistant_category0_draft,待校对,??????????,https://danbooru.donmai.us/wiki_pages/small_horns,ok
1766885,demon_slayer_uniform,0,4499,鬼杀队队服,,assistant_category0_draft,待校对,??????????,https://danbooru.donmai.us/wiki_pages/demon_slayer_uniform,ok
560677,arm_rest,0,4494,手臂支撑,,assistant_category0_draft,待校对,??????????,https://danbooru.donmai.us/wiki_pages/arm_rest,ok
883683,white_feathers,0,4452,白色羽毛,,assistant_category0_draft,待校对,??????????,https://danbooru.donmai.us/wiki_pages/white_feathers,ok
1478255,dangle_earrings,0,4414,垂坠耳环,,assistant_category0_draft,待校对,??????????,https://danbooru.donmai.us/wiki_pages/dangle_earrings,ok
1235204,bike_shorts_under_skirt,0,4394,裙下运动短裤,,assistant_category0_draft,待校对,??????????,https://danbooru.donmai.us/wiki_pages/bike_shorts_under_skirt,ok
1257314,idol_clothes,0,4263,偶像服装,,assistant_category0_draft,待校对,??????????,https://danbooru.donmai.us/wiki_pages/idol_clothes,ok
1312165,orange_necktie,0,4262,橙色领带,,assistant_category0_draft,待校对,??????????,https://danbooru.donmai.us/wiki_pages/orange_necktie,ok
493348,christmas_ornaments,0,4259,圣诞装饰,,assistant_category0_draft,待校对,??????????,https://danbooru.donmai.us/wiki_pages/christmas_ornaments,ok
634638,text_background,0,4242,文字背景,,assistant_category0_draft,待校对,??????????,https://danbooru.donmai.us/wiki_pages/text_background,ok
609122,multiple_belts,0,4228,多个腰带,,assistant_category0_draft,待校对,??????????,https://danbooru.donmai.us/wiki_pages/multiple_belts,ok
1322421,bandaid_on_cheek,0,4203,脸颊上的创可贴,,assistant_category0_draft,待校对,??????????,https://danbooru.donmai.us/wiki_pages/bandaid_on_cheek,ok
1530508,scar_on_nose,0,4175,鼻子上的伤疤,,assistant_category0_draft,待校对,??????????,https://danbooru.donmai.us/wiki_pages/scar_on_nose,ok
758409,taur,0,4162,兽身人,,assistant_category0_draft,待校对,??????????,https://danbooru.donmai.us/wiki_pages/taur,ok
1253174,employee_uniform,0,4158,员工制服,,assistant_category0_draft,待校对,??????????,https://danbooru.donmai.us/wiki_pages/employee_uniform,ok
676138,asymmetrical_footwear,0,4124,不对称鞋履,,assistant_category0_draft,待校对,??????????,https://danbooru.donmai.us/wiki_pages/asymmetrical_footwear,ok
1770614,green_gemstone,0,4113,绿色宝石,,assistant_category0_draft,待校对,??????????,https://danbooru.donmai.us/wiki_pages/green_gemstone,not_found
558384,on_grass,0,4060,在草地上,,assistant_category0_draft,待校对,??????????,https://danbooru.donmai.us/wiki_pages/on_grass,ok
2006752,unworn_bra,0,4053,未穿戴的胸罩,,assistant_category0_draft,待校对,??????????,https://danbooru.donmai.us/wiki_pages/unworn_bra,ok
769705,holding_another's_arm,0,4047,抓着他人的手臂,,assistant_category0_draft,待校对,??????????,https://danbooru.donmai.us/wiki_pages/holding_another%27s_arm,ok
1612103,milestone_celebration,0,4045,里程碑庆祝,,assistant_category0_draft,待校对,??????????,https://danbooru.donmai.us/wiki_pages/milestone_celebration,ok
549346,blue_pantyhose,0,4041,蓝色连裤袜,,assistant_category0_draft,待校对,??????????,https://danbooru.donmai.us/wiki_pages/blue_pantyhose,ok
590039,animal_feet,0,4030,动物脚,,assistant_category0_draft,待校对,??????????,https://danbooru.donmai.us/wiki_pages/animal_feet,ok
1435434,two-tone_skirt,0,4029,双色裙子,,assistant_category0_draft,待校对,??????????,https://danbooru.donmai.us/wiki_pages/two-tone_skirt,ok
1319620,wing_hair_ornament,0,4026,翅膀发饰,,assistant_category0_draft,待校对,??????????,https://danbooru.donmai.us/wiki_pages/wing_hair_ornament,ok
520227,cowlick,0,4025,翘发,,assistant_category0_draft,待校对,??????????,https://danbooru.donmai.us/wiki_pages/cowlick,ok
1227710,tail_through_clothes,0,3990,尾巴穿过衣服,,assistant_category0_draft,待校对,??????????,https://danbooru.donmai.us/wiki_pages/tail_through_clothes,ok
1517305,presenting_armpit,0,3976,展示腋下,,assistant_category0_draft,待校对,??????????,https://danbooru.donmai.us/wiki_pages/presenting_armpit,not_found
1888618,fairy_(sao),0,3962,妖精,,assistant_category0_draft,待校对,??????????,https://danbooru.donmai.us/wiki_pages/fairy_%28sao%29,ok
1436828,obiage,0,3923,带扬,,assistant_category0_draft,待校对,??????????,https://danbooru.donmai.us/wiki_pages/obiage,ok
1805482,non-humanoid_robot,0,3917,非人形机器人,,assistant_category0_draft,待校对,??????????,https://danbooru.donmai.us/wiki_pages/non-humanoid_robot,ok
1441884,rectangular_eyewear,0,3910,矩形眼镜,,assistant_category0_draft,待校对,??????????,https://danbooru.donmai.us/wiki_pages/rectangular_eyewear,ok
1371311,aqua_bowtie,0,3895,水色领结,,assistant_category0_draft,待校对,??????????,https://danbooru.donmai.us/wiki_pages/aqua_bowtie,ok
1316028,american_flag_legwear,0,3867,美国旗帜腿部服饰,,assistant_category0_draft,待校对,??????????,https://danbooru.donmai.us/wiki_pages/american_flag_legwear,ok
585305,ear_ribbon,0,3837,耳朵缎带,,assistant_category0_draft,待校对,??????????,https://danbooru.donmai.us/wiki_pages/ear_ribbon,ok
1400382,barbell_piercing,0,3836,杠铃穿孔,,assistant_category0_draft,待校对,??????????,https://danbooru.donmai.us/wiki_pages/barbell_piercing,ok
743282,layered_clothes,0,3806,多层服装,,assistant_category0_draft,待校对,??????????,https://danbooru.donmai.us/wiki_pages/layered_clothes,ok
1451190,white_wrist_cuffs,0,3759,白色手腕袖口,,assistant_category0_draft,待校对,??????????,https://danbooru.donmai.us/wiki_pages/white_wrist_cuffs,ok
1319452,hand_on_another's_arm,0,3725,手放在他人手臂上,,assistant_category0_draft,待校对,??????????,https://danbooru.donmai.us/wiki_pages/hand_on_another%27s_arm,ok
1839475,chips_(food),0,3723,薯片,,assistant_category0_draft,待校对,??????????,https://danbooru.donmai.us/wiki_pages/chips_%28food%29,ok
2065896,diagonal-striped_clothes,0,3718,斜向条纹服装,,assistant_category0_draft,待校对,??????????,https://danbooru.donmai.us/wiki_pages/diagonal-striped_clothes,ok
409293,open_dress,0,3700,张开连衣裙,,assistant_category0_draft,待校对,??????????,https://danbooru.donmai.us/wiki_pages/open_dress,ok
1304169,au_ra,0,3697,aura,,assistant_category0_draft,待校对,??????????,https://danbooru.donmai.us/wiki_pages/au_ra,ok
1450243,weibo_logo,0,3687,微博标志,,assistant_category0_draft,待校对,??????????,https://danbooru.donmai.us/wiki_pages/weibo_logo,ok
653049,red_eyeliner,0,3670,红色眼线,,assistant_category0_draft,待校对,??????????,https://danbooru.donmai.us/wiki_pages/red_eyeliner,ok
685091,hand_on_another's_back,0,3665,手放在他人背部上,,assistant_category0_draft,待校对,??????????,https://danbooru.donmai.us/wiki_pages/hand_on_another%27s_back,ok
1399079,holding_drink,0,3664,拿着饮料,,assistant_category0_draft,待校对,??????????,https://danbooru.donmai.us/wiki_pages/holding_drink,ok
1623670,diamond_button,0,3606,菱形纽扣,,assistant_category0_draft,待校对,??????????,https://danbooru.donmai.us/wiki_pages/diamond_button,ok
1413751,print_bowtie,0,3606,印花领结,,assistant_category0_draft,待校对,??????????,https://danbooru.donmai.us/wiki_pages/print_bowtie,ok
1422860,two-tone_swimsuit,0,3574,双色泳装,,assistant_category0_draft,待校对,??????????,https://danbooru.donmai.us/wiki_pages/two-tone_swimsuit,ok
1427966,yellow_cardigan,0,3563,黄色开衫,,assistant_category0_draft,待校对,??????????,https://danbooru.donmai.us/wiki_pages/yellow_cardigan,ok
1365001,black_robe,0,3554,黑色长袍,,assistant_category0_draft,待校对,??????????,https://danbooru.donmai.us/wiki_pages/black_robe,ok
1471518,horseshoe_ornament,0,3554,马蹄铁饰品,,assistant_category0_draft,待校对,??????????,https://danbooru.donmai.us/wiki_pages/horseshoe_ornament,ok
462978,??,0,3553,??,,assistant_category0_draft,待校对,??????????,https://danbooru.donmai.us/wiki_pages/%3F%3F,ok
1579047,rabbit_pose,0,3550,兔子姿势,,assistant_category0_draft,待校对,??????????,https://danbooru.donmai.us/wiki_pages/rabbit_pose,ok
1791866,holding_smoking_pipe,0,3545,拿着吸烟烟斗,,assistant_category0_draft,待校对,??????????,https://danbooru.donmai.us/wiki_pages/holding_smoking_pipe,ok
1472233,high-waist_shorts,0,3518,高腰短裤,,assistant_category0_draft,待校对,??????????,https://danbooru.donmai.us/wiki_pages/high-waist_shorts,ok
1403286,black_mask,0,3513,黑色面具,,assistant_category0_draft,待校对,??????????,https://danbooru.donmai.us/wiki_pages/black_mask,ok
1383796,rabbit_hood,0,3509,兔子兜帽,,assistant_category0_draft,待校对,??????????,https://danbooru.donmai.us/wiki_pages/rabbit_hood,ok
548668,excalibur_(fate/stay_night),0,3507,誓约胜利之剑,,assistant_category0_draft,待校对,??????????,https://danbooru.donmai.us/wiki_pages/excalibur_%28fate%2Fstay_night%29,ok
514768,grey_sky,0,3489,灰色天空,,assistant_category0_draft,待校对,??????????,https://danbooru.donmai.us/wiki_pages/grey_sky,ok
1342976,rabbit_print,0,3487,兔子印花,,assistant_category0_draft,待校对,??????????,https://danbooru.donmai.us/wiki_pages/rabbit_print,ok
647907,dragon_print,0,3477,龙印花,,assistant_category0_draft,待校对,??????????,https://danbooru.donmai.us/wiki_pages/dragon_print,ok
465416,sleeveless_sweater,0,3470,无袖毛衣,,assistant_category0_draft,待校对,??????????,https://danbooru.donmai.us/wiki_pages/sleeveless_sweater,ok
602690,stuffed_cat,0,3469,毛绒猫,,assistant_category0_draft,待校对,??????????,https://danbooru.donmai.us/wiki_pages/stuffed_cat,ok
473206,grey_socks,0,3465,灰色袜子,,assistant_category0_draft,待校对,??????????,https://danbooru.donmai.us/wiki_pages/grey_socks,ok
682862,hand_on_another's_hip,0,3450,手放在他人臀部上,,assistant_category0_draft,待校对,??????????,https://danbooru.donmai.us/wiki_pages/hand_on_another%27s_hip,ok
1976321,animal_ear_piercing,0,3434,动物耳朵穿孔,,assistant_category0_draft,待校对,??????????,https://danbooru.donmai.us/wiki_pages/animal_ear_piercing,ok
1514281,shark_hair_ornament,0,3434,鲨鱼发饰,,assistant_category0_draft,待校对,??????????,https://danbooru.donmai.us/wiki_pages/shark_hair_ornament,ok
490993,colored_tongue,0,3433,有色舌头,,assistant_category0_draft,待校对,??????????,https://danbooru.donmai.us/wiki_pages/colored_tongue,ok
1448570,gold_earrings,0,3419,金色耳环,,assistant_category0_draft,待校对,??????????,https://danbooru.donmai.us/wiki_pages/gold_earrings,ok
1430633,two-tone_bikini,0,3417,双色比基尼,,assistant_category0_draft,待校对,??????????,https://danbooru.donmai.us/wiki_pages/two-tone_bikini,ok
1697967,tassel_hair_ornament,0,3413,流苏发饰,,assistant_category0_draft,待校对,??????????,https://danbooru.donmai.us/wiki_pages/tassel_hair_ornament,ok
629659,food_on_head,0,3405,头上的食物,,assistant_category0_draft,待校对,??????????,https://danbooru.donmai.us/wiki_pages/food_on_head,ok
539295,feather_hair,0,3403,羽毛头发,,assistant_category0_draft,待校对,??????????,https://danbooru.donmai.us/wiki_pages/feather_hair,ok
615041,finger_to_cheek,0,3400,手指抵着脸颊,,assistant_category0_draft,待校对,??????????,https://danbooru.donmai.us/wiki_pages/finger_to_cheek,ok
1402835,scene_reference,0,3380,场景致敬,,assistant_category0_draft,待校对,??????????,https://danbooru.donmai.us/wiki_pages/scene_reference,ok
1488457,grey_horns,0,3371,灰色角,,assistant_category0_draft,待校对,??????????,https://danbooru.donmai.us/wiki_pages/grey_horns,ok
528325,red_pantyhose,0,3360,红色连裤袜,,assistant_category0_draft,待校对,??????????,https://danbooru.donmai.us/wiki_pages/red_pantyhose,ok
1402052,white_cloak,0,3357,白色斗篷,,assistant_category0_draft,待校对,??????????,https://danbooru.donmai.us/wiki_pages/white_cloak,ok
458132,winged_hat,0,3331,带翅膀的帽子,,assistant_category0_draft,待校对,??????????,https://danbooru.donmai.us/wiki_pages/winged_hat,ok
1613301,obliques,0,3323,腹斜肌,,assistant_category0_draft,待校对,??????????,https://danbooru.donmai.us/wiki_pages/obliques,ok
1422416,twitter_logo,0,3307,Twitter标志,,assistant_category0_draft,待校对,??????????,https://danbooru.donmai.us/wiki_pages/twitter_logo,ok
1463294,holding_controller,0,3297,拿着手柄,,assistant_category0_draft,待校对,??????????,https://danbooru.donmai.us/wiki_pages/holding_controller,ok
1480168,white_sports_bra,0,3268,白色运动胸罩,,assistant_category0_draft,待校对,??????????,https://danbooru.donmai.us/wiki_pages/white_sports_bra,ok
1383769,dot_mouth,0,3260,点嘴,,assistant_category0_draft,待校对,??????????,https://danbooru.donmai.us/wiki_pages/dot_mouth,ok
2025868,cellphone_photo,0,3254,手机照片,,assistant_category0_draft,待校对,??????????,https://danbooru.donmai.us/wiki_pages/cellphone_photo,ok
1484339,diagonal-striped_bow,0,3254,斜向条纹蝴蝶结,,assistant_category0_draft,待校对,??????????,https://danbooru.donmai.us/wiki_pages/diagonal-striped_bow,ok
1163924,blue_fur,0,3248,蓝色毛皮,,assistant_category0_draft,待校对,??????????,https://danbooru.donmai.us/wiki_pages/blue_fur,ok
1119065,heart-shaped_pillow,0,3240,心形形枕头,,assistant_category0_draft,待校对,??????????,https://danbooru.donmai.us/wiki_pages/heart-shaped_pillow,ok
665809,hugging_doll,0,3239,拥抱玩偶,,assistant_category0_draft,待校对,??????????,https://danbooru.donmai.us/wiki_pages/hugging_doll,ok
2006755,unworn_helmet,0,3239,未穿戴的头盔,,assistant_category0_draft,待校对,??????????,https://danbooru.donmai.us/wiki_pages/unworn_helmet,ok
586819,energy_wings,0,3236,energy翅膀,,assistant_category0_draft,待校对,??????????,https://danbooru.donmai.us/wiki_pages/energy_wings,ok
574719,multicolored_swimsuit,0,3233,多色泳装,,assistant_category0_draft,待校对,??????????,https://danbooru.donmai.us/wiki_pages/multicolored_swimsuit,ok
713394,hand_on_another's_thigh,0,3230,手放在他人大腿上,,assistant_category0_draft,待校对,??????????,https://danbooru.donmai.us/wiki_pages/hand_on_another%27s_thigh,ok
1551114,covered_abs,0,3220,覆盖的腹肌,,assistant_category0_draft,待校对,??????????,https://danbooru.donmai.us/wiki_pages/covered_abs,ok
1475838,blue_overalls,0,3219,蓝色背带裤,,assistant_category0_draft,待校对,??????????,https://danbooru.donmai.us/wiki_pages/blue_overalls,ok
515468,head-mounted_display,0,3209,头安装式显示器,,assistant_category0_draft,待校对,??????????,https://danbooru.donmai.us/wiki_pages/head-mounted_display,ok
520473,beard_stubble,0,3201,胡须胡茬,,assistant_category0_draft,待校对,??????????,https://danbooru.donmai.us/wiki_pages/beard_stubble,ok
1326377,black_corset,0,3183,黑色束腰,,assistant_category0_draft,待校对,??????????,https://danbooru.donmai.us/wiki_pages/black_corset,ok
816551,jackal_ears,0,3174,胡狼耳朵,,assistant_category0_draft,待校对,??????????,https://danbooru.donmai.us/wiki_pages/jackal_ears,ok
1637933,evolutionary_line,0,3172,进化线,,assistant_category0_draft,待校对,??????????,https://danbooru.donmai.us/wiki_pages/evolutionary_line,ok
1627141,gae_bolg_(fate),0,3164,gaebolg,,assistant_category0_draft,待校对,??????????,https://danbooru.donmai.us/wiki_pages/gae_bolg_%28fate%29,ok
1928414,high_side_ponytail,0,3160,高侧边马尾,,assistant_category0_draft,待校对,??????????,https://danbooru.donmai.us/wiki_pages/high_side_ponytail,ok
471577,red_socks,0,3156,红色袜子,,assistant_category0_draft,待校对,??????????,https://danbooru.donmai.us/wiki_pages/red_socks,ok
1261354,feather_trim,0,3144,羽毛镶边,,assistant_category0_draft,待校对,??????????,https://danbooru.donmai.us/wiki_pages/feather_trim,ok
699975,shoulder_spikes,0,3122,肩尖刺,,assistant_category0_draft,待校对,??????????,https://danbooru.donmai.us/wiki_pages/shoulder_spikes,ok
1328016,o-ring_choker,0,3118,O形戒指项圈,,assistant_category0_draft,待校对,??????????,https://danbooru.donmai.us/wiki_pages/o-ring_choker,ok
1582499,scar_on_forehead,0,3115,额头上的伤疤,,assistant_category0_draft,待校对,??????????,https://danbooru.donmai.us/wiki_pages/scar_on_forehead,ok
610726,shared_clothes,0,3112,共用服装,,assistant_category0_draft,待校对,??????????,https://danbooru.donmai.us/wiki_pages/shared_clothes,ok
1258390,holding_leash,0,3108,拿着牵绳,,assistant_category0_draft,待校对,??????????,https://danbooru.donmai.us/wiki_pages/holding_leash,ok
1474162,gekkoukan_high_school_uniform,0,3108,gekkoukan高学校制服,,assistant_category0_draft,待校对,??????????,https://danbooru.donmai.us/wiki_pages/gekkoukan_high_school_uniform,ok
699142,diamond-shaped_pupils,0,3095,菱形形瞳孔,,assistant_category0_draft,待校对,??????????,https://danbooru.donmai.us/wiki_pages/diamond-shaped_pupils,ok
1386147,holding_hammer,0,3080,拿着锤子,,assistant_category0_draft,待校对,??????????,https://danbooru.donmai.us/wiki_pages/holding_hammer,ok
2006756,unworn_shirt,0,3080,未穿戴的衬衫,,assistant_category0_draft,待校对,??????????,https://danbooru.donmai.us/wiki_pages/unworn_shirt,ok
575698,torn_cape,0,3073,破损的披风,,assistant_category0_draft,待校对,??????????,https://danbooru.donmai.us/wiki_pages/torn_cape,ok
1793456,cooperative_fellatio,0,3063,配合口交,,assistant_category0_draft,待校对,??????????,https://danbooru.donmai.us/wiki_pages/cooperative_fellatio,ok
673057,matching_outfits,0,3060,配套服装,,assistant_category0_draft,待校对,??????????,https://danbooru.donmai.us/wiki_pages/matching_outfits,ok
1457889,red_armband,0,3055,红色臂章,,assistant_category0_draft,待校对,??????????,https://danbooru.donmai.us/wiki_pages/red_armband,ok
1723482,flame-tipped_tail,0,3052,火焰尖端尾巴,,assistant_category0_draft,待校对,??????????,https://danbooru.donmai.us/wiki_pages/flame-tipped_tail,ok
653053,strapless_shirt,0,3050,无肩带衬衫,,assistant_category0_draft,待校对,??????????,https://danbooru.donmai.us/wiki_pages/strapless_shirt,ok
1482386,tiger_boy,0,3047,老虎男孩,,assistant_category0_draft,待校对,??????????,https://danbooru.donmai.us/wiki_pages/tiger_boy,ok
615392,hair_horns,0,3046,头发角,,assistant_category0_draft,待校对,??????????,https://danbooru.donmai.us/wiki_pages/hair_horns,ok
645791,patterned_background,0,3030,图案背景,,assistant_category0_draft,待校对,??????????,https://danbooru.donmai.us/wiki_pages/patterned_background,ok
1856853,asticassia_school_uniform,0,3024,asticassia学校制服,,assistant_category0_draft,待校对,??????????,https://danbooru.donmai.us/wiki_pages/asticassia_school_uniform,ok
1521615,skin_fangs,0,3018,皮肤尖牙,,assistant_category0_draft,待校对,??????????,https://danbooru.donmai.us/wiki_pages/skin_fangs,ok
484124,deer_ears,0,3015,鹿耳朵,,assistant_category0_draft,待校对,??????????,https://danbooru.donmai.us/wiki_pages/deer_ears,ok
549590,uneven_gloves,0,3013,不均匀手套,,assistant_category0_draft,待校对,??????????,https://danbooru.donmai.us/wiki_pages/uneven_gloves,ok
1499947,looking_over_eyewear,0,3004,看向覆盖眼镜,,assistant_category0_draft,待校对,??????????,https://danbooru.donmai.us/wiki_pages/looking_over_eyewear,ok
1234797,foot_up,0,2995,脚向上,,assistant_category0_draft,待校对,??????????,https://danbooru.donmai.us/wiki_pages/foot_up,ok
1344462,blue_apron,0,2982,蓝色围裙,,assistant_category0_draft,待校对,??????????,https://danbooru.donmai.us/wiki_pages/blue_apron,ok
1305007,chest_belt,0,2982,胸口腰带,,assistant_category0_draft,待校对,??????????,https://danbooru.donmai.us/wiki_pages/chest_belt,ok
1307801,feather_earrings,0,2962,羽毛耳环,,assistant_category0_draft,待校对,??????????,https://danbooru.donmai.us/wiki_pages/feather_earrings,ok
525182,santa_bikini,0,2956,圣诞老人比基尼,,assistant_category0_draft,待校对,??????????,https://danbooru.donmai.us/wiki_pages/santa_bikini,ok
1502082,brown_sweater_vest,0,2952,棕色毛衣背心,,assistant_category0_draft,待校对,??????????,https://danbooru.donmai.us/wiki_pages/brown_sweater_vest,ok
1975377,loose_hair_strand,0,2946,宽松头发发丝,,assistant_category0_draft,待校对,??????????,https://danbooru.donmai.us/wiki_pages/loose_hair_strand,ok
1403984,brown_capelet,0,2927,棕色小披肩,,assistant_category0_draft,待校对,??????????,https://danbooru.donmai.us/wiki_pages/brown_capelet,ok
1446284,looking_at_animal,0,2910,看向动物,,assistant_category0_draft,待校对,??????????,https://danbooru.donmai.us/wiki_pages/looking_at_animal,ok
421506,head_grab,0,2900,头抓住,,assistant_category0_draft,待校对,??????????,https://danbooru.donmai.us/wiki_pages/head_grab,ok
625484,glitch,0,2900,故障效果,,assistant_category0_draft,待校对,??????????,https://danbooru.donmai.us/wiki_pages/glitch,ok
1333530,grey_fur,0,2899,灰色毛皮,,assistant_category0_draft,待校对,??????????,https://danbooru.donmai.us/wiki_pages/grey_fur,ok
1467949,single_ear_cover,0,2883,单侧耳朵遮盖,,assistant_category0_draft,待校对,??????????,https://danbooru.donmai.us/wiki_pages/single_ear_cover,ok
1338653,fur_scarf,0,2865,毛皮围巾,,assistant_category0_draft,待校对,??????????,https://danbooru.donmai.us/wiki_pages/fur_scarf,ok
1247633,narrowed_eyes,0,2851,眯起眼睛,,assistant_category0_draft,待校对,??????????,https://danbooru.donmai.us/wiki_pages/narrowed_eyes,ok
1338775,patterned_clothing,0,2840,图案服装,,assistant_category0_draft,待校对,??????????,https://danbooru.donmai.us/wiki_pages/patterned_clothing,ok
1253523,\||/,0,2826,||/,,assistant_category0_draft,待校对,??????????,https://danbooru.donmai.us/wiki_pages/%5C%7C%7C%2F,ok
1438761,high-waist_pants,0,2823,高腰裤子,,assistant_category0_draft,待校对,??????????,https://danbooru.donmai.us/wiki_pages/high-waist_pants,ok
1597364,chain_leash,0,2812,链条牵绳,,assistant_category0_draft,待校对,??????????,https://danbooru.donmai.us/wiki_pages/chain_leash,ok
543351,crossed_bandaids,0,2812,交叉创可贴,,assistant_category0_draft,待校对,??????????,https://danbooru.donmai.us/wiki_pages/crossed_bandaids,ok
1578780,diagonal-striped_necktie,0,2793,斜向条纹领带,,assistant_category0_draft,待校对,??????????,https://danbooru.donmai.us/wiki_pages/diagonal-striped_necktie,ok
518423,black_leggings,0,2791,黑色打底裤,,assistant_category0_draft,待校对,??????????,https://danbooru.donmai.us/wiki_pages/black_leggings,ok
1416546,red_hoodie,0,2767,红色连帽衫,,assistant_category0_draft,待校对,??????????,https://danbooru.donmai.us/wiki_pages/red_hoodie,ok
1052255,drawing_(object),0,2766,绘画,,assistant_category0_draft,待校对,??????????,https://danbooru.donmai.us/wiki_pages/drawing_%28object%29,ok
1253396,character_hair_ornament,0,2762,角色发饰,,assistant_category0_draft,待校对,??????????,https://danbooru.donmai.us/wiki_pages/character_hair_ornament,ok
1370858,mechanical_horns,0,2762,机械角,,assistant_category0_draft,待校对,??????????,https://danbooru.donmai.us/wiki_pages/mechanical_horns,ok
880368,humanoid_robot,0,2760,人形机器人,,assistant_category0_draft,待校对,??????????,https://danbooru.donmai.us/wiki_pages/humanoid_robot,ok
1374594,grey-framed_eyewear,0,2756,灰色框架眼镜,,assistant_category0_draft,待校对,??????????,https://danbooru.donmai.us/wiki_pages/grey-framed_eyewear,ok
379432,lights,0,2752,灯光,,assistant_category0_draft,待校对,??????????,https://danbooru.donmai.us/wiki_pages/lights,ok
663171,sun_symbol,0,2752,太阳符号,,assistant_category0_draft,待校对,??????????,https://danbooru.donmai.us/wiki_pages/sun_symbol,ok
1605926,see-through_legwear,0,2750,透视腿部服饰,,assistant_category0_draft,待校对,??????????,https://danbooru.donmai.us/wiki_pages/see-through_legwear,ok
1673151,uneven_sleeves,0,2748,不均匀袖子,,assistant_category0_draft,待校对,??????????,https://danbooru.donmai.us/wiki_pages/uneven_sleeves,ok
909672,star_halo,0,2744,星星光环,,assistant_category0_draft,待校对,??????????,https://danbooru.donmai.us/wiki_pages/star_halo,ok
1606642,white_male_underwear,0,2741,白色男性内衣,,assistant_category0_draft,待校对,??????????,https://danbooru.donmai.us/wiki_pages/white_male_underwear,ok
506895,ankle_cuffs,0,2721,脚踝袖口,,assistant_category0_draft,待校对,??????????,https://danbooru.donmai.us/wiki_pages/ankle_cuffs,ok
835764,untied_panties,0,2719,解开的内裤,,assistant_category0_draft,待校对,??????????,https://danbooru.donmai.us/wiki_pages/untied_panties,ok
1241321,striped_horns,0,2718,条纹角,,assistant_category0_draft,待校对,??????????,https://danbooru.donmai.us/wiki_pages/striped_horns,ok
666137,aqua_bikini,0,2718,水色比基尼,,assistant_category0_draft,待校对,??????????,https://danbooru.donmai.us/wiki_pages/aqua_bikini,ok
1328259,multiple_moles,0,2717,多个痣,,assistant_category0_draft,待校对,??????????,https://danbooru.donmai.us/wiki_pages/multiple_moles,ok
1476167,holding_handheld_game_console,0,2716,拿着掌上游戏游戏机,,assistant_category0_draft,待校对,??????????,https://danbooru.donmai.us/wiki_pages/holding_handheld_game_console,ok
1665195,reference_inset,0,2715,致敬内嵌,,assistant_category0_draft,待校对,??????????,https://danbooru.donmai.us/wiki_pages/reference_inset,ok
1336227,red_bag,0,2702,红色包,,assistant_category0_draft,待校对,??????????,https://danbooru.donmai.us/wiki_pages/red_bag,ok
1538888,kitauji_high_school_uniform,0,2701,kitauji高学校制服,,assistant_category0_draft,待校对,??????????,https://danbooru.donmai.us/wiki_pages/kitauji_high_school_uniform,ok
1438860,black_sash,0,2698,黑色饰带,,assistant_category0_draft,待校对,??????????,https://danbooru.donmai.us/wiki_pages/black_sash,ok
1618015,slime_(creature),0,2697,史莱姆,,assistant_category0_draft,待校对,??????????,https://danbooru.donmai.us/wiki_pages/slime_%28creature%29,ok
1426454,holding_clipboard,0,2686,拿着写字板,,assistant_category0_draft,待校对,??????????,https://danbooru.donmai.us/wiki_pages/holding_clipboard,ok
1204400,playing_with_own_hair,0,2680,玩弄与自己的头发,,assistant_category0_draft,待校对,??????????,https://danbooru.donmai.us/wiki_pages/playing_with_own_hair,ok
475212,very_long_sleeves,0,2678,很长袖子,,assistant_category0_draft,待校对,??????????,https://danbooru.donmai.us/wiki_pages/very_long_sleeves,ok
655271,naked_jacket,0,2665,裸体夹克,,assistant_category0_draft,待校对,??????????,https://danbooru.donmai.us/wiki_pages/naked_jacket,ok
1835734,red_one-piece_swimsuit,0,2663,红色单件泳装,,assistant_category0_draft,待校对,??????????,https://danbooru.donmai.us/wiki_pages/red_one-piece_swimsuit,ok
854287,ribbed_legwear,0,2654,罗纹腿部服饰,,assistant_category0_draft,待校对,??????????,https://danbooru.donmai.us/wiki_pages/ribbed_legwear,ok
585851,bound_ankles,0,2649,捆绑脚踝,,assistant_category0_draft,待校对,??????????,https://danbooru.donmai.us/wiki_pages/bound_ankles,ok
1418114,green_hoodie,0,2639,绿色连帽衫,,assistant_category0_draft,待校对,??????????,https://danbooru.donmai.us/wiki_pages/green_hoodie,ok
695921,white_sash,0,2637,白色饰带,,assistant_category0_draft,待校对,??????????,https://danbooru.donmai.us/wiki_pages/white_sash,ok
1412053,magatama_necklace,0,2628,勾玉项链,,assistant_category0_draft,待校对,??????????,https://danbooru.donmai.us/wiki_pages/magatama_necklace,ok
667586,single_pauldron,0,2625,单侧肩甲,,assistant_category0_draft,待校对,??????????,https://danbooru.donmai.us/wiki_pages/single_pauldron,ok
519346,short_bangs,0,2619,短刘海,,assistant_category0_draft,待校对,??????????,https://danbooru.donmai.us/wiki_pages/short_bangs,ok
1448374,reflective_water,0,2614,反光水,,assistant_category0_draft,待校对,??????????,https://danbooru.donmai.us/wiki_pages/reflective_water,not_found
1608327,mixed-language_text,0,2613,混合语言文字,,assistant_category0_draft,待校对,??????????,https://danbooru.donmai.us/wiki_pages/mixed-language_text,ok
1494963,orange-tinted_eyewear,0,2611,橙色染色眼镜,,assistant_category0_draft,待校对,??????????,https://danbooru.donmai.us/wiki_pages/orange-tinted_eyewear,ok
546937,cracked_skin,0,2610,裂开的皮肤,,assistant_category0_draft,待校对,??????????,https://danbooru.donmai.us/wiki_pages/cracked_skin,ok
1614785,finger_to_own_chin,0,2607,手指抵着自己的下巴,,assistant_category0_draft,待校对,??????????,https://danbooru.donmai.us/wiki_pages/finger_to_own_chin,ok
1670355,furry_with_furry,0,2602,兽人与兽人,,assistant_category0_draft,待校对,??????????,https://danbooru.donmai.us/wiki_pages/furry_with_furry,ok
1174935,hand_on_own_leg,0,2599,手放在自己的腿上,,assistant_category0_draft,待校对,??????????,https://danbooru.donmai.us/wiki_pages/hand_on_own_leg,ok
1916192,traditional_nun,0,2584,传统修女,,assistant_category0_draft,待校对,??????????,https://danbooru.donmai.us/wiki_pages/traditional_nun,ok
502382,hyur,0,2555,hyur,,assistant_category0_draft,待校对,??????????,https://danbooru.donmai.us/wiki_pages/hyur,ok
1609998,after_ejaculation,0,2551,之后射精,,assistant_category0_draft,待校对,??????????,https://danbooru.donmai.us/wiki_pages/after_ejaculation,ok
1557673,pendant_choker,0,2550,吊坠项圈,,assistant_category0_draft,待校对,??????????,https://danbooru.donmai.us/wiki_pages/pendant_choker,ok
1268086,pink_bag,0,2539,粉色包,,assistant_category0_draft,待校对,??????????,https://danbooru.donmai.us/wiki_pages/pink_bag,ok
1227460,hands_on_another's_head,0,2527,手在他人头,,assistant_category0_draft,待校对,??????????,https://danbooru.donmai.us/wiki_pages/hands_on_another%27s_head,ok
1342607,holding_lantern,0,2522,拿着灯笼,,assistant_category0_draft,待校对,??????????,https://danbooru.donmai.us/wiki_pages/holding_lantern,ok
1574672,two-sided_cape,0,2519,双侧披风,,assistant_category0_draft,待校对,??????????,https://danbooru.donmai.us/wiki_pages/two-sided_cape,ok
1577661,dynamax_band,0,2516,dynamax带,,assistant_category0_draft,待校对,??????????,https://danbooru.donmai.us/wiki_pages/dynamax_band,ok
645001,assault_visor,0,2508,突击遮阳板,,assistant_category0_draft,待校对,??????????,https://danbooru.donmai.us/wiki_pages/assault_visor,ok
1372686,shark_hood,0,2505,鲨鱼兜帽,,assistant_category0_draft,待校对,??????????,https://danbooru.donmai.us/wiki_pages/shark_hood,ok
1262479,plaid_bowtie,0,2501,格子领结,,assistant_category0_draft,待校对,??????????,https://danbooru.donmai.us/wiki_pages/plaid_bowtie,ok
1362227,holding_stick,0,2498,拿着棍,,assistant_category0_draft,待校对,??????????,https://danbooru.donmai.us/wiki_pages/holding_stick,ok
1964758,fake_phone_screenshot,0,2497,假的手机截图,,assistant_category0_draft,待校对,??????????,https://danbooru.donmai.us/wiki_pages/fake_phone_screenshot,ok
455722,curtain_grab,0,2489,窗帘抓住,,assistant_category0_draft,待校对,??????????,https://danbooru.donmai.us/wiki_pages/curtain_grab,ok
1330230,black_wristband,0,2484,黑色腕带,,assistant_category0_draft,待校对,??????????,https://danbooru.donmai.us/wiki_pages/black_wristband,ok
1691759,censored_nipples,0,2476,有码乳头,,assistant_category0_draft,待校对,??????????,https://danbooru.donmai.us/wiki_pages/censored_nipples,ok
1912119,champion's_tunic_(zelda),0,2464,champions束腰外衣,,assistant_category0_draft,待校对,??????????,https://danbooru.donmai.us/wiki_pages/champion%27s_tunic_%28zelda%29,ok
543193,spread_wings,0,2461,展开翅膀,,assistant_category0_draft,待校对,??????????,https://danbooru.donmai.us/wiki_pages/spread_wings,ok
488259,skull_mask,0,2459,骷髅面具,,assistant_category0_draft,待校对,??????????,https://danbooru.donmai.us/wiki_pages/skull_mask,ok
1409793,grey_kimono,0,2455,灰色和服,,assistant_category0_draft,待校对,??????????,https://danbooru.donmai.us/wiki_pages/grey_kimono,ok
564526,vertical-striped_pantyhose,0,2454,竖条纹连裤袜,,assistant_category0_draft,待校对,??????????,https://danbooru.donmai.us/wiki_pages/vertical-striped_pantyhose,ok
1999097,little_busters!_school_uniform,0,2452,小busters!学校制服,,assistant_category0_draft,待校对,??????????,https://danbooru.donmai.us/wiki_pages/little_busters%21_school_uniform,ok
1274924,hand_on_another's_ass,0,2431,手放在他人臀部上,,assistant_category0_draft,待校对,??????????,https://danbooru.donmai.us/wiki_pages/hand_on_another%27s_ass,ok
1651209,fanbox_username,0,2429,Fanbox用户名,,assistant_category0_draft,待校对,??????????,https://danbooru.donmai.us/wiki_pages/fanbox_username,ok
1435804,bisexual_female,0,2415,双性恋女性,,assistant_category0_draft,待校对,??????????,https://danbooru.donmai.us/wiki_pages/bisexual_female,ok
1281566,spiked_armlet,0,2411,带尖刺臂环,,assistant_category0_draft,待校对,??????????,https://danbooru.donmai.us/wiki_pages/spiked_armlet,ok
1926062,millennium_cheerleader_outfit_(blue_archive),0,2400,millennium啦啦队服装,,assistant_category0_draft,待校对,??????????,https://danbooru.donmai.us/wiki_pages/millennium_cheerleader_outfit_%28blue_archive%29,ok
1396796,green_neckerchief,0,2397,绿色领巾,,assistant_category0_draft,待校对,??????????,https://danbooru.donmai.us/wiki_pages/green_neckerchief,ok
1610038,o-ring_thigh_strap,0,2396,O形戒指大腿带子,,assistant_category0_draft,待校对,??????????,https://danbooru.donmai.us/wiki_pages/o-ring_thigh_strap,ok
548895,frilled_socks,0,2384,褶边袜子,,assistant_category0_draft,待校对,??????????,https://danbooru.donmai.us/wiki_pages/frilled_socks,ok
1320208,grey_necktie,0,2379,灰色领带,,assistant_category0_draft,待校对,??????????,https://danbooru.donmai.us/wiki_pages/grey_necktie,ok
1552758,breast_curtain,0,2378,乳房窗帘,,assistant_category0_draft,待校对,??????????,https://danbooru.donmai.us/wiki_pages/breast_curtain,not_found
1307551,holstered,0,2374,收在枪套中,,assistant_category0_draft,待校对,??????????,https://danbooru.donmai.us/wiki_pages/holstered,ok
1409106,head_on_pillow,0,2367,头在枕头,,assistant_category0_draft,待校对,??????????,https://danbooru.donmai.us/wiki_pages/head_on_pillow,ok
1402473,blue_sash,0,2364,蓝色饰带,,assistant_category0_draft,待校对,??????????,https://danbooru.donmai.us/wiki_pages/blue_sash,ok
1574674,two-sided_jacket,0,2363,双侧夹克,,assistant_category0_draft,待校对,??????????,https://danbooru.donmai.us/wiki_pages/two-sided_jacket,ok
664405,plaid_necktie,0,2359,格子领带,,assistant_category0_draft,待校对,??????????,https://danbooru.donmai.us/wiki_pages/plaid_necktie,ok
1456557,hair_through_headwear,0,2354,头发过头饰,,assistant_category0_draft,待校对,??????????,https://danbooru.donmai.us/wiki_pages/hair_through_headwear,ok
2060120,holding_swim_ring,0,2344,拿着游泳戒指,,assistant_category0_draft,待校对,??????????,https://danbooru.donmai.us/wiki_pages/holding_swim_ring,ok
577309,multiple_condoms,0,2343,多个避孕套,,assistant_category0_draft,待校对,??????????,https://danbooru.donmai.us/wiki_pages/multiple_condoms,ok
566340,loose_clothes,0,2337,宽松服装,,assistant_category0_draft,待校对,??????????,https://danbooru.donmai.us/wiki_pages/loose_clothes,ok
639779,mechanical_tail,0,2336,机械尾巴,,assistant_category0_draft,待校对,??????????,https://danbooru.donmai.us/wiki_pages/mechanical_tail,ok
1606641,black_male_underwear,0,2315,黑色男性内衣,,assistant_category0_draft,待校对,??????????,https://danbooru.donmai.us/wiki_pages/black_male_underwear,ok
1781330,nijigasaki_academy_school_uniform,0,2305,nijigasaki学院学校制服,,assistant_category0_draft,待校对,??????????,https://danbooru.donmai.us/wiki_pages/nijigasaki_academy_school_uniform,not_found
1378645,constellation_print,0,2289,星座印花,,assistant_category0_draft,待校对,??????????,https://danbooru.donmai.us/wiki_pages/constellation_print,ok
1454154,black_pubic_hair,0,2281,黑色阴毛头发,,assistant_category0_draft,待校对,??????????,https://danbooru.donmai.us/wiki_pages/black_pubic_hair,ok
1826631,tracen_training_uniform,0,2280,特雷森训练制服,,assistant_category0_draft,待校对,??????????,https://danbooru.donmai.us/wiki_pages/tracen_training_uniform,ok
991822,blue_eyeshadow,0,2279,蓝色眼影,,assistant_category0_draft,待校对,??????????,https://danbooru.donmai.us/wiki_pages/blue_eyeshadow,ok
642312,handsfree_ejaculation,0,2277,免手射精,,assistant_category0_draft,待校对,??????????,https://danbooru.donmai.us/wiki_pages/handsfree_ejaculation,ok
548540,puckered_anus,0,2277,收紧肛门,,assistant_category0_draft,待校对,??????????,https://danbooru.donmai.us/wiki_pages/puckered_anus,ok
470025,open_pants,0,2273,张开裤子,,assistant_category0_draft,待校对,??????????,https://danbooru.donmai.us/wiki_pages/open_pants,ok
1339894,fishnet_top,0,2273,网眼上衣,,assistant_category0_draft,待校对,??????????,https://danbooru.donmai.us/wiki_pages/fishnet_top,ok
1478253,drop_earrings,0,2271,水滴耳环,,assistant_category0_draft,待校对,??????????,https://danbooru.donmai.us/wiki_pages/drop_earrings,ok
1636694,sleeve_garter,0,2265,袖子吊袜带,,assistant_category0_draft,待校对,??????????,https://danbooru.donmai.us/wiki_pages/sleeve_garter,ok
585203,veiny_breasts,0,2265,青筋乳房,,assistant_category0_draft,待校对,??????????,https://danbooru.donmai.us/wiki_pages/veiny_breasts,ok
1768621,heart_o-ring,0,2265,心形O形戒指,,assistant_category0_draft,待校对,??????????,https://danbooru.donmai.us/wiki_pages/heart_o-ring,ok
1440529,two-tone_ribbon,0,2263,双色缎带,,assistant_category0_draft,待校对,??????????,https://danbooru.donmai.us/wiki_pages/two-tone_ribbon,ok
1455250,chest_strap,0,2262,胸口带子,,assistant_category0_draft,待校对,??????????,https://danbooru.donmai.us/wiki_pages/chest_strap,ok
1675931,kalashnikov_rifle,0,2262,kalashnikov步枪,,assistant_category0_draft,待校对,??????????,https://danbooru.donmai.us/wiki_pages/kalashnikov_rifle,ok
14637,tight_shirt,0,2259,紧身衬衫,,assistant_category0_draft,待校对,??????????,https://danbooru.donmai.us/wiki_pages/tight_shirt,ok
1321158,brown_necktie,0,2257,棕色领带,,assistant_category0_draft,待校对,??????????,https://danbooru.donmai.us/wiki_pages/brown_necktie,ok
495020,crazy_smile,0,2252,疯狂微笑,,assistant_category0_draft,待校对,??????????,https://danbooru.donmai.us/wiki_pages/crazy_smile,ok
1496652,gold_hairband,0,2248,金色发箍,,assistant_category0_draft,待校对,??????????,https://danbooru.donmai.us/wiki_pages/gold_hairband,ok
843166,yellow_hoodie,0,2246,黄色连帽衫,,assistant_category0_draft,待校对,??????????,https://danbooru.donmai.us/wiki_pages/yellow_hoodie,ok
1484368,white_bag,0,2242,白色包,,assistant_category0_draft,待校对,??????????,https://danbooru.donmai.us/wiki_pages/white_bag,ok
1495030,red-tinted_eyewear,0,2242,红色染色眼镜,,assistant_category0_draft,待校对,??????????,https://danbooru.donmai.us/wiki_pages/red-tinted_eyewear,ok
1329387,deviantart_username,0,2240,deviantart用户名,,assistant_category0_draft,待校对,??????????,https://danbooru.donmai.us/wiki_pages/deviantart_username,ok
1504868,eyebrow_cut,0,2240,眉毛切口,,assistant_category0_draft,待校对,??????????,https://danbooru.donmai.us/wiki_pages/eyebrow_cut,ok
1452744,collared_coat,0,2238,带衣领外套,,assistant_category0_draft,待校对,??????????,https://danbooru.donmai.us/wiki_pages/collared_coat,ok
565996,goat_ears,0,2237,山羊耳朵,,assistant_category0_draft,待校对,??????????,https://danbooru.donmai.us/wiki_pages/goat_ears,ok
1464685,collared_cape,0,2235,带衣领披风,,assistant_category0_draft,待校对,??????????,https://danbooru.donmai.us/wiki_pages/collared_cape,ok
1314693,grey_scarf,0,2230,灰色围巾,,assistant_category0_draft,待校对,??????????,https://danbooru.donmai.us/wiki_pages/grey_scarf,ok
1344701,grey_border,0,2230,灰色边框,,assistant_category0_draft,待校对,??????????,https://danbooru.donmai.us/wiki_pages/grey_border,ok
1853211,single_hair_ring,0,2230,单侧头发戒指,,assistant_category0_draft,待校对,??????????,https://danbooru.donmai.us/wiki_pages/single_hair_ring,ok
1492898,green_sleeves,0,2225,绿色袖子,,assistant_category0_draft,待校对,??????????,https://danbooru.donmai.us/wiki_pages/green_sleeves,ok
1369179,orange_fur,0,2222,橙色毛皮,,assistant_category0_draft,待校对,??????????,https://danbooru.donmai.us/wiki_pages/orange_fur,ok
445622,leopard_ears,0,2213,豹纹耳朵,,assistant_category0_draft,待校对,??????????,https://danbooru.donmai.us/wiki_pages/leopard_ears,ok
1770613,purple_gemstone,0,2210,紫色宝石,,assistant_category0_draft,待校对,??????????,https://danbooru.donmai.us/wiki_pages/purple_gemstone,not_found
1076157,futanari_masturbation,0,2209,扶她自慰,,assistant_category0_draft,待校对,??????????,https://danbooru.donmai.us/wiki_pages/futanari_masturbation,ok
1582504,scar_on_neck,0,2208,脖子上的伤疤,,assistant_category0_draft,待校对,??????????,https://danbooru.donmai.us/wiki_pages/scar_on_neck,ok
1383063,clover_print,0,2205,四叶草印花,,assistant_category0_draft,待校对,??????????,https://danbooru.donmai.us/wiki_pages/clover_print,ok
1824446,lycoris_uniform,0,2202,lycoris制服,,assistant_category0_draft,待校对,??????????,https://danbooru.donmai.us/wiki_pages/lycoris_uniform,ok
473421,pink_socks,0,2198,粉色袜子,,assistant_category0_draft,待校对,??????????,https://danbooru.donmai.us/wiki_pages/pink_socks,ok
1378370,black_buruma,0,2197,黑色灯笼裤,,assistant_category0_draft,待校对,??????????,https://danbooru.donmai.us/wiki_pages/black_buruma,ok
679014,greatsword,0,2189,大剑,,assistant_category0_draft,待校对,??????????,https://danbooru.donmai.us/wiki_pages/greatsword,ok
705551,pixiv_id,0,2181,PixivID,,assistant_category0_draft,待校对,??????????,https://danbooru.donmai.us/wiki_pages/pixiv_id,ok
1399019,multicolored_fur,0,2179,多色毛皮,,assistant_category0_draft,待校对,??????????,https://danbooru.donmai.us/wiki_pages/multicolored_fur,ok
892083,green_apron,0,2174,绿色围裙,,assistant_category0_draft,待校对,??????????,https://danbooru.donmai.us/wiki_pages/green_apron,ok
543247,eyebrow_piercing,0,2167,眉毛穿孔,,assistant_category0_draft,待校对,??????????,https://danbooru.donmai.us/wiki_pages/eyebrow_piercing,ok
1039289,gold_necklace,0,2163,金色项链,,assistant_category0_draft,待校对,??????????,https://danbooru.donmai.us/wiki_pages/gold_necklace,ok
590886,bird_legs,0,2158,鸟腿,,assistant_category0_draft,待校对,??????????,https://danbooru.donmai.us/wiki_pages/bird_legs,ok
485953,puffy_pants,0,2154,蓬松裤子,,assistant_category0_draft,待校对,??????????,https://danbooru.donmai.us/wiki_pages/puffy_pants,ok
1568979,plaid_headwear,0,2152,格子头饰,,assistant_category0_draft,待校对,??????????,https://danbooru.donmai.us/wiki_pages/plaid_headwear,ok
603414,space_helmet,0,2152,太空头盔,,assistant_category0_draft,待校对,??????????,https://danbooru.donmai.us/wiki_pages/space_helmet,ok
512928,white_tail,0,2151,白色尾巴,,assistant_category0_draft,待校对,??????????,https://danbooru.donmai.us/wiki_pages/white_tail,ok
644441,fiery_hair,0,2143,火焰般头发,,assistant_category0_draft,待校对,??????????,https://danbooru.donmai.us/wiki_pages/fiery_hair,ok
1624910,sidepec,0,2143,sidepec,,assistant_category0_draft,待校对,??????????,https://danbooru.donmai.us/wiki_pages/sidepec,ok
1349615,red_fur,0,2141,红色毛皮,,assistant_category0_draft,待校对,??????????,https://danbooru.donmai.us/wiki_pages/red_fur,ok
617246,leather_belt,0,2139,皮革腰带,,assistant_category0_draft,待校对,??????????,https://danbooru.donmai.us/wiki_pages/leather_belt,ok
1721304,dyed_bangs,0,2120,染色刘海,,assistant_category0_draft,待校对,??????????,https://danbooru.donmai.us/wiki_pages/dyed_bangs,not_found
662800,fake_antlers,0,2115,假的鹿角,,assistant_category0_draft,待校对,??????????,https://danbooru.donmai.us/wiki_pages/fake_antlers,ok
699609,frilled_cuffs,0,2114,褶边袖口,,assistant_category0_draft,待校对,??????????,https://danbooru.donmai.us/wiki_pages/frilled_cuffs,ok
1901538,scissor_blade_(kill_la_kill),0,2113,剪刀刀刃,,assistant_category0_draft,待校对,??????????,https://danbooru.donmai.us/wiki_pages/scissor_blade_%28kill_la_kill%29,ok
1713028,two-tone_bowtie,0,2111,双色领结,,assistant_category0_draft,待校对,??????????,https://danbooru.donmai.us/wiki_pages/two-tone_bowtie,ok
673730,palm_leaf,0,2109,手掌叶子,,assistant_category0_draft,待校对,??????????,https://danbooru.donmai.us/wiki_pages/palm_leaf,ok
1265860,pink_blood,0,2107,粉色血,,assistant_category0_draft,待校对,??????????,https://danbooru.donmai.us/wiki_pages/pink_blood,ok
1279653,holding_brush,0,2105,拿着刷子,,assistant_category0_draft,待校对,??????????,https://danbooru.donmai.us/wiki_pages/holding_brush,ok
708792,checkered_necktie,0,2098,棋盘格领带,,assistant_category0_draft,待校对,??????????,https://danbooru.donmai.us/wiki_pages/checkered_necktie,ok
1400049,on_bench,0,2096,在长椅,,assistant_category0_draft,待校对,??????????,https://danbooru.donmai.us/wiki_pages/on_bench,ok
1686527,jack-o'_challenge,0,2094,插孔O形挑战,,assistant_category0_draft,待校对,??????????,https://danbooru.donmai.us/wiki_pages/jack-o%27_challenge,ok
1419859,fur-trimmed_cloak,0,2085,毛皮镶边斗篷,,assistant_category0_draft,待校对,??????????,https://danbooru.donmai.us/wiki_pages/fur-trimmed_cloak,ok
1323483,fangs_out,0,2081,尖牙外,,assistant_category0_draft,待校对,??????????,https://danbooru.donmai.us/wiki_pages/fangs_out,ok
721724,gold_bracelet,0,2081,金色手镯,,assistant_category0_draft,待校对,??????????,https://danbooru.donmai.us/wiki_pages/gold_bracelet,ok
1470700,black_undershirt,0,2078,黑色内衬衫,,assistant_category0_draft,待校对,??????????,https://danbooru.donmai.us/wiki_pages/black_undershirt,ok
547081,incoming_attack,0,2075,袭来攻击,,assistant_category0_draft,待校对,??????????,https://danbooru.donmai.us/wiki_pages/incoming_attack,ok
1489808,poke_ball_symbol,0,2072,戳球符号,,assistant_category0_draft,待校对,??????????,https://danbooru.donmai.us/wiki_pages/poke_ball_symbol,ok
1324692,pink_fur,0,2072,粉色毛皮,,assistant_category0_draft,待校对,??????????,https://danbooru.donmai.us/wiki_pages/pink_fur,ok
465863,cum_on_legs,0,2071,精液在腿,,assistant_category0_draft,待校对,??????????,https://danbooru.donmai.us/wiki_pages/cum_on_legs,ok
1438305,holding_baseball_bat,0,2064,拿着棒球蝙蝠,,assistant_category0_draft,待校对,??????????,https://danbooru.donmai.us/wiki_pages/holding_baseball_bat,ok
1441880,hand_on_eyewear,0,2063,手放在眼镜上,,assistant_category0_draft,待校对,??????????,https://danbooru.donmai.us/wiki_pages/hand_on_eyewear,ok
550124,sitting_in_tree,0,2056,坐着在内树,,assistant_category0_draft,待校对,??????????,https://danbooru.donmai.us/wiki_pages/sitting_in_tree,ok
660778,knees_apart_feet_together,0,2048,膝盖分开脚一起,,assistant_category0_draft,待校对,??????????,https://danbooru.donmai.us/wiki_pages/knees_apart_feet_together,ok
1258088,ribbon-trimmed_clothes,0,2047,缎带镶边服装,,assistant_category0_draft,待校对,??????????,https://danbooru.donmai.us/wiki_pages/ribbon-trimmed_clothes,ok
1363208,blue_bag,0,2044,蓝色包,,assistant_category0_draft,待校对,??????????,https://danbooru.donmai.us/wiki_pages/blue_bag,ok
1405177,purple_belt,0,2041,紫色腰带,,assistant_category0_draft,待校对,??????????,https://danbooru.donmai.us/wiki_pages/purple_belt,ok
411198,leg_hold,0,2040,腿握住,,assistant_category0_draft,待校对,??????????,https://danbooru.donmai.us/wiki_pages/leg_hold,ok
1648167,x-shaped_pupils,0,2039,X形形瞳孔,,assistant_category0_draft,待校对,??????????,https://danbooru.donmai.us/wiki_pages/x-shaped_pupils,ok
486968,red_bandana,0,2037,红色头巾,,assistant_category0_draft,待校对,??????????,https://danbooru.donmai.us/wiki_pages/red_bandana,ok
684567,looking_at_mirror,0,2032,看向镜子,,assistant_category0_draft,待校对,??????????,https://danbooru.donmai.us/wiki_pages/looking_at_mirror,ok
1413210,blue_collar,0,2029,蓝色衣领,,assistant_category0_draft,待校对,??????????,https://danbooru.donmai.us/wiki_pages/blue_collar,ok
1426521,white_veil,0,2025,白色面纱,,assistant_category0_draft,待校对,??????????,https://danbooru.donmai.us/wiki_pages/white_veil,ok
467618,belt_bra,0,2023,腰带胸罩,,assistant_category0_draft,待校对,??????????,https://danbooru.donmai.us/wiki_pages/belt_bra,ok
1561753,yellow_armband,0,2023,黄色臂章,,assistant_category0_draft,待校对,??????????,https://danbooru.donmai.us/wiki_pages/yellow_armband,ok
500760,flower_ornament,0,2018,花饰品,,assistant_category0_draft,待校对,??????????,https://danbooru.donmai.us/wiki_pages/flower_ornament,ok
1238376,multicolored_shirt,0,1999,多色衬衫,,assistant_category0_draft,待校对,??????????,https://danbooru.donmai.us/wiki_pages/multicolored_shirt,ok
8989,viera,0,1998,viera,,assistant_category0_draft,待校对,??????????,https://danbooru.donmai.us/wiki_pages/viera,ok
534991,pillbox_hat,0,1997,船形帽帽子,,assistant_category0_draft,待校对,??????????,https://danbooru.donmai.us/wiki_pages/pillbox_hat,ok
544443,penis_out,0,1995,阴茎外,,assistant_category0_draft,待校对,??????????,https://danbooru.donmai.us/wiki_pages/penis_out,ok
526083,brown_socks,0,1995,棕色袜子,,assistant_category0_draft,待校对,??????????,https://danbooru.donmai.us/wiki_pages/brown_socks,ok
1283900,single_fingerless_glove,0,1993,单侧露指手套,,assistant_category0_draft,待校对,??????????,https://danbooru.donmai.us/wiki_pages/single_fingerless_glove,ok
1490146,yellow_horns,0,1990,黄色角,,assistant_category0_draft,待校对,??????????,https://danbooru.donmai.us/wiki_pages/yellow_horns,ok
507379,yellow_belt,0,1987,黄色腰带,,assistant_category0_draft,待校对,??????????,https://danbooru.donmai.us/wiki_pages/yellow_belt,ok
1806377,homurahara_academy_school_uniform,0,1983,homurahara学院学校制服,,assistant_category0_draft,待校对,??????????,https://danbooru.donmai.us/wiki_pages/homurahara_academy_school_uniform,not_found
671484,stuffed_shark,0,1979,毛绒鲨鱼,,assistant_category0_draft,待校对,??????????,https://danbooru.donmai.us/wiki_pages/stuffed_shark,ok
1657712,veiny_arms,0,1977,青筋手臂,,assistant_category0_draft,待校对,??????????,https://danbooru.donmai.us/wiki_pages/veiny_arms,ok
2006757,unworn_bikini_top,0,1972,未穿戴的比基尼上衣,,assistant_category0_draft,待校对,??????????,https://danbooru.donmai.us/wiki_pages/unworn_bikini_top,ok
670994,chocolate_on_body,0,1967,巧克力在身体,,assistant_category0_draft,待校对,??????????,https://danbooru.donmai.us/wiki_pages/chocolate_on_body,ok
504308,redesign,0,1962,再设计,,assistant_category0_draft,待校对,??????????,https://danbooru.donmai.us/wiki_pages/redesign,ok
1410489,shower_(place),0,1959,淋浴,,assistant_category0_draft,待校对,??????????,https://danbooru.donmai.us/wiki_pages/shower_%28place%29,ok
1361800,bow_earrings,0,1959,蝴蝶结耳环,,assistant_category0_draft,待校对,??????????,https://danbooru.donmai.us/wiki_pages/bow_earrings,ok
1339824,cropped_hoodie,0,1958,短款连帽衫,,assistant_category0_draft,待校对,??????????,https://danbooru.donmai.us/wiki_pages/cropped_hoodie,ok
1365638,bandaid_on_hand,0,1954,手上的创可贴,,assistant_category0_draft,待校对,??????????,https://danbooru.donmai.us/wiki_pages/bandaid_on_hand,ok
1761435,onee-loli,0,1953,姐姐萝莉,,assistant_category0_draft,待校对,??????????,https://danbooru.donmai.us/wiki_pages/onee-loli,ok
1637102,doughnut_hair_bun,0,1951,甜甜圈头发丸子头,,assistant_category0_draft,待校对,??????????,https://danbooru.donmai.us/wiki_pages/doughnut_hair_bun,not_found
1782264,sticker_on_face,0,1951,贴纸在脸,,assistant_category0_draft,待校对,??????????,https://danbooru.donmai.us/wiki_pages/sticker_on_face,ok
1372846,pink_pajamas,0,1948,粉色睡衣,,assistant_category0_draft,待校对,??????????,https://danbooru.donmai.us/wiki_pages/pink_pajamas,ok
1293722,bandaged_neck,0,1945,缠绷带的脖子,,assistant_category0_draft,待校对,??????????,https://danbooru.donmai.us/wiki_pages/bandaged_neck,ok
1637843,crescent_facial_mark,0,1942,新月脸部标记,,assistant_category0_draft,待校对,??????????,https://danbooru.donmai.us/wiki_pages/crescent_facial_mark,ok
1265402,heart_balloon,0,1941,心形气球,,assistant_category0_draft,待校对,??????????,https://danbooru.donmai.us/wiki_pages/heart_balloon,ok
10399,x,0,1939,X形,,assistant_category0_draft,待校对,??????????,https://danbooru.donmai.us/wiki_pages/x,not_found
1402459,blue_cloak,0,1937,蓝色斗篷,,assistant_category0_draft,待校对,??????????,https://danbooru.donmai.us/wiki_pages/blue_cloak,ok
1501189,stitched_face,0,1937,缝线脸,,assistant_category0_draft,待校对,??????????,https://danbooru.donmai.us/wiki_pages/stitched_face,ok
760104,hand_on_another's_waist,0,1932,手放在他人腰上,,assistant_category0_draft,待校对,??????????,https://danbooru.donmai.us/wiki_pages/hand_on_another%27s_waist,ok
394997,sweatpants,0,1927,运动裤,,assistant_category0_draft,待校对,??????????,https://danbooru.donmai.us/wiki_pages/sweatpants,ok
1442004,eyewear_on_headwear,0,1925,眼镜在头饰,,assistant_category0_draft,待校对,??????????,https://danbooru.donmai.us/wiki_pages/eyewear_on_headwear,ok
1514129,sunburst_background,0,1923,放射光背景,,assistant_category0_draft,待校对,??????????,https://danbooru.donmai.us/wiki_pages/sunburst_background,ok
1488134,brown_horns,0,1922,棕色角,,assistant_category0_draft,待校对,??????????,https://danbooru.donmai.us/wiki_pages/brown_horns,ok
1684797,grabbing_another's_chin,0,1920,抓住他人下巴,,assistant_category0_draft,待校对,??????????,https://danbooru.donmai.us/wiki_pages/grabbing_another%27s_chin,ok
612104,respirator,0,1918,呼吸器,,assistant_category0_draft,待校对,??????????,https://danbooru.donmai.us/wiki_pages/respirator,ok
2006761,unworn_boots,0,1918,未穿戴的靴子,,assistant_category0_draft,待校对,??????????,https://danbooru.donmai.us/wiki_pages/unworn_boots,ok
1598686,male_playboy_bunny,0,1902,男性花花公子兔女郎,,assistant_category0_draft,待校对,??????????,https://danbooru.donmai.us/wiki_pages/male_playboy_bunny,ok
537025,thigh_belt,0,1898,大腿腰带,,assistant_category0_draft,待校对,??????????,https://danbooru.donmai.us/wiki_pages/thigh_belt,ok
1414657,purple_capelet,0,1892,紫色小披肩,,assistant_category0_draft,待校对,??????????,https://danbooru.donmai.us/wiki_pages/purple_capelet,ok
1304063,yellow_bag,0,1891,黄色包,,assistant_category0_draft,待校对,??????????,https://danbooru.donmai.us/wiki_pages/yellow_bag,ok
1373454,instagram_username,0,1890,Instagram用户名,,assistant_category0_draft,待校对,??????????,https://danbooru.donmai.us/wiki_pages/instagram_username,ok
1467809,3others,0,1889,3others,,assistant_category0_draft,待校对,??????????,https://danbooru.donmai.us/wiki_pages/3others,ok
2075818,nike_(company),0,1884,nike,,assistant_category0_draft,待校对,??????????,https://danbooru.donmai.us/wiki_pages/nike_%28company%29,ok
1376893,pink_eyeshadow,0,1882,粉色眼影,,assistant_category0_draft,待校对,??????????,https://danbooru.donmai.us/wiki_pages/pink_eyeshadow,ok
1678267,palette_(object),0,1880,调色板,,assistant_category0_draft,待校对,??????????,https://danbooru.donmai.us/wiki_pages/palette_%28object%29,not_found
615369,blue_sclera,0,1877,蓝色巩膜,,assistant_category0_draft,待校对,??????????,https://danbooru.donmai.us/wiki_pages/blue_sclera,ok
661864,pink_belt,0,1874,粉色腰带,,assistant_category0_draft,待校对,??????????,https://danbooru.donmai.us/wiki_pages/pink_belt,ok
395436,reindeer_costume,0,1873,驯鹿服装,,assistant_category0_draft,待校对,??????????,https://danbooru.donmai.us/wiki_pages/reindeer_costume,ok
1258091,ribbon-trimmed_collar,0,1870,缎带镶边衣领,,assistant_category0_draft,待校对,??????????,https://danbooru.donmai.us/wiki_pages/ribbon-trimmed_collar,ok
1262922,head_on_another's_shoulder,0,1861,头在他人肩,,assistant_category0_draft,待校对,??????????,https://danbooru.donmai.us/wiki_pages/head_on_another%27s_shoulder,ok
1835746,pink_one-piece_swimsuit,0,1860,粉色单件泳装,,assistant_category0_draft,待校对,??????????,https://danbooru.donmai.us/wiki_pages/pink_one-piece_swimsuit,ok
1307726,magatama_earrings,0,1860,勾玉耳环,,assistant_category0_draft,待校对,??????????,https://danbooru.donmai.us/wiki_pages/magatama_earrings,ok
663896,hand_on_another's_neck,0,1858,手放在他人脖子上,,assistant_category0_draft,待校对,??????????,https://danbooru.donmai.us/wiki_pages/hand_on_another%27s_neck,ok
1349162,holding_balloon,0,1858,拿着气球,,assistant_category0_draft,待校对,??????????,https://danbooru.donmai.us/wiki_pages/holding_balloon,ok
1464853,blue-tinted_eyewear,0,1857,蓝色染色眼镜,,assistant_category0_draft,待校对,??????????,https://danbooru.donmai.us/wiki_pages/blue-tinted_eyewear,ok
1328688,moon_(ornament),0,1856,月亮,,assistant_category0_draft,待校对,??????????,https://danbooru.donmai.us/wiki_pages/moon_%28ornament%29,ok
1924272,buttoned_cuffs,0,1855,扣上的袖口,,assistant_category0_draft,待校对,??????????,https://danbooru.donmai.us/wiki_pages/buttoned_cuffs,ok
444634,torn,0,1853,破损,,assistant_category0_draft,待校对,??????????,https://danbooru.donmai.us/wiki_pages/torn,ok
1185237,hair_in_own_mouth,0,1849,头发在内自己的嘴,,assistant_category0_draft,待校对,??????????,https://danbooru.donmai.us/wiki_pages/hair_in_own_mouth,ok
1672391,viewer_holding_leash,0,1848,观者拿着牵绳,,assistant_category0_draft,待校对,??????????,https://danbooru.donmai.us/wiki_pages/viewer_holding_leash,ok
723185,stone_floor,0,1838,石头地板,,assistant_category0_draft,待校对,??????????,https://danbooru.donmai.us/wiki_pages/stone_floor,ok
671725,purple_eyeshadow,0,1837,紫色眼影,,assistant_category0_draft,待校对,??????????,https://danbooru.donmai.us/wiki_pages/purple_eyeshadow,ok
1326209,yellow_sash,0,1836,黄色饰带,,assistant_category0_draft,待校对,??????????,https://danbooru.donmai.us/wiki_pages/yellow_sash,ok
995808,penis_size_difference,0,1836,阴茎尺寸差分,,assistant_category0_draft,待校对,??????????,https://danbooru.donmai.us/wiki_pages/penis_size_difference,ok
1791857,painting_(action),0,1829,绘画,,assistant_category0_draft,待校对,??????????,https://danbooru.donmai.us/wiki_pages/painting_%28action%29,ok
705858,partially_underwater_shot,0,1826,部分水下镜头,,assistant_category0_draft,待校对,??????????,https://danbooru.donmai.us/wiki_pages/partially_underwater_shot,ok
1367101,holding_scissors,0,1826,拿着剪刀,,assistant_category0_draft,待校对,??????????,https://danbooru.donmai.us/wiki_pages/holding_scissors,ok
1399177,brown_cloak,0,1821,棕色斗篷,,assistant_category0_draft,待校对,??????????,https://danbooru.donmai.us/wiki_pages/brown_cloak,ok
414232,cum_on_hands,0,1820,精液在手,,assistant_category0_draft,待校对,??????????,https://danbooru.donmai.us/wiki_pages/cum_on_hands,ok
1425103,body_freckles,0,1820,身体雀斑,,assistant_category0_draft,待校对,??????????,https://danbooru.donmai.us/wiki_pages/body_freckles,ok
488375,rainbow_gradient,0,1818,彩虹渐变,,assistant_category0_draft,待校对,??????????,https://danbooru.donmai.us/wiki_pages/rainbow_gradient,ok
533100,sitting_on_object,0,1817,坐着在物体,,assistant_category0_draft,待校对,??????????,https://danbooru.donmai.us/wiki_pages/sitting_on_object,ok
1302628,ace_(playing_card),0,1811,A牌,,assistant_category0_draft,待校对,??????????,https://danbooru.donmai.us/wiki_pages/ace_%28playing_card%29,ok
1317361,multicolored_bow,0,1810,多色蝴蝶结,,assistant_category0_draft,待校对,??????????,https://danbooru.donmai.us/wiki_pages/multicolored_bow,ok
1259138,mole_on_ass,0,1808,臀部上的痣,,assistant_category0_draft,待校对,??????????,https://danbooru.donmai.us/wiki_pages/mole_on_ass,ok
1537058,diamond_cutout,0,1805,菱形镂空,,assistant_category0_draft,待校对,??????????,https://danbooru.donmai.us/wiki_pages/diamond_cutout,ok
598269,kissing_forehead,0,1801,亲吻额头,,assistant_category0_draft,待校对,??????????,https://danbooru.donmai.us/wiki_pages/kissing_forehead,ok
661553,grey_belt,0,1794,灰色腰带,,assistant_category0_draft,待校对,??????????,https://danbooru.donmai.us/wiki_pages/grey_belt,ok
1465373,triangle_earrings,0,1789,三角形耳环,,assistant_category0_draft,待校对,??????????,https://danbooru.donmai.us/wiki_pages/triangle_earrings,ok
1259665,bow_choker,0,1786,蝴蝶结项圈,,assistant_category0_draft,待校对,??????????,https://danbooru.donmai.us/wiki_pages/bow_choker,ok
1478379,dress_flower,0,1784,连衣裙花,,assistant_category0_draft,待校对,??????????,https://danbooru.donmai.us/wiki_pages/dress_flower,ok
1349438,animal_bag,0,1783,动物包,,assistant_category0_draft,待校对,??????????,https://danbooru.donmai.us/wiki_pages/animal_bag,ok
1592986,rabbit_boy,0,1783,兔子男孩,,assistant_category0_draft,待校对,??????????,https://danbooru.donmai.us/wiki_pages/rabbit_boy,ok
601192,mechanical_hands,0,1783,机械手,,assistant_category0_draft,待校对,??????????,https://danbooru.donmai.us/wiki_pages/mechanical_hands,ok
1354736,green_flower,0,1782,绿色花,,assistant_category0_draft,待校对,??????????,https://danbooru.donmai.us/wiki_pages/green_flower,ok
1467811,6+others,0,1776,6+others,,assistant_category0_draft,待校对,??????????,https://danbooru.donmai.us/wiki_pages/6%2Bothers,ok
877384,hooded_robe,0,1773,带兜帽长袍,,assistant_category0_draft,待校对,??????????,https://danbooru.donmai.us/wiki_pages/hooded_robe,ok
600460,group_picture,0,1772,群组图片,,assistant_category0_draft,待校对,??????????,https://danbooru.donmai.us/wiki_pages/group_picture,ok
1494956,purple-tinted_eyewear,0,1768,紫色染色眼镜,,assistant_category0_draft,待校对,??????????,https://danbooru.donmai.us/wiki_pages/purple-tinted_eyewear,ok
618406,yellow_pants,0,1766,黄色裤子,,assistant_category0_draft,待校对,??????????,https://danbooru.donmai.us/wiki_pages/yellow_pants,ok
1318253,purple_fur,0,1766,紫色毛皮,,assistant_category0_draft,待校对,??????????,https://danbooru.donmai.us/wiki_pages/purple_fur,ok
1861756,straddling_paizuri,0,1766,跨坐乳交,,assistant_category0_draft,待校对,??????????,https://danbooru.donmai.us/wiki_pages/straddling_paizuri,ok
1399082,heart_button,0,1765,心形纽扣,,assistant_category0_draft,待校对,??????????,https://danbooru.donmai.us/wiki_pages/heart_button,ok
1377225,bruise_on_face,0,1757,淤青在脸,,assistant_category0_draft,待校对,??????????,https://danbooru.donmai.us/wiki_pages/bruise_on_face,ok
1820926,sleeveless_turtleneck_leotard,0,1756,无袖高领连体衣,,assistant_category0_draft,待校对,??????????,https://danbooru.donmai.us/wiki_pages/sleeveless_turtleneck_leotard,ok
689483,plaid_jacket,0,1756,格子夹克,,assistant_category0_draft,待校对,??????????,https://danbooru.donmai.us/wiki_pages/plaid_jacket,ok
1411229,orange_neckerchief,0,1752,橙色领巾,,assistant_category0_draft,待校对,??????????,https://danbooru.donmai.us/wiki_pages/orange_neckerchief,ok
1516826,drinking_straw_in_mouth,0,1748,喝吸管在内嘴,,assistant_category0_draft,待校对,??????????,https://danbooru.donmai.us/wiki_pages/drinking_straw_in_mouth,ok
1440480,holding_water_gun,0,1747,拿着水枪,,assistant_category0_draft,待校对,??????????,https://danbooru.donmai.us/wiki_pages/holding_water_gun,ok
1386173,pixiv_username,0,1747,Pixiv用户名,,assistant_category0_draft,待校对,??????????,https://danbooru.donmai.us/wiki_pages/pixiv_username,ok
656250,arm_between_breasts,0,1746,手臂之间乳房,,assistant_category0_draft,待校对,??????????,https://danbooru.donmai.us/wiki_pages/arm_between_breasts,ok
1553320,two-tone_headwear,0,1746,双色头饰,,assistant_category0_draft,待校对,??????????,https://danbooru.donmai.us/wiki_pages/two-tone_headwear,ok
1349919,brown_bowtie,0,1746,棕色领结,,assistant_category0_draft,待校对,??????????,https://danbooru.donmai.us/wiki_pages/brown_bowtie,ok
781851,user_interface,0,1741,用户界面,,assistant_category0_draft,待校对,??????????,https://danbooru.donmai.us/wiki_pages/user_interface,ok
578544,leg_armor,0,1738,腿盔甲,,assistant_category0_draft,待校对,??????????,https://danbooru.donmai.us/wiki_pages/leg_armor,ok
405498,panda_ears,0,1738,熊猫耳朵,,assistant_category0_draft,待校对,??????????,https://danbooru.donmai.us/wiki_pages/panda_ears,ok
1295529,frilled_shorts,0,1735,褶边短裤,,assistant_category0_draft,待校对,??????????,https://danbooru.donmai.us/wiki_pages/frilled_shorts,ok
815986,fortissimo,0,1732,fortissimo,,assistant_category0_draft,待校对,??????????,https://danbooru.donmai.us/wiki_pages/fortissimo,ok
1282898,cloth_gag,0,1727,布堵嘴,,assistant_category0_draft,待校对,??????????,https://danbooru.donmai.us/wiki_pages/cloth_gag,ok
1886311,in-franchise_crossover,0,1716,在内系列作品联动,,assistant_category0_draft,待校对,??????????,https://danbooru.donmai.us/wiki_pages/in-franchise_crossover,ok
1504221,purple_tail,0,1712,紫色尾巴,,assistant_category0_draft,待校对,??????????,https://danbooru.donmai.us/wiki_pages/purple_tail,ok
1409470,multicolored_coat,0,1709,多色外套,,assistant_category0_draft,待校对,??????????,https://danbooru.donmai.us/wiki_pages/multicolored_coat,ok
1443767,team_rocket_uniform,0,1709,团队火箭制服,,assistant_category0_draft,待校对,??????????,https://danbooru.donmai.us/wiki_pages/team_rocket_uniform,ok
1797270,colored_shoe_soles,0,1707,有色鞋脚底,,assistant_category0_draft,待校对,??????????,https://danbooru.donmai.us/wiki_pages/colored_shoe_soles,ok
1791399,neck_fur,0,1706,脖子毛皮,,assistant_category0_draft,待校对,??????????,https://danbooru.donmai.us/wiki_pages/neck_fur,ok
1328687,earth_(ornament),0,1706,地球,,assistant_category0_draft,待校对,??????????,https://danbooru.donmai.us/wiki_pages/earth_%28ornament%29,ok
251194,gym,0,1702,体育馆,,assistant_category0_draft,待校对,??????????,https://danbooru.donmai.us/wiki_pages/gym,ok
1531641,light_blue_background,0,1702,浅色蓝色背景,,assistant_category0_draft,待校对,??????????,https://danbooru.donmai.us/wiki_pages/light_blue_background,ok
1940710,mustache_stubble,0,1702,胡子胡茬,,assistant_category0_draft,待校对,??????????,https://danbooru.donmai.us/wiki_pages/mustache_stubble,ok
2006135,greco-roman_clothes,0,1701,希腊罗马服装,,assistant_category0_draft,待校对,??????????,https://danbooru.donmai.us/wiki_pages/greco-roman_clothes,ok
600052,butterfly_on_hand,0,1701,蝴蝶在手,,assistant_category0_draft,待校对,??????????,https://danbooru.donmai.us/wiki_pages/butterfly_on_hand,ok
1542756,turtleneck_leotard,0,1699,高领连体衣,,assistant_category0_draft,待校对,??????????,https://danbooru.donmai.us/wiki_pages/turtleneck_leotard,ok
1235654,gradient_clothes,0,1693,渐变服装,,assistant_category0_draft,待校对,??????????,https://danbooru.donmai.us/wiki_pages/gradient_clothes,ok
1340897,blue_feathers,0,1693,蓝色羽毛,,assistant_category0_draft,待校对,??????????,https://danbooru.donmai.us/wiki_pages/blue_feathers,ok
478497,sleep_mask,0,1691,睡眠面具,,assistant_category0_draft,待校对,??????????,https://danbooru.donmai.us/wiki_pages/sleep_mask,ok
2006849,unworn_bag,0,1689,未穿戴的包,,assistant_category0_draft,待校对,??????????,https://danbooru.donmai.us/wiki_pages/unworn_bag,ok
1427360,gold_choker,0,1680,金色项圈,,assistant_category0_draft,待校对,??????????,https://danbooru.donmai.us/wiki_pages/gold_choker,ok
11998,open_robe,0,1678,张开长袍,,assistant_category0_draft,待校对,??????????,https://danbooru.donmai.us/wiki_pages/open_robe,ok
698204,multiple_piercings,0,1676,多个穿孔,,assistant_category0_draft,待校对,??????????,https://danbooru.donmai.us/wiki_pages/multiple_piercings,ok
1641153,icho_private_high_school_uniform,0,1676,icho私立高学校制服,,assistant_category0_draft,待校对,??????????,https://danbooru.donmai.us/wiki_pages/icho_private_high_school_uniform,ok
1874891,object_through_head,0,1669,物体过头,,assistant_category0_draft,待校对,??????????,https://danbooru.donmai.us/wiki_pages/object_through_head,ok
1582502,scar_on_stomach,0,1668,腹部上的伤疤,,assistant_category0_draft,待校对,??????????,https://danbooru.donmai.us/wiki_pages/scar_on_stomach,ok
1334561,loose_bowtie,0,1665,宽松领结,,assistant_category0_draft,待校对,??????????,https://danbooru.donmai.us/wiki_pages/loose_bowtie,ok
632801,blue_tongue,0,1659,蓝色舌头,,assistant_category0_draft,待校对,??????????,https://danbooru.donmai.us/wiki_pages/blue_tongue,ok
2006764,unworn_sandals,0,1656,未穿戴的凉鞋,,assistant_category0_draft,待校对,??????????,https://danbooru.donmai.us/wiki_pages/unworn_sandals,ok
1347286,yellow_coat,0,1654,黄色外套,,assistant_category0_draft,待校对,??????????,https://danbooru.donmai.us/wiki_pages/yellow_coat,ok
558489,white_armor,0,1654,白色盔甲,,assistant_category0_draft,待校对,??????????,https://danbooru.donmai.us/wiki_pages/white_armor,ok
411563,forked_tongue,0,1653,分叉舌头,,assistant_category0_draft,待校对,??????????,https://danbooru.donmai.us/wiki_pages/forked_tongue,ok
1465616,eyewear_strap,0,1653,眼镜带子,,assistant_category0_draft,待校对,??????????,https://danbooru.donmai.us/wiki_pages/eyewear_strap,ok
1859633,a_certain_high_school_uniform,0,1651,a某个高学校制服,,assistant_category0_draft,待校对,??????????,https://danbooru.donmai.us/wiki_pages/a_certain_high_school_uniform,ok
1353065,falling_feathers,0,1647,下落羽毛,,assistant_category0_draft,待校对,??????????,https://danbooru.donmai.us/wiki_pages/falling_feathers,ok
1981666,gun_sling,0,1646,枪吊带,,assistant_category0_draft,待校对,??????????,https://danbooru.donmai.us/wiki_pages/gun_sling,ok
456305,pink_pantyhose,0,1644,粉色连裤袜,,assistant_category0_draft,待校对,??????????,https://danbooru.donmai.us/wiki_pages/pink_pantyhose,ok
1481466,purple_horns,0,1644,紫色角,,assistant_category0_draft,待校对,??????????,https://danbooru.donmai.us/wiki_pages/purple_horns,ok
721466,pointy_nose,0,1643,尖鼻子,,assistant_category0_draft,待校对,??????????,https://danbooru.donmai.us/wiki_pages/pointy_nose,ok
1682706,phoenix_crown,0,1641,凤凰王冠,,assistant_category0_draft,待校对,??????????,https://danbooru.donmai.us/wiki_pages/phoenix_crown,ok
891632,artificial_eye,0,1638,人造眼睛,,assistant_category0_draft,待校对,??????????,https://danbooru.donmai.us/wiki_pages/artificial_eye,ok
2006759,unworn_gloves,0,1636,未穿戴的手套,,assistant_category0_draft,待校对,??????????,https://danbooru.donmai.us/wiki_pages/unworn_gloves,ok
711344,hand_on_own_shoulder,0,1635,手放在自己的肩上,,assistant_category0_draft,待校对,??????????,https://danbooru.donmai.us/wiki_pages/hand_on_own_shoulder,ok
1925772,volleyball_(object),0,1632,排球,,assistant_category0_draft,待校对,??????????,https://danbooru.donmai.us/wiki_pages/volleyball_%28object%29,ok
1665347,full-body_tattoo,0,1630,全身体纹身,,assistant_category0_draft,待校对,??????????,https://danbooru.donmai.us/wiki_pages/full-body_tattoo,ok
1845182,guiding_hand,0,1629,引导手,,assistant_category0_draft,待校对,??????????,https://danbooru.donmai.us/wiki_pages/guiding_hand,ok
1327857,red_apron,0,1629,红色围裙,,assistant_category0_draft,待校对,??????????,https://danbooru.donmai.us/wiki_pages/red_apron,ok
1023597,large_hands,0,1628,大手,,assistant_category0_draft,待校对,??????????,https://danbooru.donmai.us/wiki_pages/large_hands,ok
1518587,striped_headwear,0,1628,条纹头饰,,assistant_category0_draft,待校对,??????????,https://danbooru.donmai.us/wiki_pages/striped_headwear,ok
1637827,star_facial_mark,0,1627,星星脸部标记,,assistant_category0_draft,待校对,??????????,https://danbooru.donmai.us/wiki_pages/star_facial_mark,ok
1375970,hair_flowing_over,0,1627,头发飘动覆盖,,assistant_category0_draft,待校对,??????????,https://danbooru.donmai.us/wiki_pages/hair_flowing_over,ok
635016,broken_chain,0,1626,破损链条,,assistant_category0_draft,待校对,??????????,https://danbooru.donmai.us/wiki_pages/broken_chain,ok
1465100,grey_sports_bra,0,1626,灰色运动胸罩,,assistant_category0_draft,待校对,??????????,https://danbooru.donmai.us/wiki_pages/grey_sports_bra,ok
1302681,orange_pants,0,1625,橙色裤子,,assistant_category0_draft,待校对,??????????,https://danbooru.donmai.us/wiki_pages/orange_pants,ok
1558733,tulip_hat,0,1625,郁金香帽子,,assistant_category0_draft,待校对,??????????,https://danbooru.donmai.us/wiki_pages/tulip_hat,ok
1603616,blunt_tresses,0,1618,钝发束,,assistant_category0_draft,待校对,??????????,https://danbooru.donmai.us/wiki_pages/blunt_tresses,ok
530749,orange_pantyhose,0,1615,橙色连裤袜,,assistant_category0_draft,待校对,??????????,https://danbooru.donmai.us/wiki_pages/orange_pantyhose,ok
1589331,off-shoulder_bikini,0,1615,露出肩比基尼,,assistant_category0_draft,待校对,??????????,https://danbooru.donmai.us/wiki_pages/off-shoulder_bikini,ok
1534682,aqua_headwear,0,1614,水色头饰,,assistant_category0_draft,待校对,??????????,https://danbooru.donmai.us/wiki_pages/aqua_headwear,ok
473470,wrist_guards,0,1613,手腕guards,,assistant_category0_draft,待校对,??????????,https://danbooru.donmai.us/wiki_pages/wrist_guards,ok
1934523,arched_bangs,0,1612,arched刘海,,assistant_category0_draft,待校对,??????????,https://danbooru.donmai.us/wiki_pages/arched_bangs,ok
1201168,undressing_another,0,1607,undressing他人,,assistant_category0_draft,待校对,??????????,https://danbooru.donmai.us/wiki_pages/undressing_another,ok
659417,mechanical_ears,0,1604,机械耳朵,,assistant_category0_draft,待校对,??????????,https://danbooru.donmai.us/wiki_pages/mechanical_ears,ok
677487,brown_wings,0,1603,棕色翅膀,,assistant_category0_draft,待校对,??????????,https://danbooru.donmai.us/wiki_pages/brown_wings,ok
1430735,black_garter_belt,0,1601,黑色吊袜带腰带,,assistant_category0_draft,待校对,??????????,https://danbooru.donmai.us/wiki_pages/black_garter_belt,ok
643912,tail_piercing,0,1601,尾巴穿孔,,assistant_category0_draft,待校对,??????????,https://danbooru.donmai.us/wiki_pages/tail_piercing,ok
1440492,green_capelet,0,1593,绿色小披肩,,assistant_category0_draft,待校对,??????????,https://danbooru.donmai.us/wiki_pages/green_capelet,ok
663918,holding_fishing_rod,0,1592,拿着fishingrod,,assistant_category0_draft,待校对,??????????,https://danbooru.donmai.us/wiki_pages/holding_fishing_rod,ok
1916642,grey_halo,0,1591,灰色光环,,assistant_category0_draft,待校对,??????????,https://danbooru.donmai.us/wiki_pages/grey_halo,ok
1416877,two-tone_footwear,0,1590,双色鞋履,,assistant_category0_draft,待校对,??????????,https://danbooru.donmai.us/wiki_pages/two-tone_footwear,ok
460553,no_eyebrows,0,1588,无眉毛,,assistant_category0_draft,待校对,??????????,https://danbooru.donmai.us/wiki_pages/no_eyebrows,ok
1781164,gem_(symbol),0,1587,gem,,assistant_category0_draft,待校对,??????????,https://danbooru.donmai.us/wiki_pages/gem_%28symbol%29,ok
1775923,circled_9,0,1584,circled9,,assistant_category0_draft,待校对,??????????,https://danbooru.donmai.us/wiki_pages/circled_9,ok
1258484,key_necklace,0,1584,钥匙项链,,assistant_category0_draft,待校对,??????????,https://danbooru.donmai.us/wiki_pages/key_necklace,ok
1298917,brown_apron,0,1582,棕色围裙,,assistant_category0_draft,待校对,??????????,https://danbooru.donmai.us/wiki_pages/brown_apron,ok
1494953,pink-tinted_eyewear,0,1580,粉色染色眼镜,,assistant_category0_draft,待校对,??????????,https://danbooru.donmai.us/wiki_pages/pink-tinted_eyewear,ok
1554055,fiery_horns,0,1580,火焰般角,,assistant_category0_draft,待校对,??????????,https://danbooru.donmai.us/wiki_pages/fiery_horns,ok
652982,visor_(armor),0,1578,遮阳板,,assistant_category0_draft,待校对,??????????,https://danbooru.donmai.us/wiki_pages/visor_%28armor%29,ok
1421046,holding_cane,0,1578,拿着cane,,assistant_category0_draft,待校对,??????????,https://danbooru.donmai.us/wiki_pages/holding_cane,ok
1931519,uneven_horns,0,1577,不均匀角,,assistant_category0_draft,待校对,??????????,https://danbooru.donmai.us/wiki_pages/uneven_horns,ok
1376753,crescent_print,0,1573,新月印花,,assistant_category0_draft,待校对,??????????,https://danbooru.donmai.us/wiki_pages/crescent_print,ok
1350077,mask_around_neck,0,1572,面具围在脖子周围,,assistant_category0_draft,待校对,??????????,https://danbooru.donmai.us/wiki_pages/mask_around_neck,ok
1448822,brown_hoodie,0,1571,棕色连帽衫,,assistant_category0_draft,待校对,??????????,https://danbooru.donmai.us/wiki_pages/brown_hoodie,ok
1303272,print_jacket,0,1570,印花夹克,,assistant_category0_draft,待校对,??????????,https://danbooru.donmai.us/wiki_pages/print_jacket,ok
1406765,jaguar_ears,0,1570,美洲豹耳朵,,assistant_category0_draft,待校对,??????????,https://danbooru.donmai.us/wiki_pages/jaguar_ears,ok
658981,open_belt,0,1569,张开腰带,,assistant_category0_draft,待校对,??????????,https://danbooru.donmai.us/wiki_pages/open_belt,ok
1076527,sidecut,0,1568,sidecut,,assistant_category0_draft,待校对,??????????,https://danbooru.donmai.us/wiki_pages/sidecut,ok
1257558,round_image,0,1567,roundimage,,assistant_category0_draft,待校对,??????????,https://danbooru.donmai.us/wiki_pages/round_image,ok
593015,finger_to_face,0,1567,手指抵着脸,,assistant_category0_draft,待校对,??????????,https://danbooru.donmai.us/wiki_pages/finger_to_face,ok
564677,playstation_controller,0,1558,playstation手柄,,assistant_category0_draft,待校对,??????????,https://danbooru.donmai.us/wiki_pages/playstation_controller,ok
1691576,two-tone_bodysuit,0,1558,双色紧身衣,,assistant_category0_draft,待校对,??????????,https://danbooru.donmai.us/wiki_pages/two-tone_bodysuit,ok
1478006,holding_vegetable,0,1549,拿着vegetable,,assistant_category0_draft,待校对,??????????,https://danbooru.donmai.us/wiki_pages/holding_vegetable,ok
1437142,purple_hoodie,0,1549,紫色连帽衫,,assistant_category0_draft,待校对,??????????,https://danbooru.donmai.us/wiki_pages/purple_hoodie,ok
1601080,animal_ear_legwear,0,1547,动物耳朵腿部服饰,,assistant_category0_draft,待校对,??????????,https://danbooru.donmai.us/wiki_pages/animal_ear_legwear,ok
1396963,holding_hose,0,1546,拿着hose,,assistant_category0_draft,待校对,??????????,https://danbooru.donmai.us/wiki_pages/holding_hose,ok
374948,school_briefcase,0,1545,学校公文包,,assistant_category0_draft,待校对,??????????,https://danbooru.donmai.us/wiki_pages/school_briefcase,ok
1499340,sphere_earrings,0,1544,sphere耳环,,assistant_category0_draft,待校对,??????????,https://danbooru.donmai.us/wiki_pages/sphere_earrings,ok
1976343,hoop_piercing,0,1544,hoop穿孔,,assistant_category0_draft,待校对,??????????,https://danbooru.donmai.us/wiki_pages/hoop_piercing,ok
1393881,green_bag,0,1539,绿色包,,assistant_category0_draft,待校对,??????????,https://danbooru.donmai.us/wiki_pages/green_bag,ok
471805,pastel_colors,0,1536,pastelcolors,,assistant_category0_draft,待校对,??????????,https://danbooru.donmai.us/wiki_pages/pastel_colors,ok
1306233,triangle_print,0,1535,三角形印花,,assistant_category0_draft,待校对,??????????,https://danbooru.donmai.us/wiki_pages/triangle_print,ok
608070,boxer_briefs,0,1533,boxerbriefs,,assistant_category0_draft,待校对,??????????,https://danbooru.donmai.us/wiki_pages/boxer_briefs,ok
1349107,candy_hair_ornament,0,1531,糖果发饰,,assistant_category0_draft,待校对,??????????,https://danbooru.donmai.us/wiki_pages/candy_hair_ornament,ok
645622,sleeveless_coat,0,1528,无袖外套,,assistant_category0_draft,待校对,??????????,https://danbooru.donmai.us/wiki_pages/sleeveless_coat,ok
2006760,unworn_socks,0,1527,未穿戴的袜子,,assistant_category0_draft,待校对,??????????,https://danbooru.donmai.us/wiki_pages/unworn_socks,ok
596634,gradient_legwear,0,1526,渐变腿部服饰,,assistant_category0_draft,待校对,??????????,https://danbooru.donmai.us/wiki_pages/gradient_legwear,ok
705129,holding_jacket,0,1525,拿着夹克,,assistant_category0_draft,待校对,??????????,https://danbooru.donmai.us/wiki_pages/holding_jacket,ok
574252,mismatched_sleeves,0,1522,不对称袖子,,assistant_category0_draft,待校对,??????????,https://danbooru.donmai.us/wiki_pages/mismatched_sleeves,ok
1070114,single_stripe,0,1518,单侧条纹,,assistant_category0_draft,待校对,??????????,https://danbooru.donmai.us/wiki_pages/single_stripe,ok
1387512,orange_ascot,0,1518,橙色领巾,,assistant_category0_draft,待校对,??????????,https://danbooru.donmai.us/wiki_pages/orange_ascot,ok
1248044,tooth_necklace,0,1517,tooth项链,,assistant_category0_draft,待校对,??????????,https://danbooru.donmai.us/wiki_pages/tooth_necklace,ok
652996,salaryman,0,1517,salaryman,,assistant_category0_draft,待校对,??????????,https://danbooru.donmai.us/wiki_pages/salaryman,ok
634911,photo_inset,0,1516,照片内嵌,,assistant_category0_draft,待校对,??????????,https://danbooru.donmai.us/wiki_pages/photo_inset,ok
1400652,torpedo_launcher,0,1515,torpedolauncher,,assistant_category0_draft,待校对,??????????,https://danbooru.donmai.us/wiki_pages/torpedo_launcher,ok
440354,yo-yo,0,1511,哟哟,,assistant_category0_draft,待校对,??????????,https://danbooru.donmai.us/wiki_pages/yo-yo,ok
536575,cheek_press,0,1509,脸颊按压,,assistant_category0_draft,待校对,??????????,https://danbooru.donmai.us/wiki_pages/cheek_press,ok
1411208,purple_neckerchief,0,1509,紫色领巾,,assistant_category0_draft,待校对,??????????,https://danbooru.donmai.us/wiki_pages/purple_neckerchief,ok
1501670,double_fox_shadow_puppet,0,1507,双fox阴影puppet,,assistant_category0_draft,待校对,??????????,https://danbooru.donmai.us/wiki_pages/double_fox_shadow_puppet,ok
439288,basketball_uniform,0,1505,basketball制服,,assistant_category0_draft,待校对,??????????,https://danbooru.donmai.us/wiki_pages/basketball_uniform,ok
643517,purple_fire,0,1505,紫色火,,assistant_category0_draft,待校对,??????????,https://danbooru.donmai.us/wiki_pages/purple_fire,ok
2022180,sideless_shirt,0,1505,侧边开口衬衫,,assistant_category0_draft,待校对,??????????,https://danbooru.donmai.us/wiki_pages/sideless_shirt,ok
1940741,goatee_stubble,0,1504,goatee胡茬,,assistant_category0_draft,待校对,??????????,https://danbooru.donmai.us/wiki_pages/goatee_stubble,ok
1391188,hand_tattoo,0,1504,手纹身,,assistant_category0_draft,待校对,??????????,https://danbooru.donmai.us/wiki_pages/hand_tattoo,ok
1379921,camouflage_jacket,0,1502,迷彩夹克,,assistant_category0_draft,待校对,??????????,https://danbooru.donmai.us/wiki_pages/camouflage_jacket,ok
665044,holding_own_tail,0,1500,拿着自己的尾巴,,assistant_category0_draft,待校对,??????????,https://danbooru.donmai.us/wiki_pages/holding_own_tail,ok
1391097,grey_neckerchief,0,1499,灰色领巾,,assistant_category0_draft,待校对,??????????,https://danbooru.donmai.us/wiki_pages/grey_neckerchief,ok
1480073,brushing_another's_hair,0,1496,brushing他人头发,,assistant_category0_draft,待校对,??????????,https://danbooru.donmai.us/wiki_pages/brushing_another%27s_hair,ok
1483316,single_horizontal_stripe,0,1494,单侧横向条纹,,assistant_category0_draft,待校对,??????????,https://danbooru.donmai.us/wiki_pages/single_horizontal_stripe,ok
629378,ruffling_hair,0,1490,ruffling头发,,assistant_category0_draft,待校对,??????????,https://danbooru.donmai.us/wiki_pages/ruffling_hair,ok
1426900,white_bird,0,1489,白色鸟,,assistant_category0_draft,待校对,??????????,https://danbooru.donmai.us/wiki_pages/white_bird,ok
1542420,triangle_hair_ornament,0,1488,三角形发饰,,assistant_category0_draft,待校对,??????????,https://danbooru.donmai.us/wiki_pages/triangle_hair_ornament,ok
1677790,blood_on_knife,0,1485,刀上的血,,assistant_category0_draft,待校对,??????????,https://danbooru.donmai.us/wiki_pages/blood_on_knife,ok
573617,food-themed_clothes,0,1483,食物主题服装,,assistant_category0_draft,待校对,??????????,https://danbooru.donmai.us/wiki_pages/food-themed_clothes,ok
1258750,mechanical_eye,0,1483,机械眼睛,,assistant_category0_draft,待校对,??????????,https://danbooru.donmai.us/wiki_pages/mechanical_eye,not_found
1509772,industrial_piercing,0,1483,industrial穿孔,,assistant_category0_draft,待校对,??????????,https://danbooru.donmai.us/wiki_pages/industrial_piercing,ok
1409157,flower_tattoo,0,1482,花纹身,,assistant_category0_draft,待校对,??????????,https://danbooru.donmai.us/wiki_pages/flower_tattoo,ok
688469,spiked_choker,0,1480,带尖刺项圈,,assistant_category0_draft,待校对,??????????,https://danbooru.donmai.us/wiki_pages/spiked_choker,ok
567961,sword_on_back,0,1478,剑在背部,,assistant_category0_draft,待校对,??????????,https://danbooru.donmai.us/wiki_pages/sword_on_back,ok
1231611,arrow_through_heart,0,1474,arrow过心形,,assistant_category0_draft,待校对,??????????,https://danbooru.donmai.us/wiki_pages/arrow_through_heart,ok
1582498,scar_on_leg,0,1474,腿上的伤疤,,assistant_category0_draft,待校对,??????????,https://danbooru.donmai.us/wiki_pages/scar_on_leg,ok
642887,wiping_sweat,0,1473,wipingsweat,,assistant_category0_draft,待校对,??????????,https://danbooru.donmai.us/wiki_pages/wiping_sweat,ok
1713829,mithra_(ff11),0,1472,mithra,,assistant_category0_draft,待校对,??????????,https://danbooru.donmai.us/wiki_pages/mithra_%28ff11%29,ok
1586950,sobu_high_school_uniform,0,1472,sobu高学校制服,,assistant_category0_draft,待校对,??????????,https://danbooru.donmai.us/wiki_pages/sobu_high_school_uniform,ok
601148,huge_bow,0,1470,巨大蝴蝶结,,assistant_category0_draft,待校对,??????????,https://danbooru.donmai.us/wiki_pages/huge_bow,ok
378567,robot_girl,0,1469,机器人女孩,,assistant_category0_draft,待校对,??????????,https://danbooru.donmai.us/wiki_pages/robot_girl,ok
720999,aqua_jacket,0,1469,水色夹克,,assistant_category0_draft,待校对,??????????,https://danbooru.donmai.us/wiki_pages/aqua_jacket,ok
1860041,multiple_drawing_challenge,0,1469,多个绘画挑战,,assistant_category0_draft,待校对,??????????,https://danbooru.donmai.us/wiki_pages/multiple_drawing_challenge,ok
558698,sig_sauer,0,1466,sigsauer,,assistant_category0_draft,待校对,??????????,https://danbooru.donmai.us/wiki_pages/sig_sauer,ok
1533850,sleeve_bow,0,1466,袖子蝴蝶结,,assistant_category0_draft,待校对,??????????,https://danbooru.donmai.us/wiki_pages/sleeve_bow,ok
474442,plume,0,1466,plume,,assistant_category0_draft,待校对,??????????,https://danbooru.donmai.us/wiki_pages/plume,ok
1270497,pearl_bracelet,0,1462,珍珠手镯,,assistant_category0_draft,待校对,??????????,https://danbooru.donmai.us/wiki_pages/pearl_bracelet,ok
388208,orange_hoodie,0,1462,橙色连帽衫,,assistant_category0_draft,待校对,??????????,https://danbooru.donmai.us/wiki_pages/orange_hoodie,ok
1457585,hooded_cardigan,0,1460,带兜帽开衫,,assistant_category0_draft,待校对,??????????,https://danbooru.donmai.us/wiki_pages/hooded_cardigan,ok
1243501,gibson_les_paul,0,1457,gibsonlespaul,,assistant_category0_draft,待校对,??????????,https://danbooru.donmai.us/wiki_pages/gibson_les_paul,ok
1440630,pink_capelet,0,1457,粉色小披肩,,assistant_category0_draft,待校对,??????????,https://danbooru.donmai.us/wiki_pages/pink_capelet,ok
1642271,yurigaoka_girls_academy_school_uniform,0,1457,yurigaoka女孩学院学校制服,,assistant_category0_draft,待校对,??????????,https://danbooru.donmai.us/wiki_pages/yurigaoka_girls_academy_school_uniform,ok
1250999,red_apple,0,1456,红色apple,,assistant_category0_draft,待校对,??????????,https://danbooru.donmai.us/wiki_pages/red_apple,ok
1880820,two-tone_sports_bra,0,1455,双色运动胸罩,,assistant_category0_draft,待校对,??????????,https://danbooru.donmai.us/wiki_pages/two-tone_sports_bra,ok
1607304,linear_hatching,0,1454,linearhatching,,assistant_category0_draft,待校对,??????????,https://danbooru.donmai.us/wiki_pages/linear_hatching,ok
1605653,utensil_in_mouth,0,1454,utensil在内嘴,,assistant_category0_draft,待校对,??????????,https://danbooru.donmai.us/wiki_pages/utensil_in_mouth,ok
1884709,rabbit-shaped_pupils,0,1454,兔子形瞳孔,,assistant_category0_draft,待校对,??????????,https://danbooru.donmai.us/wiki_pages/rabbit-shaped_pupils,ok
577080,hand_on_lap,0,1451,手放在大腿上,,assistant_category0_draft,待校对,??????????,https://danbooru.donmai.us/wiki_pages/hand_on_lap,ok
1952120,historical_name_connection,0,1449,historicalnameconnection,,assistant_category0_draft,待校对,??????????,https://danbooru.donmai.us/wiki_pages/historical_name_connection,ok
1314077,dice_hair_ornament,0,1448,dice发饰,,assistant_category0_draft,待校对,??????????,https://danbooru.donmai.us/wiki_pages/dice_hair_ornament,ok
1474354,holding_ladle,0,1445,拿着ladle,,assistant_category0_draft,待校对,??????????,https://danbooru.donmai.us/wiki_pages/holding_ladle,ok
1510994,sweaty_clothes,0,1445,sweaty服装,,assistant_category0_draft,待校对,??????????,https://danbooru.donmai.us/wiki_pages/sweaty_clothes,ok
643402,shorts_under_dress,0,1445,短裤在连衣裙下,,assistant_category0_draft,待校对,??????????,https://danbooru.donmai.us/wiki_pages/shorts_under_dress,ok
1460120,fur-trimmed_footwear,0,1444,毛皮镶边鞋履,,assistant_category0_draft,待校对,??????????,https://danbooru.donmai.us/wiki_pages/fur-trimmed_footwear,ok
560409,streamers,0,1444,streamers,,assistant_category0_draft,待校对,??????????,https://danbooru.donmai.us/wiki_pages/streamers,ok
685325,shiny_legwear,0,1444,闪亮腿部服饰,,assistant_category0_draft,待校对,??????????,https://danbooru.donmai.us/wiki_pages/shiny_legwear,ok
1881201,eden_academy_school_uniform,0,1442,eden学院学校制服,,assistant_category0_draft,待校对,??????????,https://danbooru.donmai.us/wiki_pages/eden_academy_school_uniform,ok
1492155,eyewear_hang,0,1441,眼镜hang,,assistant_category0_draft,待校对,??????????,https://danbooru.donmai.us/wiki_pages/eyewear_hang,ok
1629910,star_brooch,0,1440,星星胸针,,assistant_category0_draft,待校对,??????????,https://danbooru.donmai.us/wiki_pages/star_brooch,ok
570743,kirin_(armor),0,1440,kirin,,assistant_category0_draft,待校对,??????????,https://danbooru.donmai.us/wiki_pages/kirin_%28armor%29,ok
1271959,short_sidetail,0,1437,短sidetail,,assistant_category0_draft,待校对,??????????,https://danbooru.donmai.us/wiki_pages/short_sidetail,not_found
2025915,same-sex_bathing,0,1435,same性行为沐浴,,assistant_category0_draft,待校对,??????????,https://danbooru.donmai.us/wiki_pages/same-sex_bathing,ok
490687,prehensile_tail,0,1435,prehensile尾巴,,assistant_category0_draft,待校对,??????????,https://danbooru.donmai.us/wiki_pages/prehensile_tail,ok
1545323,multicolored_headwear,0,1435,多色头饰,,assistant_category0_draft,待校对,??????????,https://danbooru.donmai.us/wiki_pages/multicolored_headwear,ok
699281,oversized_food,0,1432,过大食物,,assistant_category0_draft,待校对,??????????,https://danbooru.donmai.us/wiki_pages/oversized_food,ok
542449,furigana,0,1431,furigana,,assistant_category0_draft,待校对,??????????,https://danbooru.donmai.us/wiki_pages/furigana,ok
4760,campfire,0,1430,campfire,,assistant_category0_draft,待校对,??????????,https://danbooru.donmai.us/wiki_pages/campfire,ok
494923,futa_on_male,0,1428,futa在男性,,assistant_category0_draft,待校对,??????????,https://danbooru.donmai.us/wiki_pages/futa_on_male,ok
635045,solid_eyes,0,1427,纯色眼睛,,assistant_category0_draft,待校对,??????????,https://danbooru.donmai.us/wiki_pages/solid_eyes,ok
1113314,thick_lips,0,1425,粗嘴唇,,assistant_category0_draft,待校对,??????????,https://danbooru.donmai.us/wiki_pages/thick_lips,ok
1364633,covered_penis,0,1425,覆盖的阴茎,,assistant_category0_draft,待校对,??????????,https://danbooru.donmai.us/wiki_pages/covered_penis,ok
1764814,compass_rose_halo,0,1424,compassrose光环,,assistant_category0_draft,待校对,??????????,https://danbooru.donmai.us/wiki_pages/compass_rose_halo,ok
1535711,cross_tie,0,1422,十字系带,,assistant_category0_draft,待校对,??????????,https://danbooru.donmai.us/wiki_pages/cross_tie,ok
584716,camouflage_pants,0,1418,迷彩裤子,,assistant_category0_draft,待校对,??????????,https://danbooru.donmai.us/wiki_pages/camouflage_pants,ok
1432417,brown_tail,0,1417,棕色尾巴,,assistant_category0_draft,待校对,??????????,https://danbooru.donmai.us/wiki_pages/brown_tail,ok
1611404,food-themed_earrings,0,1412,食物主题耳环,,assistant_category0_draft,待校对,??????????,https://danbooru.donmai.us/wiki_pages/food-themed_earrings,ok
665405,white_umbrella,0,1411,白色伞,,assistant_category0_draft,待校对,??????????,https://danbooru.donmai.us/wiki_pages/white_umbrella,ok
499526,green_socks,0,1410,绿色袜子,,assistant_category0_draft,待校对,??????????,https://danbooru.donmai.us/wiki_pages/green_socks,ok
617695,big_nose,0,1408,big鼻子,,assistant_category0_draft,待校对,??????????,https://danbooru.donmai.us/wiki_pages/big_nose,not_found
1361077,mole_above_mouth,0,1407,痣上方嘴,,assistant_category0_draft,待校对,??????????,https://danbooru.donmai.us/wiki_pages/mole_above_mouth,ok
1506275,riding_pokemon,0,1407,骑乘宝可梦,,assistant_category0_draft,待校对,??????????,https://danbooru.donmai.us/wiki_pages/riding_pokemon,ok
1391806,two-tone_bow,0,1403,双色蝴蝶结,,assistant_category0_draft,待校对,??????????,https://danbooru.donmai.us/wiki_pages/two-tone_bow,ok
1471840,headlamp,0,1403,headlamp,,assistant_category0_draft,待校对,??????????,https://danbooru.donmai.us/wiki_pages/headlamp,ok
716813,sword_behind_back,0,1401,剑在后背部,,assistant_category0_draft,待校对,??????????,https://danbooru.donmai.us/wiki_pages/sword_behind_back,not_found
649117,multiple_swords,0,1399,多个swords,,assistant_category0_draft,待校对,??????????,https://danbooru.donmai.us/wiki_pages/multiple_swords,ok
1392086,grey_bodysuit,0,1398,灰色紧身衣,,assistant_category0_draft,待校对,??????????,https://danbooru.donmai.us/wiki_pages/grey_bodysuit,ok
1415933,fur-trimmed_shorts,0,1397,毛皮镶边短裤,,assistant_category0_draft,待校对,??????????,https://danbooru.donmai.us/wiki_pages/fur-trimmed_shorts,ok
682863,hand_on_another's_leg,0,1396,手放在他人腿上,,assistant_category0_draft,待校对,??????????,https://danbooru.donmai.us/wiki_pages/hand_on_another%27s_leg,ok
1353702,hands_on_own_ass,0,1394,手在自己的臀部,,assistant_category0_draft,待校对,??????????,https://danbooru.donmai.us/wiki_pages/hands_on_own_ass,ok
1481865,brown_corset,0,1394,棕色束腰,,assistant_category0_draft,待校对,??????????,https://danbooru.donmai.us/wiki_pages/brown_corset,ok
1090326,bird_mask,0,1394,鸟面具,,assistant_category0_draft,待校对,??????????,https://danbooru.donmai.us/wiki_pages/bird_mask,ok
531189,foliage,0,1392,foliage,,assistant_category0_draft,待校对,??????????,https://danbooru.donmai.us/wiki_pages/foliage,ok
1252372,sitting_on_bench,0,1391,坐着在长椅,,assistant_category0_draft,待校对,??????????,https://danbooru.donmai.us/wiki_pages/sitting_on_bench,ok
165653,shirt_grab,0,1391,衬衫抓住,,assistant_category0_draft,待校对,??????????,https://danbooru.donmai.us/wiki_pages/shirt_grab,not_found
485392,denim_jacket,0,1391,denim夹克,,assistant_category0_draft,待校对,??????????,https://danbooru.donmai.us/wiki_pages/denim_jacket,ok
1713082,neck_tassel,0,1391,脖子流苏,,assistant_category0_draft,待校对,??????????,https://danbooru.donmai.us/wiki_pages/neck_tassel,ok
1494889,lion_boy,0,1389,lion男孩,,assistant_category0_draft,待校对,??????????,https://danbooru.donmai.us/wiki_pages/lion_boy,ok
1414393,gradient_skin,0,1386,渐变皮肤,,assistant_category0_draft,待校对,??????????,https://danbooru.donmai.us/wiki_pages/gradient_skin,ok
1538677,holding_gohei,0,1382,拿着gohei,,assistant_category0_draft,待校对,??????????,https://danbooru.donmai.us/wiki_pages/holding_gohei,ok
1719547,sailor_moon_redraw_challenge_(meme),0,1382,水手月亮redraw挑战,,assistant_category0_draft,待校对,??????????,https://danbooru.donmai.us/wiki_pages/sailor_moon_redraw_challenge_%28meme%29,ok
695119,blood_in_hair,0,1381,血在内头发,,assistant_category0_draft,待校对,??????????,https://danbooru.donmai.us/wiki_pages/blood_in_hair,ok
1575185,polka_dot_headwear,0,1380,波点点头饰,,assistant_category0_draft,待校对,??????????,https://danbooru.donmai.us/wiki_pages/polka_dot_headwear,ok
1033270,white_garter_straps,0,1378,白色吊袜带straps,,assistant_category0_draft,待校对,??????????,https://danbooru.donmai.us/wiki_pages/white_garter_straps,ok
1396368,frilled_ascot,0,1377,褶边领巾,,assistant_category0_draft,待校对,??????????,https://danbooru.donmai.us/wiki_pages/frilled_ascot,ok
1243775,colored_shadow,0,1377,有色阴影,,assistant_category0_draft,待校对,??????????,https://danbooru.donmai.us/wiki_pages/colored_shadow,ok
1490333,yellow_sleeves,0,1375,黄色袖子,,assistant_category0_draft,待校对,??????????,https://danbooru.donmai.us/wiki_pages/yellow_sleeves,ok
1295636,shark_costume,0,1375,鲨鱼服装,,assistant_category0_draft,待校对,??????????,https://danbooru.donmai.us/wiki_pages/shark_costume,ok
663895,hand_on_own_neck,0,1374,手放在自己的脖子上,,assistant_category0_draft,待校对,??????????,https://danbooru.donmai.us/wiki_pages/hand_on_own_neck,ok
1399022,no_sclera,0,1374,无巩膜,,assistant_category0_draft,待校对,??????????,https://danbooru.donmai.us/wiki_pages/no_sclera,ok
1549436,cutout_above_navel,0,1373,镂空上方navel,,assistant_category0_draft,待校对,??????????,https://danbooru.donmai.us/wiki_pages/cutout_above_navel,ok
1388990,two-tone_legwear,0,1365,双色腿部服饰,,assistant_category0_draft,待校对,??????????,https://danbooru.donmai.us/wiki_pages/two-tone_legwear,ok
502383,elezen,0,1365,elezen,,assistant_category0_draft,待校对,??????????,https://danbooru.donmai.us/wiki_pages/elezen,ok
1498023,adapted_turret,0,1364,adaptedturret,,assistant_category0_draft,待校对,??????????,https://danbooru.donmai.us/wiki_pages/adapted_turret,ok
1592562,high-waist_pantyhose,0,1363,高腰连裤袜,,assistant_category0_draft,待校对,??????????,https://danbooru.donmai.us/wiki_pages/high-waist_pantyhose,ok
1301010,orange_sweater,0,1362,橙色毛衣,,assistant_category0_draft,待校对,??????????,https://danbooru.donmai.us/wiki_pages/orange_sweater,ok
575592,glowing_wings,0,1361,发光翅膀,,assistant_category0_draft,待校对,??????????,https://danbooru.donmai.us/wiki_pages/glowing_wings,ok
713580,torn_jacket,0,1361,破损的夹克,,assistant_category0_draft,待校对,??????????,https://danbooru.donmai.us/wiki_pages/torn_jacket,ok
659959,scarf_over_mouth,0,1357,围巾覆盖嘴,,assistant_category0_draft,待校对,??????????,https://danbooru.donmai.us/wiki_pages/scarf_over_mouth,ok
611065,lace_choker,0,1357,蕾丝项圈,,assistant_category0_draft,待校对,??????????,https://danbooru.donmai.us/wiki_pages/lace_choker,ok
1345310,collared_vest,0,1357,带衣领背心,,assistant_category0_draft,待校对,??????????,https://danbooru.donmai.us/wiki_pages/collared_vest,ok
989449,paw_print_background,0,1356,paw印花背景,,assistant_category0_draft,待校对,??????????,https://danbooru.donmai.us/wiki_pages/paw_print_background,ok
468850,tall,0,1353,tall,,assistant_category0_draft,待校对,??????????,https://danbooru.donmai.us/wiki_pages/tall,ok
1522400,tented_shirt,0,1353,tented衬衫,,assistant_category0_draft,待校对,??????????,https://danbooru.donmai.us/wiki_pages/tented_shirt,ok
668837,ghost_costume,0,1353,ghost服装,,assistant_category0_draft,待校对,??????????,https://danbooru.donmai.us/wiki_pages/ghost_costume,ok
11835,ballet,0,1352,ballet,,assistant_category0_draft,待校对,??????????,https://danbooru.donmai.us/wiki_pages/ballet,ok
539907,calico,0,1349,calico,,assistant_category0_draft,待校对,??????????,https://danbooru.donmai.us/wiki_pages/calico,not_found
398497,mouth_pull,0,1348,嘴拉起,,assistant_category0_draft,待校对,??????????,https://danbooru.donmai.us/wiki_pages/mouth_pull,ok
1433794,holding_saucer,0,1347,拿着saucer,,assistant_category0_draft,待校对,??????????,https://danbooru.donmai.us/wiki_pages/holding_saucer,ok
1358423,multicolored_footwear,0,1345,多色鞋履,,assistant_category0_draft,待校对,??????????,https://danbooru.donmai.us/wiki_pages/multicolored_footwear,ok
593299,pink_border,0,1341,粉色边框,,assistant_category0_draft,待校对,??????????,https://danbooru.donmai.us/wiki_pages/pink_border,ok
1393886,multicolored_kimono,0,1338,多色和服,,assistant_category0_draft,待校对,??????????,https://danbooru.donmai.us/wiki_pages/multicolored_kimono,ok
1152233,star_tattoo,0,1337,星星纹身,,assistant_category0_draft,待校对,??????????,https://danbooru.donmai.us/wiki_pages/star_tattoo,ok
555475,pixiv_logo,0,1337,Pixiv标志,,assistant_category0_draft,待校对,??????????,https://danbooru.donmai.us/wiki_pages/pixiv_logo,ok
540293,vampire_costume,0,1337,vampire服装,,assistant_category0_draft,待校对,??????????,https://danbooru.donmai.us/wiki_pages/vampire_costume,ok
498775,orange_skin,0,1333,橙色皮肤,,assistant_category0_draft,待校对,??????????,https://danbooru.donmai.us/wiki_pages/orange_skin,ok
1408058,brown_leotard,0,1332,棕色连体衣,,assistant_category0_draft,待校对,??????????,https://danbooru.donmai.us/wiki_pages/brown_leotard,ok
1404921,pink_ascot,0,1331,粉色领巾,,assistant_category0_draft,待校对,??????????,https://danbooru.donmai.us/wiki_pages/pink_ascot,ok
591348,breast_cutout,0,1331,乳房镂空,,assistant_category0_draft,待校对,??????????,https://danbooru.donmai.us/wiki_pages/breast_cutout,not_found
1433301,two-tone_leotard,0,1330,双色连体衣,,assistant_category0_draft,待校对,??????????,https://danbooru.donmai.us/wiki_pages/two-tone_leotard,ok
1468288,holding_violin,0,1329,拿着violin,,assistant_category0_draft,待校对,??????????,https://danbooru.donmai.us/wiki_pages/holding_violin,ok
1759071,cetacean_tail,0,1328,cetacean尾巴,,assistant_category0_draft,待校对,??????????,https://danbooru.donmai.us/wiki_pages/cetacean_tail,ok
1365868,holding_envelope,0,1326,拿着envelope,,assistant_category0_draft,待校对,??????????,https://danbooru.donmai.us/wiki_pages/holding_envelope,ok
1491890,deer_antlers,0,1326,鹿鹿角,,assistant_category0_draft,待校对,??????????,https://danbooru.donmai.us/wiki_pages/deer_antlers,ok
1232450,sparkle_print,0,1325,闪光印花,,assistant_category0_draft,待校对,??????????,https://danbooru.donmai.us/wiki_pages/sparkle_print,ok
515827,frog_print,0,1324,frog印花,,assistant_category0_draft,待校对,??????????,https://danbooru.donmai.us/wiki_pages/frog_print,ok
1484444,yellow_butterfly,0,1323,黄色蝴蝶,,assistant_category0_draft,待校对,??????????,https://danbooru.donmai.us/wiki_pages/yellow_butterfly,ok
1497572,battery_indicator,0,1323,batteryindicator,,assistant_category0_draft,待校对,??????????,https://danbooru.donmai.us/wiki_pages/battery_indicator,ok
1403674,pink_camisole,0,1321,粉色吊带背心,,assistant_category0_draft,待校对,??????????,https://danbooru.donmai.us/wiki_pages/pink_camisole,ok
1825467,androgyne_symbol,0,1321,androgyne符号,,assistant_category0_draft,待校对,??????????,https://danbooru.donmai.us/wiki_pages/androgyne_symbol,ok
1421701,smokestack_hair_ornament,0,1321,smokestack发饰,,assistant_category0_draft,待校对,??????????,https://danbooru.donmai.us/wiki_pages/smokestack_hair_ornament,ok
504393,looking_outside,0,1317,看向outside,,assistant_category0_draft,待校对,??????????,https://danbooru.donmai.us/wiki_pages/looking_outside,ok
877388,long_tail,0,1317,长尾巴,,assistant_category0_draft,待校对,??????????,https://danbooru.donmai.us/wiki_pages/long_tail,not_found
1470893,blue_brooch,0,1316,蓝色胸针,,assistant_category0_draft,待校对,??????????,https://danbooru.donmai.us/wiki_pages/blue_brooch,ok
597826,santa_gloves,0,1314,圣诞老人手套,,assistant_category0_draft,待校对,??????????,https://danbooru.donmai.us/wiki_pages/santa_gloves,ok
862310,kodona,0,1313,kodona,,assistant_category0_draft,待校对,??????????,https://danbooru.donmai.us/wiki_pages/kodona,not_found
577111,pearl_earrings,0,1310,珍珠耳环,,assistant_category0_draft,待校对,??????????,https://danbooru.donmai.us/wiki_pages/pearl_earrings,ok
619281,blue_border,0,1308,蓝色边框,,assistant_category0_draft,待校对,??????????,https://danbooru.donmai.us/wiki_pages/blue_border,ok
1337534,boobplate,0,1307,boobplate,,assistant_category0_draft,待校对,??????????,https://danbooru.donmai.us/wiki_pages/boobplate,ok
1514329,instagram_logo,0,1305,Instagram标志,,assistant_category0_draft,待校对,??????????,https://danbooru.donmai.us/wiki_pages/instagram_logo,ok
1417853,heart_collar,0,1303,心形衣领,,assistant_category0_draft,待校对,??????????,https://danbooru.donmai.us/wiki_pages/heart_collar,ok
1329192,arm_armor,0,1300,手臂盔甲,,assistant_category0_draft,待校对,??????????,https://danbooru.donmai.us/wiki_pages/arm_armor,ok
413107,puffy_cheeks,0,1300,蓬松cheeks,,assistant_category0_draft,待校对,??????????,https://danbooru.donmai.us/wiki_pages/puffy_cheeks,ok
556112,red_tail,0,1299,红色尾巴,,assistant_category0_draft,待校对,??????????,https://danbooru.donmai.us/wiki_pages/red_tail,ok
1627136,excalibur_morgan_(fate),0,1299,誓约胜利之剑morgan,,assistant_category0_draft,待校对,??????????,https://danbooru.donmai.us/wiki_pages/excalibur_morgan_%28fate%29,ok
470859,purple_socks,0,1298,紫色袜子,,assistant_category0_draft,待校对,??????????,https://danbooru.donmai.us/wiki_pages/purple_socks,ok
1402775,white_mask,0,1298,白色面具,,assistant_category0_draft,待校对,??????????,https://danbooru.donmai.us/wiki_pages/white_mask,ok
1872936,fourth_east_high_school_uniform,0,1297,fourtheast高学校制服,,assistant_category0_draft,待校对,??????????,https://danbooru.donmai.us/wiki_pages/fourth_east_high_school_uniform,ok
637714,holding_legs,0,1296,拿着腿,,assistant_category0_draft,待校对,??????????,https://danbooru.donmai.us/wiki_pages/holding_legs,ok
509238,dialogue_box,0,1293,dialogue盒子,,assistant_category0_draft,待校对,??????????,https://danbooru.donmai.us/wiki_pages/dialogue_box,ok
1508825,pouring_onto_self,0,1292,pouringonto自己,,assistant_category0_draft,待校对,??????????,https://danbooru.donmai.us/wiki_pages/pouring_onto_self,ok
1344962,egg_hair_ornament,0,1292,egg发饰,,assistant_category0_draft,待校对,??????????,https://danbooru.donmai.us/wiki_pages/egg_hair_ornament,ok
1915073,art_tools_in_frame,0,1289,插画tools在内框架,,assistant_category0_draft,待校对,??????????,https://danbooru.donmai.us/wiki_pages/art_tools_in_frame,ok
540308,baggy_clothes,0,1287,宽松服装,,assistant_category0_draft,待校对,??????????,https://danbooru.donmai.us/wiki_pages/baggy_clothes,ok
1371202,yellow_cape,0,1284,黄色披风,,assistant_category0_draft,待校对,??????????,https://danbooru.donmai.us/wiki_pages/yellow_cape,ok
579303,tail_ring,0,1283,尾巴戒指,,assistant_category0_draft,待校对,??????????,https://danbooru.donmai.us/wiki_pages/tail_ring,ok
1326625,implied_yaoi,0,1283,暗示yaoi,,assistant_category0_draft,待校对,??????????,https://danbooru.donmai.us/wiki_pages/implied_yaoi,ok
1319348,holding_bucket,0,1279,拿着桶,,assistant_category0_draft,待校对,??????????,https://danbooru.donmai.us/wiki_pages/holding_bucket,ok
753278,analog_clock,0,1278,analog时钟,,assistant_category0_draft,待校对,??????????,https://danbooru.donmai.us/wiki_pages/analog_clock,ok
1959261,mecha_focus,0,1278,mecha聚焦,,assistant_category0_draft,待校对,??????????,https://danbooru.donmai.us/wiki_pages/mecha_focus,ok
502348,eyelid_pull,0,1278,eyelid拉起,,assistant_category0_draft,待校对,??????????,https://danbooru.donmai.us/wiki_pages/eyelid_pull,ok
505302,bar_stool,0,1276,bar凳子,,assistant_category0_draft,待校对,??????????,https://danbooru.donmai.us/wiki_pages/bar_stool,ok
1334692,side_drill,0,1275,侧边drill,,assistant_category0_draft,待校对,??????????,https://danbooru.donmai.us/wiki_pages/side_drill,ok
607245,cropped_arms,0,1275,短款手臂,,assistant_category0_draft,待校对,??????????,https://danbooru.donmai.us/wiki_pages/cropped_arms,ok
615525,blue_tail,0,1274,蓝色尾巴,,assistant_category0_draft,待校对,??????????,https://danbooru.donmai.us/wiki_pages/blue_tail,ok
1958420,sideburns_stubble,0,1274,sideburns胡茬,,assistant_category0_draft,待校对,??????????,https://danbooru.donmai.us/wiki_pages/sideburns_stubble,ok
1438041,blue_sports_bra,0,1274,蓝色运动胸罩,,assistant_category0_draft,待校对,??????????,https://danbooru.donmai.us/wiki_pages/blue_sports_bra,ok
1480873,presenting_foot,0,1274,展示脚,,assistant_category0_draft,待校对,??????????,https://danbooru.donmai.us/wiki_pages/presenting_foot,not_found
1881209,naranja_academy_school_uniform,0,1274,naranja学院学校制服,,assistant_category0_draft,待校对,??????????,https://danbooru.donmai.us/wiki_pages/naranja_academy_school_uniform,ok
1609031,scar_on_mouth,0,1273,嘴上的伤疤,,assistant_category0_draft,待校对,??????????,https://danbooru.donmai.us/wiki_pages/scar_on_mouth,ok
611912,huge_eyebrows,0,1273,巨大眉毛,,assistant_category0_draft,待校对,??????????,https://danbooru.donmai.us/wiki_pages/huge_eyebrows,ok
1327704,nejiri_hachimaki,0,1272,nejirihachimaki,,assistant_category0_draft,待校对,??????????,https://danbooru.donmai.us/wiki_pages/nejiri_hachimaki,ok
1771225,lord_camelot_(fate),0,1272,lordcamelot,,assistant_category0_draft,待校对,??????????,https://danbooru.donmai.us/wiki_pages/lord_camelot_%28fate%29,ok
538324,manga_cover,0,1270,manga遮盖,,assistant_category0_draft,待校对,??????????,https://danbooru.donmai.us/wiki_pages/manga_cover,ok
469127,hair_wings,0,1270,头发翅膀,,assistant_category0_draft,待校对,??????????,https://danbooru.donmai.us/wiki_pages/hair_wings,ok
540095,bilingual,0,1269,bilingual,,assistant_category0_draft,待校对,??????????,https://danbooru.donmai.us/wiki_pages/bilingual,ok
627286,covering_one_eye,0,1269,遮盖单眼睛,,assistant_category0_draft,待校对,??????????,https://danbooru.donmai.us/wiki_pages/covering_one_eye,ok
665204,thick_eyelashes,0,1268,粗睫毛,,assistant_category0_draft,待校对,??????????,https://danbooru.donmai.us/wiki_pages/thick_eyelashes,ok
1561175,champion_uniform,0,1267,champion制服,,assistant_category0_draft,待校对,??????????,https://danbooru.donmai.us/wiki_pages/champion_uniform,not_found
1292517,glowing_butterfly,0,1266,发光蝴蝶,,assistant_category0_draft,待校对,??????????,https://danbooru.donmai.us/wiki_pages/glowing_butterfly,ok
550074,in_water,0,1264,在内水,,assistant_category0_draft,待校对,??????????,https://danbooru.donmai.us/wiki_pages/in_water,ok
1703807,star_sticker,0,1263,星星贴纸,,assistant_category0_draft,待校对,??????????,https://danbooru.donmai.us/wiki_pages/star_sticker,ok
1399017,grey_tail,0,1262,灰色尾巴,,assistant_category0_draft,待校对,??????????,https://danbooru.donmai.us/wiki_pages/grey_tail,ok
660791,fur_cape,0,1262,毛皮披风,,assistant_category0_draft,待校对,??????????,https://danbooru.donmai.us/wiki_pages/fur_cape,ok
1382643,flaming_weapon,0,1261,燃烧武器,,assistant_category0_draft,待校对,??????????,https://danbooru.donmai.us/wiki_pages/flaming_weapon,ok
1452498,grey_capelet,0,1261,灰色小披肩,,assistant_category0_draft,待校对,??????????,https://danbooru.donmai.us/wiki_pages/grey_capelet,ok
1915726,choppy_bangs,0,1260,choppy刘海,,assistant_category0_draft,待校对,??????????,https://danbooru.donmai.us/wiki_pages/choppy_bangs,ok
482205,crayon,0,1259,crayon,,assistant_category0_draft,待校对,??????????,https://danbooru.donmai.us/wiki_pages/crayon,ok
472653,stained_panties,0,1259,污渍内裤,,assistant_category0_draft,待校对,??????????,https://danbooru.donmai.us/wiki_pages/stained_panties,ok
1058783,aviator_sunglasses,0,1258,aviatorsunglasses,,assistant_category0_draft,待校对,??????????,https://danbooru.donmai.us/wiki_pages/aviator_sunglasses,ok
620608,no_tail,0,1257,无尾巴,,assistant_category0_draft,待校对,??????????,https://danbooru.donmai.us/wiki_pages/no_tail,not_found
553905,pink_tail,0,1256,粉色尾巴,,assistant_category0_draft,待校对,??????????,https://danbooru.donmai.us/wiki_pages/pink_tail,ok
1350215,blue_robe,0,1254,蓝色长袍,,assistant_category0_draft,待校对,??????????,https://danbooru.donmai.us/wiki_pages/blue_robe,ok
1441859,aqua_footwear,0,1249,水色鞋履,,assistant_category0_draft,待校对,??????????,https://danbooru.donmai.us/wiki_pages/aqua_footwear,ok
548516,pinstripe_shirt,0,1247,细条纹衬衫,,assistant_category0_draft,待校对,??????????,https://danbooru.donmai.us/wiki_pages/pinstripe_shirt,ok
1305509,box_of_chocolates,0,1246,盒子的chocolates,,assistant_category0_draft,待校对,??????????,https://danbooru.donmai.us/wiki_pages/box_of_chocolates,ok
1835765,evangelion_(mecha),0,1244,evangelion,,assistant_category0_draft,待校对,??????????,https://danbooru.donmai.us/wiki_pages/evangelion_%28mecha%29,ok
2016852,full_beard,0,1244,全胡须,,assistant_category0_draft,待校对,??????????,https://danbooru.donmai.us/wiki_pages/full_beard,ok
1793017,griffin_&_kryuger_military_uniform,0,1242,griffin&kryuger军装制服,,assistant_category0_draft,待校对,??????????,https://danbooru.donmai.us/wiki_pages/griffin_%26_kryuger_military_uniform,ok
1501467,bandaid_hair_ornament,0,1242,bandaid发饰,,assistant_category0_draft,待校对,??????????,https://danbooru.donmai.us/wiki_pages/bandaid_hair_ornament,ok
1719544,they_had_lots_of_sex_afterwards_(meme),0,1241,theyhadlots的性行为afterwards,,assistant_category0_draft,待校对,??????????,https://danbooru.donmai.us/wiki_pages/they_had_lots_of_sex_afterwards_%28meme%29,ok
691041,yellow_sky,0,1239,黄色天空,,assistant_category0_draft,待校对,??????????,https://danbooru.donmai.us/wiki_pages/yellow_sky,ok
1270632,huge_moon,0,1238,巨大月亮,,assistant_category0_draft,待校对,??????????,https://danbooru.donmai.us/wiki_pages/huge_moon,ok
191357,loose_shirt,0,1238,宽松衬衫,,assistant_category0_draft,待校对,??????????,https://danbooru.donmai.us/wiki_pages/loose_shirt,ok
1638312,footwear_ribbon,0,1235,鞋履缎带,,assistant_category0_draft,待校对,??????????,https://danbooru.donmai.us/wiki_pages/footwear_ribbon,ok
1497365,pov_doorway,0,1233,主观视角doorway,,assistant_category0_draft,待校对,??????????,https://danbooru.donmai.us/wiki_pages/pov_doorway,ok
1504031,white_butterfly,0,1232,白色蝴蝶,,assistant_category0_draft,待校对,??????????,https://danbooru.donmai.us/wiki_pages/white_butterfly,ok
1384374,grey_hairband,0,1232,灰色发箍,,assistant_category0_draft,待校对,??????????,https://danbooru.donmai.us/wiki_pages/grey_hairband,ok
1835593,ornate_ring,0,1232,华丽戒指,,assistant_category0_draft,待校对,??????????,https://danbooru.donmai.us/wiki_pages/ornate_ring,ok
1430264,coin_hair_ornament,0,1231,硬币发饰,,assistant_category0_draft,待校对,??????????,https://danbooru.donmai.us/wiki_pages/coin_hair_ornament,ok
1509338,holding_tablet_pc,0,1230,拿着tabletpc,,assistant_category0_draft,待校对,??????????,https://danbooru.donmai.us/wiki_pages/holding_tablet_pc,ok
477060,hair_lift,0,1229,头发掀起,,assistant_category0_draft,待校对,??????????,https://danbooru.donmai.us/wiki_pages/hair_lift,ok
412162,bucket_hat,0,1228,桶帽子,,assistant_category0_draft,待校对,??????????,https://danbooru.donmai.us/wiki_pages/bucket_hat,ok
646003,curled_fingers,0,1227,curled手指,,assistant_category0_draft,待校对,??????????,https://danbooru.donmai.us/wiki_pages/curled_fingers,ok
1441951,gold_footwear,0,1225,金色鞋履,,assistant_category0_draft,待校对,??????????,https://danbooru.donmai.us/wiki_pages/gold_footwear,ok
16918,tutu,0,1224,tutu,,assistant_category0_draft,待校对,??????????,https://danbooru.donmai.us/wiki_pages/tutu,ok
1427833,holding_popsicle,0,1224,拿着冰棒,,assistant_category0_draft,待校对,??????????,https://danbooru.donmai.us/wiki_pages/holding_popsicle,ok
1509089,between_pectorals,0,1224,之间pectorals,,assistant_category0_draft,待校对,??????????,https://danbooru.donmai.us/wiki_pages/between_pectorals,ok
1343008,orange_vest,0,1222,橙色背心,,assistant_category0_draft,待校对,??????????,https://danbooru.donmai.us/wiki_pages/orange_vest,ok
1379986,alpaca_ears,0,1222,alpaca耳朵,,assistant_category0_draft,待校对,??????????,https://danbooru.donmai.us/wiki_pages/alpaca_ears,ok
1605157,colored_nipples,0,1221,有色乳头,,assistant_category0_draft,待校对,??????????,https://danbooru.donmai.us/wiki_pages/colored_nipples,ok
1749113,arthropod_limbs,0,1220,arthropod肢体,,assistant_category0_draft,待校对,??????????,https://danbooru.donmai.us/wiki_pages/arthropod_limbs,ok
702958,holding_ribbon,0,1219,拿着缎带,,assistant_category0_draft,待校对,??????????,https://danbooru.donmai.us/wiki_pages/holding_ribbon,ok
1399041,yellow_tail,0,1218,黄色尾巴,,assistant_category0_draft,待校对,??????????,https://danbooru.donmai.us/wiki_pages/yellow_tail,ok
1409664,floating_scarf,0,1218,漂浮围巾,,assistant_category0_draft,待校对,??????????,https://danbooru.donmai.us/wiki_pages/floating_scarf,ok
1488405,mole_on_cheek,0,1216,脸颊上的痣,,assistant_category0_draft,待校对,??????????,https://danbooru.donmai.us/wiki_pages/mole_on_cheek,ok
1926688,low-tied_sidelocks,0,1215,低系着侧发,,assistant_category0_draft,待校对,??????????,https://danbooru.donmai.us/wiki_pages/low-tied_sidelocks,ok
612322,sheikah,0,1215,sheikah,,assistant_category0_draft,待校对,??????????,https://danbooru.donmai.us/wiki_pages/sheikah,ok
1469257,single_epaulette,0,1215,单侧epaulette,,assistant_category0_draft,待校对,??????????,https://danbooru.donmai.us/wiki_pages/single_epaulette,ok
1513405,heart_facial_mark,0,1214,心形脸部标记,,assistant_category0_draft,待校对,??????????,https://danbooru.donmai.us/wiki_pages/heart_facial_mark,ok
1391449,cropped_sweater,0,1213,短款毛衣,,assistant_category0_draft,待校对,??????????,https://danbooru.donmai.us/wiki_pages/cropped_sweater,ok
1716159,human_scabbard,0,1213,humanscabbard,,assistant_category0_draft,待校对,??????????,https://danbooru.donmai.us/wiki_pages/human_scabbard,ok
519987,pikmin_(creature),0,1212,pikmin,,assistant_category0_draft,待校对,??????????,https://danbooru.donmai.us/wiki_pages/pikmin_%28creature%29,ok
395164,napkin,0,1210,napkin,,assistant_category0_draft,待校对,??????????,https://danbooru.donmai.us/wiki_pages/napkin,ok
1325319,wrist_bow,0,1210,手腕蝴蝶结,,assistant_category0_draft,待校对,??????????,https://danbooru.donmai.us/wiki_pages/wrist_bow,ok
1238293,grey_wings,0,1209,灰色翅膀,,assistant_category0_draft,待校对,??????????,https://danbooru.donmai.us/wiki_pages/grey_wings,ok
1569456,pizza_slice,0,1209,披萨片,,assistant_category0_draft,待校对,??????????,https://danbooru.donmai.us/wiki_pages/pizza_slice,ok
487760,under_tree,0,1207,在下树,,assistant_category0_draft,待校对,??????????,https://danbooru.donmai.us/wiki_pages/under_tree,ok
1427573,brown_sleeves,0,1207,棕色袖子,,assistant_category0_draft,待校对,??????????,https://danbooru.donmai.us/wiki_pages/brown_sleeves,ok
645655,wall_clock,0,1205,墙时钟,,assistant_category0_draft,待校对,??????????,https://danbooru.donmai.us/wiki_pages/wall_clock,ok
1439729,green_fur,0,1204,绿色毛皮,,assistant_category0_draft,待校对,??????????,https://danbooru.donmai.us/wiki_pages/green_fur,ok
475500,kissing_hand,0,1203,亲吻手,,assistant_category0_draft,待校对,??????????,https://danbooru.donmai.us/wiki_pages/kissing_hand,ok
469710,energy_drink,0,1203,energy饮料,,assistant_category0_draft,待校对,??????????,https://danbooru.donmai.us/wiki_pages/energy_drink,ok
1364890,white_hood,0,1202,白色兜帽,,assistant_category0_draft,待校对,??????????,https://danbooru.donmai.us/wiki_pages/white_hood,ok
1397788,brown_choker,0,1202,棕色项圈,,assistant_category0_draft,待校对,??????????,https://danbooru.donmai.us/wiki_pages/brown_choker,ok
1799877,tracen_swimsuit,0,1202,特雷森泳装,,assistant_category0_draft,待校对,??????????,https://danbooru.donmai.us/wiki_pages/tracen_swimsuit,ok
1239921,pink_sky,0,1201,粉色天空,,assistant_category0_draft,待校对,??????????,https://danbooru.donmai.us/wiki_pages/pink_sky,ok
608993,uncommon_stimulation,0,1198,uncommonstimulation,,assistant_category0_draft,待校对,??????????,https://danbooru.donmai.us/wiki_pages/uncommon_stimulation,ok
714848,rectangular_mouth,0,1197,矩形嘴,,assistant_category0_draft,待校对,??????????,https://danbooru.donmai.us/wiki_pages/rectangular_mouth,ok
1414615,mole_on_stomach,0,1196,腹部上的痣,,assistant_category0_draft,待校对,??????????,https://danbooru.donmai.us/wiki_pages/mole_on_stomach,ok
633878,pursed_lips,0,1195,pursed嘴唇,,assistant_category0_draft,待校对,??????????,https://danbooru.donmai.us/wiki_pages/pursed_lips,ok
1444217,red_tank_top,0,1195,红色背心上衣,,assistant_category0_draft,待校对,??????????,https://danbooru.donmai.us/wiki_pages/red_tank_top,ok
568990,blue_tunic,0,1195,蓝色束腰外衣,,assistant_category0_draft,待校对,??????????,https://danbooru.donmai.us/wiki_pages/blue_tunic,ok
1258824,print_shorts,0,1193,印花短裤,,assistant_category0_draft,待校对,??????????,https://danbooru.donmai.us/wiki_pages/print_shorts,ok
837919,deer_girl,0,1189,鹿女孩,,assistant_category0_draft,待校对,??????????,https://danbooru.donmai.us/wiki_pages/deer_girl,ok
1230297,single_wrist_cuff,0,1188,单侧手腕cuff,,assistant_category0_draft,待校对,??????????,https://danbooru.donmai.us/wiki_pages/single_wrist_cuff,ok
478362,kepi,0,1188,kepi,,assistant_category0_draft,待校对,??????????,https://danbooru.donmai.us/wiki_pages/kepi,ok
1461059,white_headdress,0,1187,白色headdress,,assistant_category0_draft,待校对,??????????,https://danbooru.donmai.us/wiki_pages/white_headdress,ok
610305,hand_to_head,0,1187,手贴近头,,assistant_category0_draft,待校对,??????????,https://danbooru.donmai.us/wiki_pages/hand_to_head,ok
445618,wet_dress,0,1186,湿连衣裙,,assistant_category0_draft,待校对,??????????,https://danbooru.donmai.us/wiki_pages/wet_dress,ok
521714,cursive,0,1181,cursive,,assistant_category0_draft,待校对,??????????,https://danbooru.donmai.us/wiki_pages/cursive,ok
1483518,orange_sleeves,0,1181,橙色袖子,,assistant_category0_draft,待校对,??????????,https://danbooru.donmai.us/wiki_pages/orange_sleeves,ok
1423578,brown_collar,0,1181,棕色衣领,,assistant_category0_draft,待校对,??????????,https://danbooru.donmai.us/wiki_pages/brown_collar,ok
1452852,two-tone_cape,0,1181,双色披风,,assistant_category0_draft,待校对,??????????,https://danbooru.donmai.us/wiki_pages/two-tone_cape,ok
1398131,hooded_bodysuit,0,1180,带兜帽紧身衣,,assistant_category0_draft,待校对,??????????,https://danbooru.donmai.us/wiki_pages/hooded_bodysuit,ok
609075,red_mask,0,1179,红色面具,,assistant_category0_draft,待校对,??????????,https://danbooru.donmai.us/wiki_pages/red_mask,ok
1750472,galaxy_expedition_team_survey_corps_uniform,0,1179,galaxyexpedition团队surveycorps制服,,assistant_category0_draft,待校对,??????????,https://danbooru.donmai.us/wiki_pages/galaxy_expedition_team_survey_corps_uniform,not_found
526671,child's_drawing,0,1176,childs绘画,,assistant_category0_draft,待校对,??????????,https://danbooru.donmai.us/wiki_pages/child%27s_drawing,ok
1433477,floating_cape,0,1176,漂浮披风,,assistant_category0_draft,待校对,??????????,https://danbooru.donmai.us/wiki_pages/floating_cape,ok
527344,body_armor,0,1176,身体盔甲,,assistant_category0_draft,待校对,??????????,https://danbooru.donmai.us/wiki_pages/body_armor,ok
1414486,red_mittens,0,1175,红色连指手套,,assistant_category0_draft,待校对,??????????,https://danbooru.donmai.us/wiki_pages/red_mittens,ok
580277,green_tail,0,1172,绿色尾巴,,assistant_category0_draft,待校对,??????????,https://danbooru.donmai.us/wiki_pages/green_tail,ok
1427616,purple_sash,0,1172,紫色饰带,,assistant_category0_draft,待校对,??????????,https://danbooru.donmai.us/wiki_pages/purple_sash,ok
1663181,alice_(alice_in_wonderland)_(cosplay),0,1172,alice,,assistant_category0_draft,待校对,??????????,https://danbooru.donmai.us/wiki_pages/alice_%28alice_in_wonderland%29_%28cosplay%29,ok
1397657,cat_ear_legwear,0,1172,猫耳朵腿部服饰,,assistant_category0_draft,待校对,??????????,https://danbooru.donmai.us/wiki_pages/cat_ear_legwear,ok
1405660,white_mittens,0,1169,白色连指手套,,assistant_category0_draft,待校对,??????????,https://danbooru.donmai.us/wiki_pages/white_mittens,ok
1360271,grey_cape,0,1168,灰色披风,,assistant_category0_draft,待校对,??????????,https://danbooru.donmai.us/wiki_pages/grey_cape,ok
1470190,frilled_sailor_collar,0,1168,褶边水手衣领,,assistant_category0_draft,待校对,??????????,https://danbooru.donmai.us/wiki_pages/frilled_sailor_collar,ok
550434,side_slit_shorts,0,1166,侧边开衩短裤,,assistant_category0_draft,待校对,??????????,https://danbooru.donmai.us/wiki_pages/side_slit_shorts,ok
1345376,wing_ornament,0,1166,翅膀饰品,,assistant_category0_draft,待校对,??????????,https://danbooru.donmai.us/wiki_pages/wing_ornament,ok
1681601,mash_kyrielight_(dangerous_beast)_(cosplay),0,1166,mashkyrielight,,assistant_category0_draft,待校对,??????????,https://danbooru.donmai.us/wiki_pages/mash_kyrielight_%28dangerous_beast%29_%28cosplay%29,ok
1604448,duel_academy_uniform_(yu-gi-oh!_gx),0,1165,决斗学院制服,,assistant_category0_draft,待校对,??????????,https://danbooru.donmai.us/wiki_pages/duel_academy_uniform_%28yu-gi-oh%21_gx%29,ok
1593048,race_vehicle,0,1165,比赛载具,,assistant_category0_draft,待校对,??????????,https://danbooru.donmai.us/wiki_pages/race_vehicle,ok
1495160,mismatched_eyebrows,0,1164,不对称眉毛,,assistant_category0_draft,待校对,??????????,https://danbooru.donmai.us/wiki_pages/mismatched_eyebrows,ok
1456713,cross_choker,0,1164,十字项圈,,assistant_category0_draft,待校对,??????????,https://danbooru.donmai.us/wiki_pages/cross_choker,ok
1512126,black_sweater_vest,0,1164,黑色毛衣背心,,assistant_category0_draft,待校对,??????????,https://danbooru.donmai.us/wiki_pages/black_sweater_vest,ok
607513,arms_around_waist,0,1163,手臂围在腰周围,,assistant_category0_draft,待校对,??????????,https://danbooru.donmai.us/wiki_pages/arms_around_waist,not_found
495021,rider_belt,0,1161,rider腰带,,assistant_category0_draft,待校对,??????????,https://danbooru.donmai.us/wiki_pages/rider_belt,ok
433870,broken_heart,0,1160,破损心形,,assistant_category0_draft,待校对,??????????,https://danbooru.donmai.us/wiki_pages/broken_heart,ok
1954874,girthy_penis,0,1158,girthy阴茎,,assistant_category0_draft,待校对,??????????,https://danbooru.donmai.us/wiki_pages/girthy_penis,ok
492648,yellow_socks,0,1156,黄色袜子,,assistant_category0_draft,待校对,??????????,https://danbooru.donmai.us/wiki_pages/yellow_socks,ok
1682536,alternate_muscle_size,0,1156,替换muscle尺寸,,assistant_category0_draft,待校对,??????????,https://danbooru.donmai.us/wiki_pages/alternate_muscle_size,ok
1881213,uva_academy_school_uniform,0,1156,uva学院学校制服,,assistant_category0_draft,待校对,??????????,https://danbooru.donmai.us/wiki_pages/uva_academy_school_uniform,ok
1608617,fold-over_boots,0,1155,fold覆盖靴子,,assistant_category0_draft,待校对,??????????,https://danbooru.donmai.us/wiki_pages/fold-over_boots,ok
440482,leg_wrap,0,1154,腿wrap,,assistant_category0_draft,待校对,??????????,https://danbooru.donmai.us/wiki_pages/leg_wrap,ok
1456945,mochi_trail,0,1150,mochitrail,,assistant_category0_draft,待校对,??????????,https://danbooru.donmai.us/wiki_pages/mochi_trail,ok
1472423,sleeve_ribbon,0,1149,袖子缎带,,assistant_category0_draft,待校对,??????????,https://danbooru.donmai.us/wiki_pages/sleeve_ribbon,ok
377871,gerudo,0,1149,gerudo,,assistant_category0_draft,待校对,??????????,https://danbooru.donmai.us/wiki_pages/gerudo,ok
1353857,blood_on_arm,0,1149,手臂上的血,,assistant_category0_draft,待校对,??????????,https://danbooru.donmai.us/wiki_pages/blood_on_arm,ok
668806,tied_jacket,0,1149,系着夹克,,assistant_category0_draft,待校对,??????????,https://danbooru.donmai.us/wiki_pages/tied_jacket,ok
1419059,blue_tank_top,0,1147,蓝色背心上衣,,assistant_category0_draft,待校对,??????????,https://danbooru.donmai.us/wiki_pages/blue_tank_top,ok
1429073,holding_beachball,0,1146,拿着beachball,,assistant_category0_draft,待校对,??????????,https://danbooru.donmai.us/wiki_pages/holding_beachball,ok
554570,jockstrap,0,1145,jockstrap,,assistant_category0_draft,待校对,??????????,https://danbooru.donmai.us/wiki_pages/jockstrap,ok
1181961,multiple_weapons,0,1144,多个weapons,,assistant_category0_draft,待校对,??????????,https://danbooru.donmai.us/wiki_pages/multiple_weapons,ok
658977,wooden_chair,0,1142,wooden椅子,,assistant_category0_draft,待校对,??????????,https://danbooru.donmai.us/wiki_pages/wooden_chair,ok
1299125,elbows_on_table,0,1141,手肘在桌子,,assistant_category0_draft,待校对,??????????,https://danbooru.donmai.us/wiki_pages/elbows_on_table,ok
1575514,yuigaoka_school_uniform,0,1141,yuigaoka学校制服,,assistant_category0_draft,待校对,??????????,https://danbooru.donmai.us/wiki_pages/yuigaoka_school_uniform,ok
1301231,robot_animal,0,1139,机器人动物,,assistant_category0_draft,待校对,??????????,https://danbooru.donmai.us/wiki_pages/robot_animal,ok
632045,no_jacket,0,1137,无夹克,,assistant_category0_draft,待校对,??????????,https://danbooru.donmai.us/wiki_pages/no_jacket,ok
1324059,holding_jewelry,0,1136,拿着首饰,,assistant_category0_draft,待校对,??????????,https://danbooru.donmai.us/wiki_pages/holding_jewelry,ok
606330,condom_box,0,1135,避孕套盒子,,assistant_category0_draft,待校对,??????????,https://danbooru.donmai.us/wiki_pages/condom_box,ok
1392422,frilled_camisole,0,1135,褶边吊带背心,,assistant_category0_draft,待校对,??????????,https://danbooru.donmai.us/wiki_pages/frilled_camisole,ok
2006770,unworn_coat,0,1134,未穿戴的外套,,assistant_category0_draft,待校对,??????????,https://danbooru.donmai.us/wiki_pages/unworn_coat,ok
1561346,see-through_jacket,0,1133,透视夹克,,assistant_category0_draft,待校对,??????????,https://danbooru.donmai.us/wiki_pages/see-through_jacket,ok
614915,pink_cape,0,1133,粉色披风,,assistant_category0_draft,待校对,??????????,https://danbooru.donmai.us/wiki_pages/pink_cape,ok
664456,horn_ring,0,1132,角戒指,,assistant_category0_draft,待校对,??????????,https://danbooru.donmai.us/wiki_pages/horn_ring,ok
1607725,stuffed_winged_unicorn,0,1132,毛绒带翅膀的unicorn,,assistant_category0_draft,待校对,??????????,https://danbooru.donmai.us/wiki_pages/stuffed_winged_unicorn,ok
2006763,unworn_backpack,0,1131,未穿戴的backpack,,assistant_category0_draft,待校对,??????????,https://danbooru.donmai.us/wiki_pages/unworn_backpack,ok
414667,hedgehog_ears,0,1131,刺猬耳朵,,assistant_category0_draft,待校对,??????????,https://danbooru.donmai.us/wiki_pages/hedgehog_ears,ok
1450046,holding_megaphone,0,1130,拿着megaphone,,assistant_category0_draft,待校对,??????????,https://danbooru.donmai.us/wiki_pages/holding_megaphone,ok
394157,papers,0,1126,papers,,assistant_category0_draft,待校对,??????????,https://danbooru.donmai.us/wiki_pages/papers,ok
2006766,unworn_dress,0,1125,未穿戴的连衣裙,,assistant_category0_draft,待校对,??????????,https://danbooru.donmai.us/wiki_pages/unworn_dress,ok
1344687,holding_letter,0,1123,拿着letter,,assistant_category0_draft,待校对,??????????,https://danbooru.donmai.us/wiki_pages/holding_letter,ok
550352,hand_on_forehead,0,1122,手放在额头上,,assistant_category0_draft,待校对,??????????,https://danbooru.donmai.us/wiki_pages/hand_on_forehead,ok
1237688,open_bodysuit,0,1120,张开紧身衣,,assistant_category0_draft,待校对,??????????,https://danbooru.donmai.us/wiki_pages/open_bodysuit,ok
1345218,holding_behind_back,0,1120,拿着在后背部,,assistant_category0_draft,待校对,??????????,https://danbooru.donmai.us/wiki_pages/holding_behind_back,ok
1406965,holding_chocolate,0,1120,拿着巧克力,,assistant_category0_draft,待校对,??????????,https://danbooru.donmai.us/wiki_pages/holding_chocolate,ok
487790,studded_bracelet,0,1120,铆钉手镯,,assistant_category0_draft,待校对,??????????,https://danbooru.donmai.us/wiki_pages/studded_bracelet,ok
561654,animal_skull,0,1118,动物骷髅,,assistant_category0_draft,待校对,??????????,https://danbooru.donmai.us/wiki_pages/animal_skull,ok
1597931,pancake_stack,0,1116,pancake叠放,,assistant_category0_draft,待校对,??????????,https://danbooru.donmai.us/wiki_pages/pancake_stack,ok
428710,buster_sword,0,1113,buster剑,,assistant_category0_draft,待校对,??????????,https://danbooru.donmai.us/wiki_pages/buster_sword,ok
1316299,multicolored_scarf,0,1113,多色围巾,,assistant_category0_draft,待校对,??????????,https://danbooru.donmai.us/wiki_pages/multicolored_scarf,ok
1100029,hands_on_own_breasts,0,1112,手在自己的乳房,,assistant_category0_draft,待校对,??????????,https://danbooru.donmai.us/wiki_pages/hands_on_own_breasts,ok
607934,tentacles_on_male,0,1112,tentacles在男性,,assistant_category0_draft,待校对,??????????,https://danbooru.donmai.us/wiki_pages/tentacles_on_male,ok
1450864,head_chain,0,1109,头链条,,assistant_category0_draft,待校对,??????????,https://danbooru.donmai.us/wiki_pages/head_chain,ok
1427943,yellow_tank_top,0,1107,黄色背心上衣,,assistant_category0_draft,待校对,??????????,https://danbooru.donmai.us/wiki_pages/yellow_tank_top,ok
617955,polka_dot_skirt,0,1107,波点点裙子,,assistant_category0_draft,待校对,??????????,https://danbooru.donmai.us/wiki_pages/polka_dot_skirt,ok
1488071,orange_tail,0,1106,橙色尾巴,,assistant_category0_draft,待校对,??????????,https://danbooru.donmai.us/wiki_pages/orange_tail,ok
399273,adidas,0,1106,adidas,,assistant_category0_draft,待校对,??????????,https://danbooru.donmai.us/wiki_pages/adidas,ok
1416950,vertical-striped_jacket,0,1105,竖条纹夹克,,assistant_category0_draft,待校对,??????????,https://danbooru.donmai.us/wiki_pages/vertical-striped_jacket,ok
487783,leather_pants,0,1103,皮革裤子,,assistant_category0_draft,待校对,??????????,https://danbooru.donmai.us/wiki_pages/leather_pants,ok
960973,cardigan_around_waist,0,1103,开衫围在腰周围,,assistant_category0_draft,待校对,??????????,https://danbooru.donmai.us/wiki_pages/cardigan_around_waist,ok
1481671,torn_bodystocking,0,1102,破损的bodystocking,,assistant_category0_draft,待校对,??????????,https://danbooru.donmai.us/wiki_pages/torn_bodystocking,ok
1229971,shoulder_cannon,0,1101,肩cannon,,assistant_category0_draft,待校对,??????????,https://danbooru.donmai.us/wiki_pages/shoulder_cannon,ok
1401831,purple_ascot,0,1099,紫色领巾,,assistant_category0_draft,待校对,??????????,https://danbooru.donmai.us/wiki_pages/purple_ascot,ok
1868991,twitter_strip_game_(meme),0,1099,Twitterstrip游戏,,assistant_category0_draft,待校对,??????????,https://danbooru.donmai.us/wiki_pages/twitter_strip_game_%28meme%29,not_found
561682,clownfish,0,1096,clownfish,,assistant_category0_draft,待校对,??????????,https://danbooru.donmai.us/wiki_pages/clownfish,ok
1466798,holding_money,0,1094,拿着money,,assistant_category0_draft,待校对,??????????,https://danbooru.donmai.us/wiki_pages/holding_money,ok
1535682,two-tone_hoodie,0,1094,双色连帽衫,,assistant_category0_draft,待校对,??????????,https://danbooru.donmai.us/wiki_pages/two-tone_hoodie,ok
623986,green_sclera,0,1092,绿色巩膜,,assistant_category0_draft,待校对,??????????,https://danbooru.donmai.us/wiki_pages/green_sclera,ok
1571287,berry_(pokemon),0,1092,berry,,assistant_category0_draft,待校对,??????????,https://danbooru.donmai.us/wiki_pages/berry_%28pokemon%29,ok
620885,latex_legwear,0,1089,latex腿部服饰,,assistant_category0_draft,待校对,??????????,https://danbooru.donmai.us/wiki_pages/latex_legwear,ok
1435395,grey_tank_top,0,1089,灰色背心上衣,,assistant_category0_draft,待校对,??????????,https://danbooru.donmai.us/wiki_pages/grey_tank_top,ok
684797,hands_on_another's_hips,0,1089,手在他人hips,,assistant_category0_draft,待校对,??????????,https://danbooru.donmai.us/wiki_pages/hands_on_another%27s_hips,ok
417498,christmas_present,0,1089,圣诞present,,assistant_category0_draft,待校对,??????????,https://danbooru.donmai.us/wiki_pages/christmas_present,ok
533099,sitting_on_rock,0,1088,坐着在岩石,,assistant_category0_draft,待校对,??????????,https://danbooru.donmai.us/wiki_pages/sitting_on_rock,ok
2068563,barefoot_sandals_(jewelry),0,1088,barefoot凉鞋,,assistant_category0_draft,待校对,??????????,https://danbooru.donmai.us/wiki_pages/barefoot_sandals_%28jewelry%29,ok
1012946,breasts_on_table,0,1087,乳房在桌子,,assistant_category0_draft,待校对,??????????,https://danbooru.donmai.us/wiki_pages/breasts_on_table,ok
15469,coconut,0,1087,coconut,,assistant_category0_draft,待校对,??????????,https://danbooru.donmai.us/wiki_pages/coconut,ok
1247424,brick_floor,0,1086,brick地板,,assistant_category0_draft,待校对,??????????,https://danbooru.donmai.us/wiki_pages/brick_floor,ok
1881200,ashford_academy_school_uniform,0,1086,ashford学院学校制服,,assistant_category0_draft,待校对,??????????,https://danbooru.donmai.us/wiki_pages/ashford_academy_school_uniform,ok
549347,green_pantyhose,0,1086,绿色连裤袜,,assistant_category0_draft,待校对,??????????,https://danbooru.donmai.us/wiki_pages/green_pantyhose,ok
1623058,male_maid,0,1084,男性女仆,,assistant_category0_draft,待校对,??????????,https://danbooru.donmai.us/wiki_pages/male_maid,ok
1450741,oohashi_high_school_uniform,0,1084,oohashi高学校制服,,assistant_category0_draft,待校对,??????????,https://danbooru.donmai.us/wiki_pages/oohashi_high_school_uniform,ok
1611387,fumo_(doll),0,1083,fumo,,assistant_category0_draft,待校对,??????????,https://danbooru.donmai.us/wiki_pages/fumo_%28doll%29,ok
406050,rough_sex,0,1083,rough性行为,,assistant_category0_draft,待校对,??????????,https://danbooru.donmai.us/wiki_pages/rough_sex,ok
469235,amplifier,0,1082,amplifier,,assistant_category0_draft,待校对,??????????,https://danbooru.donmai.us/wiki_pages/amplifier,ok
484561,arm_cuffs,0,1082,手臂袖口,,assistant_category0_draft,待校对,??????????,https://danbooru.donmai.us/wiki_pages/arm_cuffs,ok
1377852,hair_on_horn,0,1081,头发在角,,assistant_category0_draft,待校对,??????????,https://danbooru.donmai.us/wiki_pages/hair_on_horn,ok
1793356,floral_print_kimono,0,1080,floral印花和服,,assistant_category0_draft,待校对,??????????,https://danbooru.donmai.us/wiki_pages/floral_print_kimono,ok
1242619,fake_nails,0,1080,假的nails,,assistant_category0_draft,待校对,??????????,https://danbooru.donmai.us/wiki_pages/fake_nails,ok
12500,pendulum,0,1080,pendulum,,assistant_category0_draft,待校对,??????????,https://danbooru.donmai.us/wiki_pages/pendulum,ok
429978,between_toes,0,1079,之间toes,,assistant_category0_draft,待校对,??????????,https://danbooru.donmai.us/wiki_pages/between_toes,ok
1258093,ribbon-trimmed_headwear,0,1078,缎带镶边头饰,,assistant_category0_draft,待校对,??????????,https://danbooru.donmai.us/wiki_pages/ribbon-trimmed_headwear,ok
1339258,logo_parody,0,1076,标志parody,,assistant_category0_draft,待校对,??????????,https://danbooru.donmai.us/wiki_pages/logo_parody,ok
1365439,jaguar_print,0,1075,美洲豹印花,,assistant_category0_draft,待校对,??????????,https://danbooru.donmai.us/wiki_pages/jaguar_print,ok
576346,adjusting_necktie,0,1074,整理领带,,assistant_category0_draft,待校对,??????????,https://danbooru.donmai.us/wiki_pages/adjusting_necktie,ok
1344492,on_motorcycle,0,1072,在motorcycle,,assistant_category0_draft,待校对,??????????,https://danbooru.donmai.us/wiki_pages/on_motorcycle,ok
403466,medallion,0,1072,medallion,,assistant_category0_draft,待校对,??????????,https://danbooru.donmai.us/wiki_pages/medallion,ok
746897,pussy_juice_drip_through_clothes,0,1072,pussyjuice滴落过服装,,assistant_category0_draft,待校对,??????????,https://danbooru.donmai.us/wiki_pages/pussy_juice_drip_through_clothes,ok
1407341,holding_notebook,0,1072,拿着notebook,,assistant_category0_draft,待校对,??????????,https://danbooru.donmai.us/wiki_pages/holding_notebook,ok
1779554,ear_birthmark,0,1072,耳朵birthmark,,assistant_category0_draft,待校对,??????????,https://danbooru.donmai.us/wiki_pages/ear_birthmark,ok
490118,pool_of_blood,0,1071,水池的血,,assistant_category0_draft,待校对,??????????,https://danbooru.donmai.us/wiki_pages/pool_of_blood,ok
1648109,hololive_idol_uniform,0,1071,hololive偶像制服,,assistant_category0_draft,待校对,??????????,https://danbooru.donmai.us/wiki_pages/hololive_idol_uniform,ok
1529528,yellow_raincoat,0,1070,黄色raincoat,,assistant_category0_draft,待校对,??????????,https://danbooru.donmai.us/wiki_pages/yellow_raincoat,ok
659461,sleep_bubble,0,1070,睡眠泡泡,,assistant_category0_draft,待校对,??????????,https://danbooru.donmai.us/wiki_pages/sleep_bubble,ok
1539213,flower_over_eye,0,1069,花覆盖眼睛,,assistant_category0_draft,待校对,??????????,https://danbooru.donmai.us/wiki_pages/flower_over_eye,ok
672588,cardigan_vest,0,1068,开衫背心,,assistant_category0_draft,待校对,??????????,https://danbooru.donmai.us/wiki_pages/cardigan_vest,ok
1453635,cartoon_bone,0,1068,cartoon骨头,,assistant_category0_draft,待校对,??????????,https://danbooru.donmai.us/wiki_pages/cartoon_bone,ok
1494960,yellow-tinted_eyewear,0,1067,黄色染色眼镜,,assistant_category0_draft,待校对,??????????,https://danbooru.donmai.us/wiki_pages/yellow-tinted_eyewear,ok
571951,flaming_sword,0,1065,燃烧剑,,assistant_category0_draft,待校对,??????????,https://danbooru.donmai.us/wiki_pages/flaming_sword,ok
1343361,opened_by_self,0,1065,openedby自己,,assistant_category0_draft,待校对,??????????,https://danbooru.donmai.us/wiki_pages/opened_by_self,ok
742744,bean_bag_chair,0,1064,bean包椅子,,assistant_category0_draft,待校对,??????????,https://danbooru.donmai.us/wiki_pages/bean_bag_chair,ok
1329330,bunny_day,0,1064,兔女郎白天,,assistant_category0_draft,待校对,??????????,https://danbooru.donmai.us/wiki_pages/bunny_day,ok
411403,tongs,0,1063,tongs,,assistant_category0_draft,待校对,??????????,https://danbooru.donmai.us/wiki_pages/tongs,ok
1440820,usekh_collar,0,1063,usekh衣领,,assistant_category0_draft,待校对,??????????,https://danbooru.donmai.us/wiki_pages/usekh_collar,ok
1598258,cross-laced_sleeves,0,1062,十字系带袖子,,assistant_category0_draft,待校对,??????????,https://danbooru.donmai.us/wiki_pages/cross-laced_sleeves,ok
1404539,green_tunic,0,1061,绿色束腰外衣,,assistant_category0_draft,待校对,??????????,https://danbooru.donmai.us/wiki_pages/green_tunic,ok
1406788,otter_ears,0,1060,水獭耳朵,,assistant_category0_draft,待校对,??????????,https://danbooru.donmai.us/wiki_pages/otter_ears,ok
474347,affectionate,0,1059,affectionate,,assistant_category0_draft,待校对,??????????,https://danbooru.donmai.us/wiki_pages/affectionate,ok
1518971,pectoral_press,0,1059,胸肌按压,,assistant_category0_draft,待校对,??????????,https://danbooru.donmai.us/wiki_pages/pectoral_press,ok
1432832,green_tank_top,0,1058,绿色背心上衣,,assistant_category0_draft,待校对,??????????,https://danbooru.donmai.us/wiki_pages/green_tank_top,ok
472542,beam_saber,0,1056,beamsaber,,assistant_category0_draft,待校对,??????????,https://danbooru.donmai.us/wiki_pages/beam_saber,ok
1730373,white_romper,0,1055,白色romper,,assistant_category0_draft,待校对,??????????,https://danbooru.donmai.us/wiki_pages/white_romper,ok
499998,sitting_backwards,0,1053,坐着backwards,,assistant_category0_draft,待校对,??????????,https://danbooru.donmai.us/wiki_pages/sitting_backwards,ok
1660195,long_earlobes,0,1052,长earlobes,,assistant_category0_draft,待校对,??????????,https://danbooru.donmai.us/wiki_pages/long_earlobes,ok
1715534,baton_(conducting),0,1050,baton,,assistant_category0_draft,待校对,??????????,https://danbooru.donmai.us/wiki_pages/baton_%28conducting%29,not_found
395642,vietnamese_dress,0,1045,vietnamese连衣裙,,assistant_category0_draft,待校对,??????????,https://danbooru.donmai.us/wiki_pages/vietnamese_dress,not_found
492703,long_neck,0,1043,长脖子,,assistant_category0_draft,待校对,??????????,https://danbooru.donmai.us/wiki_pages/long_neck,ok
487949,arm_above_head,0,1043,手臂上方头,,assistant_category0_draft,待校对,??????????,https://danbooru.donmai.us/wiki_pages/arm_above_head,ok
550385,linked_piercing,0,1043,linked穿孔,,assistant_category0_draft,待校对,??????????,https://danbooru.donmai.us/wiki_pages/linked_piercing,ok
974485,hoodie_lift,0,1041,连帽衫掀起,,assistant_category0_draft,待校对,??????????,https://danbooru.donmai.us/wiki_pages/hoodie_lift,ok
430376,bear_costume,0,1039,熊服装,,assistant_category0_draft,待校对,??????????,https://danbooru.donmai.us/wiki_pages/bear_costume,ok
1344738,snowflake_background,0,1039,snowflake背景,,assistant_category0_draft,待校对,??????????,https://danbooru.donmai.us/wiki_pages/snowflake_background,ok
1328442,green_belt,0,1038,绿色腰带,,assistant_category0_draft,待校对,??????????,https://danbooru.donmai.us/wiki_pages/green_belt,ok
663869,looking_through_legs,0,1036,看向过腿,,assistant_category0_draft,待校对,??????????,https://danbooru.donmai.us/wiki_pages/looking_through_legs,not_found
465518,snow_rabbit,0,1035,snow兔子,,assistant_category0_draft,待校对,??????????,https://danbooru.donmai.us/wiki_pages/snow_rabbit,ok
549921,swinging,0,1035,swinging,,assistant_category0_draft,待校对,??????????,https://danbooru.donmai.us/wiki_pages/swinging,ok
522469,centauroid,0,1035,centauroid,,assistant_category0_draft,待校对,??????????,https://danbooru.donmai.us/wiki_pages/centauroid,ok
1340790,holding_branch,0,1034,拿着branch,,assistant_category0_draft,待校对,??????????,https://danbooru.donmai.us/wiki_pages/holding_branch,ok
455483,shorts_around_one_leg,0,1034,短裤围在单腿周围,,assistant_category0_draft,待校对,??????????,https://danbooru.donmai.us/wiki_pages/shorts_around_one_leg,ok
1943,ad,0,1032,ad,,assistant_category0_draft,待校对,??????????,https://danbooru.donmai.us/wiki_pages/ad,ok
1234828,character_age,0,1032,角色年龄,,assistant_category0_draft,待校对,??????????,https://danbooru.donmai.us/wiki_pages/character_age,ok
1404665,aqua_neckerchief,0,1032,水色领巾,,assistant_category0_draft,待校对,??????????,https://danbooru.donmai.us/wiki_pages/aqua_neckerchief,ok
1509435,holding_remote_control,0,1032,拿着remotecontrol,,assistant_category0_draft,待校对,??????????,https://danbooru.donmai.us/wiki_pages/holding_remote_control,ok
659790,eldritch_abomination,0,1031,eldritchabomination,,assistant_category0_draft,待校对,??????????,https://danbooru.donmai.us/wiki_pages/eldritch_abomination,ok
572094,h&k_ump,0,1029,h&kump,,assistant_category0_draft,待校对,??????????,https://danbooru.donmai.us/wiki_pages/h%26k_ump,ok
1577478,super_saiyan_1,0,1029,超级赛亚人1,,assistant_category0_draft,待校对,??????????,https://danbooru.donmai.us/wiki_pages/super_saiyan_1,ok
596588,jacket_pull,0,1028,夹克拉起,,assistant_category0_draft,待校对,??????????,https://danbooru.donmai.us/wiki_pages/jacket_pull,ok
381467,credits,0,1024,credits,,assistant_category0_draft,待校对,??????????,https://danbooru.donmai.us/wiki_pages/credits,ok
646311,polka_dot_shirt,0,1024,波点点衬衫,,assistant_category0_draft,待校对,??????????,https://danbooru.donmai.us/wiki_pages/polka_dot_shirt,ok
714502,infinity_symbol,0,1024,infinity符号,,assistant_category0_draft,待校对,??????????,https://danbooru.donmai.us/wiki_pages/infinity_symbol,ok
1710578,underpec,0,1024,underpec,,assistant_category0_draft,待校对,??????????,https://danbooru.donmai.us/wiki_pages/underpec,ok
721903,fur_cloak,0,1024,毛皮斗篷,,assistant_category0_draft,待校对,??????????,https://danbooru.donmai.us/wiki_pages/fur_cloak,ok
1338731,holding_skull,0,1023,拿着骷髅,,assistant_category0_draft,待校对,??????????,https://danbooru.donmai.us/wiki_pages/holding_skull,ok
1325576,four-leaf_clover_hair_ornament,0,1022,four叶子四叶草发饰,,assistant_category0_draft,待校对,??????????,https://danbooru.donmai.us/wiki_pages/four-leaf_clover_hair_ornament,ok
1263464,potara_earrings,0,1021,potara耳环,,assistant_category0_draft,待校对,??????????,https://danbooru.donmai.us/wiki_pages/potara_earrings,ok
552418,detached_hair,0,1021,分离的头发,,assistant_category0_draft,待校对,??????????,https://danbooru.donmai.us/wiki_pages/detached_hair,not_found
1396770,animal_on_arm,0,1020,动物在手臂,,assistant_category0_draft,待校对,??????????,https://danbooru.donmai.us/wiki_pages/animal_on_arm,ok
615409,bag_of_chips,0,1020,包的薯片,,assistant_category0_draft,待校对,??????????,https://danbooru.donmai.us/wiki_pages/bag_of_chips,ok
1401249,grey_leotard,0,1018,灰色连体衣,,assistant_category0_draft,待校对,??????????,https://danbooru.donmai.us/wiki_pages/grey_leotard,ok
1845191,glaive_(polearm),0,1017,glaive,,assistant_category0_draft,待校对,??????????,https://danbooru.donmai.us/wiki_pages/glaive_%28polearm%29,ok
1320993,print_necktie,0,1015,印花领带,,assistant_category0_draft,待校对,??????????,https://danbooru.donmai.us/wiki_pages/print_necktie,ok
626910,head_only,0,1013,头仅,,assistant_category0_draft,待校对,??????????,https://danbooru.donmai.us/wiki_pages/head_only,ok
379180,zora,0,1013,zora,,assistant_category0_draft,待校对,??????????,https://danbooru.donmai.us/wiki_pages/zora,ok
539119,ultra_ball,0,1013,ultra球,,assistant_category0_draft,待校对,??????????,https://danbooru.donmai.us/wiki_pages/ultra_ball,ok
504065,cephalopod_eyes,0,1011,cephalopod眼睛,,assistant_category0_draft,待校对,??????????,https://danbooru.donmai.us/wiki_pages/cephalopod_eyes,ok
725442,blue_bandana,0,1011,蓝色头巾,,assistant_category0_draft,待校对,??????????,https://danbooru.donmai.us/wiki_pages/blue_bandana,ok
405504,apron_lift,0,1010,围裙掀起,,assistant_category0_draft,待校对,??????????,https://danbooru.donmai.us/wiki_pages/apron_lift,ok
604813,long_beard,0,1010,长胡须,,assistant_category0_draft,待校对,??????????,https://danbooru.donmai.us/wiki_pages/long_beard,ok
1400702,orange_belt,0,1010,橙色腰带,,assistant_category0_draft,待校对,??????????,https://danbooru.donmai.us/wiki_pages/orange_belt,ok
642231,white_lily,0,1008,白色lily,,assistant_category0_draft,待校对,??????????,https://danbooru.donmai.us/wiki_pages/white_lily,ok
457678,animal_slippers,0,1007,动物slippers,,assistant_category0_draft,待校对,??????????,https://danbooru.donmai.us/wiki_pages/animal_slippers,ok
1556083,camouflage_headwear,0,1007,迷彩头饰,,assistant_category0_draft,待校对,??????????,https://danbooru.donmai.us/wiki_pages/camouflage_headwear,ok
571640,jacket_over_swimsuit,0,1005,夹克覆盖泳装,,assistant_category0_draft,待校对,??????????,https://danbooru.donmai.us/wiki_pages/jacket_over_swimsuit,ok
407128,crumbs,0,1005,crumbs,,assistant_category0_draft,待校对,??????????,https://danbooru.donmai.us/wiki_pages/crumbs,ok
547983,rope_belt,0,1005,rope腰带,,assistant_category0_draft,待校对,??????????,https://danbooru.donmai.us/wiki_pages/rope_belt,ok
621690,no_mask,0,1004,无面具,,assistant_category0_draft,待校对,??????????,https://danbooru.donmai.us/wiki_pages/no_mask,ok
1397501,star_ornament,0,1002,星星饰品,,assistant_category0_draft,待校对,??????????,https://danbooru.donmai.us/wiki_pages/star_ornament,ok
1451576,checkered_sash,0,1001,棋盘格饰带,,assistant_category0_draft,待校对,??????????,https://danbooru.donmai.us/wiki_pages/checkered_sash,ok
1262145,hands_on_ground,0,1000,手在地面,,assistant_category0_draft,待校对,??????????,https://danbooru.donmai.us/wiki_pages/hands_on_ground,ok
1501556,yellow_sweater_vest,0,999,黄色毛衣背心,,assistant_category0_draft,待校对,??????????,https://danbooru.donmai.us/wiki_pages/yellow_sweater_vest,ok
1432422,purple_cardigan,0,999,紫色开衫,,assistant_category0_draft,待校对,??????????,https://danbooru.donmai.us/wiki_pages/purple_cardigan,ok
1371471,anchor_necklace,0,998,锚项链,,assistant_category0_draft,待校对,??????????,https://danbooru.donmai.us/wiki_pages/anchor_necklace,ok
1400406,striped_hairband,0,997,条纹发箍,,assistant_category0_draft,待校对,??????????,https://danbooru.donmai.us/wiki_pages/striped_hairband,ok
475528,ankle_grab,0,996,脚踝抓住,,assistant_category0_draft,待校对,??????????,https://danbooru.donmai.us/wiki_pages/ankle_grab,ok
651813,floating_card,0,994,漂浮card,,assistant_category0_draft,待校对,??????????,https://danbooru.donmai.us/wiki_pages/floating_card,ok
1247797,bike_shorts_under_shorts,0,994,bike短裤在短裤下,,assistant_category0_draft,待校对,??????????,https://danbooru.donmai.us/wiki_pages/bike_shorts_under_shorts,ok
1386162,facebook_username,0,993,facebook用户名,,assistant_category0_draft,待校对,??????????,https://danbooru.donmai.us/wiki_pages/facebook_username,ok
607013,stitched_mouth,0,992,缝线嘴,,assistant_category0_draft,待校对,??????????,https://danbooru.donmai.us/wiki_pages/stitched_mouth,ok
1364632,red_feathers,0,991,红色羽毛,,assistant_category0_draft,待校对,??????????,https://danbooru.donmai.us/wiki_pages/red_feathers,ok
1378073,ears_visible_through_hair,0,989,耳朵visible过头发,,assistant_category0_draft,待校对,??????????,https://danbooru.donmai.us/wiki_pages/ears_visible_through_hair,ok
1345225,half_mask,0,989,半面具,,assistant_category0_draft,待校对,??????????,https://danbooru.donmai.us/wiki_pages/half_mask,ok
379013,note,0,989,音符,,assistant_category0_draft,待校对,??????????,https://danbooru.donmai.us/wiki_pages/note,ok
1274150,print_sleeves,0,989,印花袖子,,assistant_category0_draft,待校对,??????????,https://danbooru.donmai.us/wiki_pages/print_sleeves,ok
1412249,green_scrunchie,0,988,绿色scrunchie,,assistant_category0_draft,待校对,??????????,https://danbooru.donmai.us/wiki_pages/green_scrunchie,ok
417910,duckling,0,987,duckling,,assistant_category0_draft,待校对,??????????,https://danbooru.donmai.us/wiki_pages/duckling,ok
1942283,thick_mustache,0,985,粗胡子,,assistant_category0_draft,待校对,??????????,https://danbooru.donmai.us/wiki_pages/thick_mustache,ok
1299465,coin_on_string,0,984,硬币在string,,assistant_category0_draft,待校对,??????????,https://danbooru.donmai.us/wiki_pages/coin_on_string,ok
545481,hand_on_leg,0,983,手放在腿上,,assistant_category0_draft,待校对,??????????,https://danbooru.donmai.us/wiki_pages/hand_on_leg,ok
429764,forehead_tattoo,0,983,额头纹身,,assistant_category0_draft,待校对,??????????,https://danbooru.donmai.us/wiki_pages/forehead_tattoo,ok
1252120,roundel,0,980,roundel,,assistant_category0_draft,待校对,??????????,https://danbooru.donmai.us/wiki_pages/roundel,ok
1674442,covered_testicles,0,980,覆盖的testicles,,assistant_category0_draft,待校对,??????????,https://danbooru.donmai.us/wiki_pages/covered_testicles,ok
716637,argyle_sweater,0,980,菱格纹毛衣,,assistant_category0_draft,待校对,??????????,https://danbooru.donmai.us/wiki_pages/argyle_sweater,ok
15619,sand_castle,0,979,sandcastle,,assistant_category0_draft,待校对,??????????,https://danbooru.donmai.us/wiki_pages/sand_castle,ok
409201,pinned,0,977,pinned,,assistant_category0_draft,待校对,??????????,https://danbooru.donmai.us/wiki_pages/pinned,ok
1601327,diamond_hairband,0,977,菱形发箍,,assistant_category0_draft,待校对,??????????,https://danbooru.donmai.us/wiki_pages/diamond_hairband,ok
907721,onesie,0,976,onesie,,assistant_category0_draft,待校对,??????????,https://danbooru.donmai.us/wiki_pages/onesie,ok
1379634,mmm_threesome,0,975,mmmthreesome,,assistant_category0_draft,待校对,??????????,https://danbooru.donmai.us/wiki_pages/mmm_threesome,ok
1791550,green_armband,0,975,绿色臂章,,assistant_category0_draft,待校对,??????????,https://danbooru.donmai.us/wiki_pages/green_armband,ok
673705,hand_rest,0,973,手支撑,,assistant_category0_draft,待校对,??????????,https://danbooru.donmai.us/wiki_pages/hand_rest,ok
681979,double_\m/,0,973,双m/,,assistant_category0_draft,待校对,??????????,https://danbooru.donmai.us/wiki_pages/double_%5Cm%2F,ok
537098,watching_television,0,972,watchingtelevision,,assistant_category0_draft,待校对,??????????,https://danbooru.donmai.us/wiki_pages/watching_television,ok
1329132,cherry_hair_ornament,0,971,cherry发饰,,assistant_category0_draft,待校对,??????????,https://danbooru.donmai.us/wiki_pages/cherry_hair_ornament,ok
574393,ace_of_hearts,0,970,A牌的hearts,,assistant_category0_draft,待校对,??????????,https://danbooru.donmai.us/wiki_pages/ace_of_hearts,ok
502652,ink_(medium),0,969,ink,,assistant_category0_draft,待校对,??????????,https://danbooru.donmai.us/wiki_pages/ink_%28medium%29,ok
1318748,floating_weapon,0,968,漂浮武器,,assistant_category0_draft,待校对,??????????,https://danbooru.donmai.us/wiki_pages/floating_weapon,ok
1457427,looking_at_food,0,967,看向食物,,assistant_category0_draft,待校对,??????????,https://danbooru.donmai.us/wiki_pages/looking_at_food,ok
1835748,striped_one-piece_swimsuit,0,966,条纹单件泳装,,assistant_category0_draft,待校对,??????????,https://danbooru.donmai.us/wiki_pages/striped_one-piece_swimsuit,ok
1375741,extra_faces,0,966,额外faces,,assistant_category0_draft,待校对,??????????,https://danbooru.donmai.us/wiki_pages/extra_faces,ok
587390,hand_on_headphones,0,965,手放在耳机上,,assistant_category0_draft,待校对,??????????,https://danbooru.donmai.us/wiki_pages/hand_on_headphones,ok
1161750,boy_sandwich,0,965,男孩sandwich,,assistant_category0_draft,待校对,??????????,https://danbooru.donmai.us/wiki_pages/boy_sandwich,ok
426382,bear_tail,0,964,熊尾巴,,assistant_category0_draft,待校对,??????????,https://danbooru.donmai.us/wiki_pages/bear_tail,ok
1260709,copy_ability,0,964,copyability,,assistant_category0_draft,待校对,??????????,https://danbooru.donmai.us/wiki_pages/copy_ability,ok
1496708,hitodama_print,0,963,hitodama印花,,assistant_category0_draft,待校对,??????????,https://danbooru.donmai.us/wiki_pages/hitodama_print,ok
1455373,v-shaped_eyes,0,962,V形形眼睛,,assistant_category0_draft,待校对,??????????,https://danbooru.donmai.us/wiki_pages/v-shaped_eyes,ok
648057,rabbit_hat,0,961,兔子帽子,,assistant_category0_draft,待校对,??????????,https://danbooru.donmai.us/wiki_pages/rabbit_hat,ok
2013939,thick_beard,0,960,粗胡须,,assistant_category0_draft,待校对,??????????,https://danbooru.donmai.us/wiki_pages/thick_beard,ok
6429,dwarf,0,960,dwarf,,assistant_category0_draft,待校对,??????????,https://danbooru.donmai.us/wiki_pages/dwarf,ok
538615,paper_stack,0,960,纸叠放,,assistant_category0_draft,待校对,??????????,https://danbooru.donmai.us/wiki_pages/paper_stack,ok
1240337,yellow_border,0,960,黄色边框,,assistant_category0_draft,待校对,??????????,https://danbooru.donmai.us/wiki_pages/yellow_border,ok
1489407,martial_arts_belt,0,960,martialarts腰带,,assistant_category0_draft,待校对,??????????,https://danbooru.donmai.us/wiki_pages/martial_arts_belt,ok
1413251,fur-trimmed_collar,0,959,毛皮镶边衣领,,assistant_category0_draft,待校对,??????????,https://danbooru.donmai.us/wiki_pages/fur-trimmed_collar,ok
678477,shared_speech_bubble,0,958,共用speech泡泡,,assistant_category0_draft,待校对,??????????,https://danbooru.donmai.us/wiki_pages/shared_speech_bubble,ok
1310659,hands_on_another's_thighs,0,958,手在他人thighs,,assistant_category0_draft,待校对,??????????,https://danbooru.donmai.us/wiki_pages/hands_on_another%27s_thighs,ok
634813,hugging_tail,0,957,拥抱尾巴,,assistant_category0_draft,待校对,??????????,https://danbooru.donmai.us/wiki_pages/hugging_tail,ok
1317392,sports_bra_lift,0,957,运动胸罩掀起,,assistant_category0_draft,待校对,??????????,https://danbooru.donmai.us/wiki_pages/sports_bra_lift,ok
577070,hand_on_wall,0,956,手放在墙上,,assistant_category0_draft,待校对,??????????,https://danbooru.donmai.us/wiki_pages/hand_on_wall,ok
421692,game_boy,0,956,游戏男孩,,assistant_category0_draft,待校对,??????????,https://danbooru.donmai.us/wiki_pages/game_boy,ok
1263485,single_thigh_boot,0,955,单侧大腿boot,,assistant_category0_draft,待校对,??????????,https://danbooru.donmai.us/wiki_pages/single_thigh_boot,ok
1569753,teardrop_tattoo,0,954,teardrop纹身,,assistant_category0_draft,待校对,??????????,https://danbooru.donmai.us/wiki_pages/teardrop_tattoo,ok
1344416,heart_pendant,0,954,心形吊坠,,assistant_category0_draft,待校对,??????????,https://danbooru.donmai.us/wiki_pages/heart_pendant,ok
691979,high_tops,0,953,高tops,,assistant_category0_draft,待校对,??????????,https://danbooru.donmai.us/wiki_pages/high_tops,ok
1252918,sitting_on_table,0,953,坐着在桌子,,assistant_category0_draft,待校对,??????????,https://danbooru.donmai.us/wiki_pages/sitting_on_table,ok
693309,sleeve_grab,0,953,袖子抓住,,assistant_category0_draft,待校对,??????????,https://danbooru.donmai.us/wiki_pages/sleeve_grab,not_found
582988,colored_text,0,952,有色文字,,assistant_category0_draft,待校对,??????????,https://danbooru.donmai.us/wiki_pages/colored_text,ok
839892,no_mole,0,951,无痣,,assistant_category0_draft,待校对,??????????,https://danbooru.donmai.us/wiki_pages/no_mole,ok
1687001,male_underwear_pull,0,951,男性内衣拉起,,assistant_category0_draft,待校对,??????????,https://danbooru.donmai.us/wiki_pages/male_underwear_pull,ok
622330,oversized_limbs,0,951,过大肢体,,assistant_category0_draft,待校对,??????????,https://danbooru.donmai.us/wiki_pages/oversized_limbs,ok
690728,missile_pod,0,951,missilepod,,assistant_category0_draft,待校对,??????????,https://danbooru.donmai.us/wiki_pages/missile_pod,ok
1240826,print_hoodie,0,951,印花连帽衫,,assistant_category0_draft,待校对,??????????,https://danbooru.donmai.us/wiki_pages/print_hoodie,ok
1490497,green-tinted_eyewear,0,950,绿色染色眼镜,,assistant_category0_draft,待校对,??????????,https://danbooru.donmai.us/wiki_pages/green-tinted_eyewear,ok
1244336,flower_brooch,0,950,花胸针,,assistant_category0_draft,待校对,??????????,https://danbooru.donmai.us/wiki_pages/flower_brooch,ok
876691,cum_in_container,0,948,精液在内container,,assistant_category0_draft,待校对,??????????,https://danbooru.donmai.us/wiki_pages/cum_in_container,ok
665892,cross-laced_legwear,0,947,十字系带腿部服饰,,assistant_category0_draft,待校对,??????????,https://danbooru.donmai.us/wiki_pages/cross-laced_legwear,ok
534139,popped_button,0,947,popped纽扣,,assistant_category0_draft,待校对,??????????,https://danbooru.donmai.us/wiki_pages/popped_button,ok
488521,canopy_bed,0,947,canopybed,,assistant_category0_draft,待校对,??????????,https://danbooru.donmai.us/wiki_pages/canopy_bed,ok
9476,minotaur,0,946,minotaur,,assistant_category0_draft,待校对,??????????,https://danbooru.donmai.us/wiki_pages/minotaur,ok
694148,candlelight,0,946,candlelight,,assistant_category0_draft,待校对,??????????,https://danbooru.donmai.us/wiki_pages/candlelight,ok
467700,salad,0,946,salad,,assistant_category0_draft,待校对,??????????,https://danbooru.donmai.us/wiki_pages/salad,ok
1372678,tumblr_username,0,946,tumblr用户名,,assistant_category0_draft,待校对,??????????,https://danbooru.donmai.us/wiki_pages/tumblr_username,ok
493711,finger_frame,0,945,手指框架,,assistant_category0_draft,待校对,??????????,https://danbooru.donmai.us/wiki_pages/finger_frame,ok
675922,on_roof,0,945,在roof,,assistant_category0_draft,待校对,??????????,https://danbooru.donmai.us/wiki_pages/on_roof,ok
424519,racecar,0,945,racecar,,assistant_category0_draft,待校对,??????????,https://danbooru.donmai.us/wiki_pages/racecar,ok
5302,elvaan,0,944,elvaan,,assistant_category0_draft,待校对,??????????,https://danbooru.donmai.us/wiki_pages/elvaan,ok
475951,ornament,0,943,饰品,,assistant_category0_draft,待校对,??????????,https://danbooru.donmai.us/wiki_pages/ornament,ok
1417605,blue_shawl,0,943,蓝色shawl,,assistant_category0_draft,待校对,??????????,https://danbooru.donmai.us/wiki_pages/blue_shawl,ok
1548224,butterfly_brooch,0,942,蝴蝶胸针,,assistant_category0_draft,待校对,??????????,https://danbooru.donmai.us/wiki_pages/butterfly_brooch,ok
1326876,diamond_hair_ornament,0,941,菱形发饰,,assistant_category0_draft,待校对,??????????,https://danbooru.donmai.us/wiki_pages/diamond_hair_ornament,ok
1392344,white_sarong,0,940,白色sarong,,assistant_category0_draft,待校对,??????????,https://danbooru.donmai.us/wiki_pages/white_sarong,ok
1578028,heart_on_chest,0,939,心形在胸口,,assistant_category0_draft,待校对,??????????,https://danbooru.donmai.us/wiki_pages/heart_on_chest,ok
1835737,green_one-piece_swimsuit,0,938,绿色单件泳装,,assistant_category0_draft,待校对,??????????,https://danbooru.donmai.us/wiki_pages/green_one-piece_swimsuit,ok
439842,purple_tongue,0,938,紫色舌头,,assistant_category0_draft,待校对,??????????,https://danbooru.donmai.us/wiki_pages/purple_tongue,ok
610394,wavy_eyes,0,938,wavy眼睛,,assistant_category0_draft,待校对,??????????,https://danbooru.donmai.us/wiki_pages/wavy_eyes,ok
458787,testicle_grab,0,938,testicle抓住,,assistant_category0_draft,待校对,??????????,https://danbooru.donmai.us/wiki_pages/testicle_grab,ok
1328313,shell_hair_ornament,0,937,贝壳发饰,,assistant_category0_draft,待校对,??????????,https://danbooru.donmai.us/wiki_pages/shell_hair_ornament,ok
1445049,grey_serafuku,0,936,灰色水手服,,assistant_category0_draft,待校对,??????????,https://danbooru.donmai.us/wiki_pages/grey_serafuku,ok
1386603,orange_cape,0,935,橙色披风,,assistant_category0_draft,待校对,??????????,https://danbooru.donmai.us/wiki_pages/orange_cape,ok
1283338,american_flag_print,0,935,美国旗帜印花,,assistant_category0_draft,待校对,??????????,https://danbooru.donmai.us/wiki_pages/american_flag_print,ok
479840,severed_limb,0,934,severed肢体,,assistant_category0_draft,待校对,??????????,https://danbooru.donmai.us/wiki_pages/severed_limb,ok
1860181,chain_headband,0,934,链条头带,,assistant_category0_draft,待校对,??????????,https://danbooru.donmai.us/wiki_pages/chain_headband,ok
1476164,holding_frying_pan,0,933,拿着fryingpan,,assistant_category0_draft,待校对,??????????,https://danbooru.donmai.us/wiki_pages/holding_frying_pan,ok
1272545,orange_leotard,0,932,橙色连体衣,,assistant_category0_draft,待校对,??????????,https://danbooru.donmai.us/wiki_pages/orange_leotard,ok
1424344,sling_bikini_top,0,932,吊带比基尼上衣,,assistant_category0_draft,待校对,??????????,https://danbooru.donmai.us/wiki_pages/sling_bikini_top,ok
1505133,spanish_text,0,932,spanish文字,,assistant_category0_draft,待校对,??????????,https://danbooru.donmai.us/wiki_pages/spanish_text,ok
1470771,planet_hair_ornament,0,931,planet发饰,,assistant_category0_draft,待校对,??????????,https://danbooru.donmai.us/wiki_pages/planet_hair_ornament,ok
120759,mat,0,929,垫子,,assistant_category0_draft,待校对,??????????,https://danbooru.donmai.us/wiki_pages/mat,ok
1319070,text_messaging,0,929,文字messaging,,assistant_category0_draft,待校对,??????????,https://danbooru.donmai.us/wiki_pages/text_messaging,ok
714122,ball_and_chain_restraint,0,928,球和链条restraint,,assistant_category0_draft,待校对,??????????,https://danbooru.donmai.us/wiki_pages/ball_and_chain_restraint,ok
1076830,hat_on_back,0,928,帽子在背部,,assistant_category0_draft,待校对,??????????,https://danbooru.donmai.us/wiki_pages/hat_on_back,ok
1428052,watermelon_slice,0,928,watermelon片,,assistant_category0_draft,待校对,??????????,https://danbooru.donmai.us/wiki_pages/watermelon_slice,ok
1441858,lap_pillow_invitation,0,928,大腿枕头invitation,,assistant_category0_draft,待校对,??????????,https://danbooru.donmai.us/wiki_pages/lap_pillow_invitation,ok
1465576,holding_teapot,0,926,拿着teapot,,assistant_category0_draft,待校对,??????????,https://danbooru.donmai.us/wiki_pages/holding_teapot,ok
511500,head_on_chest,0,926,头在胸口,,assistant_category0_draft,待校对,??????????,https://danbooru.donmai.us/wiki_pages/head_on_chest,ok
655737,pants_under_skirt,0,926,裤子在裙子下,,assistant_category0_draft,待校对,??????????,https://danbooru.donmai.us/wiki_pages/pants_under_skirt,ok
608024,arm_between_legs,0,926,手臂之间腿,,assistant_category0_draft,待校对,??????????,https://danbooru.donmai.us/wiki_pages/arm_between_legs,ok
1484224,pearl_hair_ornament,0,926,珍珠发饰,,assistant_category0_draft,待校对,??????????,https://danbooru.donmai.us/wiki_pages/pearl_hair_ornament,ok
1890159,hand_on_own_ear,0,923,手放在自己的耳朵上,,assistant_category0_draft,待校对,??????????,https://danbooru.donmai.us/wiki_pages/hand_on_own_ear,ok
2006768,unworn_bikini_bottom,0,923,未穿戴的比基尼bottom,,assistant_category0_draft,待校对,??????????,https://danbooru.donmai.us/wiki_pages/unworn_bikini_bottom,ok
1695426,popsicle_in_mouth,0,923,冰棒在内嘴,,assistant_category0_draft,待校对,??????????,https://danbooru.donmai.us/wiki_pages/popsicle_in_mouth,ok
9541,punk,0,922,punk,,assistant_category0_draft,待校对,??????????,https://danbooru.donmai.us/wiki_pages/punk,ok
1416325,multicolored_hairband,0,922,多色发箍,,assistant_category0_draft,待校对,??????????,https://danbooru.donmai.us/wiki_pages/multicolored_hairband,ok
679788,wet_towel,0,921,湿毛巾,,assistant_category0_draft,待校对,??????????,https://danbooru.donmai.us/wiki_pages/wet_towel,ok
1983409,drop-shaped_pupils,0,921,水滴形瞳孔,,assistant_category0_draft,待校对,??????????,https://danbooru.donmai.us/wiki_pages/drop-shaped_pupils,ok
1422612,purple_serafuku,0,919,紫色水手服,,assistant_category0_draft,待校对,??????????,https://danbooru.donmai.us/wiki_pages/purple_serafuku,ok
1754051,western_comics_(style),0,919,westerncomics,,assistant_category0_draft,待校对,??????????,https://danbooru.donmai.us/wiki_pages/western_comics_%28style%29,ok
675626,in_palm,0,919,在内手掌,,assistant_category0_draft,待校对,??????????,https://danbooru.donmai.us/wiki_pages/in_palm,ok
1247324,implied_fingering,0,919,暗示fingering,,assistant_category0_draft,待校对,??????????,https://danbooru.donmai.us/wiki_pages/implied_fingering,ok
535487,hand_over_eye,0,919,手覆盖眼睛,,assistant_category0_draft,待校对,??????????,https://danbooru.donmai.us/wiki_pages/hand_over_eye,ok
1360959,frilled_jacket,0,919,褶边夹克,,assistant_category0_draft,待校对,??????????,https://danbooru.donmai.us/wiki_pages/frilled_jacket,ok
467235,license_plate,0,918,license盘子,,assistant_category0_draft,待校对,??????????,https://danbooru.donmai.us/wiki_pages/license_plate,ok
547795,breaking,0,918,breaking,,assistant_category0_draft,待校对,??????????,https://danbooru.donmai.us/wiki_pages/breaking,ok
1436508,penis_on_ass,0,918,阴茎在臀部,,assistant_category0_draft,待校对,??????????,https://danbooru.donmai.us/wiki_pages/penis_on_ass,ok
546978,two-finger_salute,0,918,双手指salute,,assistant_category0_draft,待校对,??????????,https://danbooru.donmai.us/wiki_pages/two-finger_salute,ok
1425383,blue_pajamas,0,918,蓝色睡衣,,assistant_category0_draft,待校对,??????????,https://danbooru.donmai.us/wiki_pages/blue_pajamas,ok
564925,polka_dot_ribbon,0,916,波点点缎带,,assistant_category0_draft,待校对,??????????,https://danbooru.donmai.us/wiki_pages/polka_dot_ribbon,ok
1390981,ribbon_braid,0,916,缎带braid,,assistant_category0_draft,待校对,??????????,https://danbooru.donmai.us/wiki_pages/ribbon_braid,not_found
1436930,red_curtains,0,916,红色curtains,,assistant_category0_draft,待校对,??????????,https://danbooru.donmai.us/wiki_pages/red_curtains,ok
1835605,halter_shirt,0,915,halter衬衫,,assistant_category0_draft,待校对,??????????,https://danbooru.donmai.us/wiki_pages/halter_shirt,ok
1441554,red_sports_bra,0,915,红色运动胸罩,,assistant_category0_draft,待校对,??????????,https://danbooru.donmai.us/wiki_pages/red_sports_bra,ok
317012,zeon,0,915,zeon,,assistant_category0_draft,待校对,??????????,https://danbooru.donmai.us/wiki_pages/zeon,ok
643172,shotgun_shell,0,915,shotgun贝壳,,assistant_category0_draft,待校对,??????????,https://danbooru.donmai.us/wiki_pages/shotgun_shell,ok
4374,meta,0,913,meta,,assistant_category0_draft,待校对,??????????,https://danbooru.donmai.us/wiki_pages/meta,ok
2028289,sideless_kimono,0,913,侧边开口和服,,assistant_category0_draft,待校对,??????????,https://danbooru.donmai.us/wiki_pages/sideless_kimono,ok
1396474,single_knee_pad,0,912,单侧膝盖pad,,assistant_category0_draft,待校对,??????????,https://danbooru.donmai.us/wiki_pages/single_knee_pad,ok
570549,long_shirt,0,911,长衬衫,,assistant_category0_draft,待校对,??????????,https://danbooru.donmai.us/wiki_pages/long_shirt,ok
489578,whiskey,0,911,whiskey,,assistant_category0_draft,待校对,??????????,https://danbooru.donmai.us/wiki_pages/whiskey,ok
1510577,v_over_mouth,0,911,V形覆盖嘴,,assistant_category0_draft,待校对,??????????,https://danbooru.donmai.us/wiki_pages/v_over_mouth,ok
1419480,maid_day,0,911,女仆白天,,assistant_category0_draft,待校对,??????????,https://danbooru.donmai.us/wiki_pages/maid_day,ok
1776547,multiple_scars,0,911,多个scars,,assistant_category0_draft,待校对,??????????,https://danbooru.donmai.us/wiki_pages/multiple_scars,ok
1989967,segmented_comic,0,910,segmentedcomic,,assistant_category0_draft,待校对,??????????,https://danbooru.donmai.us/wiki_pages/segmented_comic,ok
547020,fidgeting,0,909,fidgeting,,assistant_category0_draft,待校对,??????????,https://danbooru.donmai.us/wiki_pages/fidgeting,ok
1688136,saliva_drip,0,908,saliva滴落,,assistant_category0_draft,待校对,??????????,https://danbooru.donmai.us/wiki_pages/saliva_drip,not_found
1546273,cross-laced_slit,0,908,十字系带开衩,,assistant_category0_draft,待校对,??????????,https://danbooru.donmai.us/wiki_pages/cross-laced_slit,ok
708682,hand_on_another's_hand,0,907,手放在他人手上,,assistant_category0_draft,待校对,??????????,https://danbooru.donmai.us/wiki_pages/hand_on_another%27s_hand,ok
525584,orange_socks,0,907,橙色袜子,,assistant_category0_draft,待校对,??????????,https://danbooru.donmai.us/wiki_pages/orange_socks,ok
658126,cream_on_face,0,907,奶油在脸,,assistant_category0_draft,待校对,??????????,https://danbooru.donmai.us/wiki_pages/cream_on_face,ok
1390068,joy-con,0,907,joycon,,assistant_category0_draft,待校对,??????????,https://danbooru.donmai.us/wiki_pages/joy-con,ok
1322883,flag_background,0,906,旗帜背景,,assistant_category0_draft,待校对,??????????,https://danbooru.donmai.us/wiki_pages/flag_background,ok
684743,sam_browne_belt,0,906,sambrowne腰带,,assistant_category0_draft,待校对,??????????,https://danbooru.donmai.us/wiki_pages/sam_browne_belt,ok
1317436,satin_panties,0,906,satin内裤,,assistant_category0_draft,待校对,??????????,https://danbooru.donmai.us/wiki_pages/satin_panties,ok
701994,pov_across_table,0,904,主观视角横过桌子,,assistant_category0_draft,待校对,??????????,https://danbooru.donmai.us/wiki_pages/pov_across_table,ok
1351262,hand_on_another's_ear,0,904,手放在他人耳朵上,,assistant_category0_draft,待校对,??????????,https://danbooru.donmai.us/wiki_pages/hand_on_another%27s_ear,ok
1754190,onii-shota,0,904,oniishota,,assistant_category0_draft,待校对,??????????,https://danbooru.donmai.us/wiki_pages/onii-shota,ok
460435,ivy,0,903,ivy,,assistant_category0_draft,待校对,??????????,https://danbooru.donmai.us/wiki_pages/ivy,ok
1370713,pink_umbrella,0,903,粉色伞,,assistant_category0_draft,待校对,??????????,https://danbooru.donmai.us/wiki_pages/pink_umbrella,ok
502186,broken_window,0,902,破损窗户,,assistant_category0_draft,待校对,??????????,https://danbooru.donmai.us/wiki_pages/broken_window,ok
1417085,double_horizontal_stripe,0,901,双横向条纹,,assistant_category0_draft,待校对,??????????,https://danbooru.donmai.us/wiki_pages/double_horizontal_stripe,ok
15902,jetpack,0,901,jetpack,,assistant_category0_draft,待校对,??????????,https://danbooru.donmai.us/wiki_pages/jetpack,ok
1574664,two-sided_skirt,0,901,双侧裙子,,assistant_category0_draft,待校对,??????????,https://danbooru.donmai.us/wiki_pages/two-sided_skirt,ok
1552959,genderswap_(otf),0,900,genderswap,,assistant_category0_draft,待校对,??????????,https://danbooru.donmai.us/wiki_pages/genderswap_%28otf%29,ok
791840,blue_umbrella,0,899,蓝色伞,,assistant_category0_draft,待校对,??????????,https://danbooru.donmai.us/wiki_pages/blue_umbrella,ok
444001,legband,0,899,legband,,assistant_category0_draft,待校对,??????????,https://danbooru.donmai.us/wiki_pages/legband,ok
478042,track_uniform,0,899,跑道制服,,assistant_category0_draft,待校对,??????????,https://danbooru.donmai.us/wiki_pages/track_uniform,ok
1258486,musical_note_print,0,898,musical音符印花,,assistant_category0_draft,待校对,??????????,https://danbooru.donmai.us/wiki_pages/musical_note_print,ok
1687562,off-shoulder_one-piece_swimsuit,0,897,露出肩单件泳装,,assistant_category0_draft,待校对,??????????,https://danbooru.donmai.us/wiki_pages/off-shoulder_one-piece_swimsuit,ok
1438293,holding_wrench,0,896,拿着wrench,,assistant_category0_draft,待校对,??????????,https://danbooru.donmai.us/wiki_pages/holding_wrench,ok
620832,hollow_eyes,0,896,hollow眼睛,,assistant_category0_draft,待校对,??????????,https://danbooru.donmai.us/wiki_pages/hollow_eyes,ok
389367,pineapple,0,895,pineapple,,assistant_category0_draft,待校对,??????????,https://danbooru.donmai.us/wiki_pages/pineapple,ok
1263595,soap_bottle,0,893,soap瓶,,assistant_category0_draft,待校对,??????????,https://danbooru.donmai.us/wiki_pages/soap_bottle,ok
2006765,unworn_eyepatch,0,893,未穿戴的eyepatch,,assistant_category0_draft,待校对,??????????,https://danbooru.donmai.us/wiki_pages/unworn_eyepatch,ok
662225,floating_book,0,891,漂浮书,,assistant_category0_draft,待校对,??????????,https://danbooru.donmai.us/wiki_pages/floating_book,ok
445428,guard_rail,0,891,护具rail,,assistant_category0_draft,待校对,??????????,https://danbooru.donmai.us/wiki_pages/guard_rail,ok
500191,rabbit_costume,0,891,兔子服装,,assistant_category0_draft,待校对,??????????,https://danbooru.donmai.us/wiki_pages/rabbit_costume,ok
1607841,holding_riding_crop,0,890,拿着骑乘crop,,assistant_category0_draft,待校对,??????????,https://danbooru.donmai.us/wiki_pages/holding_riding_crop,ok
1345296,skeleton_print,0,890,skeleton印花,,assistant_category0_draft,待校对,??????????,https://danbooru.donmai.us/wiki_pages/skeleton_print,ok
1595590,pectoral_focus,0,890,胸肌聚焦,,assistant_category0_draft,待校对,??????????,https://danbooru.donmai.us/wiki_pages/pectoral_focus,ok
562139,glove_biting,0,888,手套biting,,assistant_category0_draft,待校对,??????????,https://danbooru.donmai.us/wiki_pages/glove_biting,not_found
1827382,st._theresa's_girls_academy_school_uniform,0,888,st.theresas女孩学院学校制服,,assistant_category0_draft,待校对,??????????,https://danbooru.donmai.us/wiki_pages/st._theresa%27s_girls_academy_school_uniform,ok
168887,age_comparison,0,887,年龄comparison,,assistant_category0_draft,待校对,??????????,https://danbooru.donmai.us/wiki_pages/age_comparison,ok
1881202,st._chronica_academy_school_uniform,0,886,st.chronica学院学校制服,,assistant_category0_draft,待校对,??????????,https://danbooru.donmai.us/wiki_pages/st._chronica_academy_school_uniform,ok
524684,food_on_breasts,0,885,乳房上的食物,,assistant_category0_draft,待校对,??????????,https://danbooru.donmai.us/wiki_pages/food_on_breasts,ok
591843,flying_paper,0,885,飞出的纸,,assistant_category0_draft,待校对,??????????,https://danbooru.donmai.us/wiki_pages/flying_paper,ok
471586,breast_milk,0,884,乳房milk,,assistant_category0_draft,待校对,??????????,https://danbooru.donmai.us/wiki_pages/breast_milk,ok
475375,chocolate_cake,0,884,巧克力蛋糕,,assistant_category0_draft,待校对,??????????,https://danbooru.donmai.us/wiki_pages/chocolate_cake,ok
590202,pinstripe_suit,0,884,细条纹套装,,assistant_category0_draft,待校对,??????????,https://danbooru.donmai.us/wiki_pages/pinstripe_suit,ok
1064351,green_cloak,0,884,绿色斗篷,,assistant_category0_draft,待校对,??????????,https://danbooru.donmai.us/wiki_pages/green_cloak,ok
1513569,spaceship_hair_ornament,0,884,spaceship发饰,,assistant_category0_draft,待校对,??????????,https://danbooru.donmai.us/wiki_pages/spaceship_hair_ornament,ok
378206,joystick,0,882,joystick,,assistant_category0_draft,待校对,??????????,https://danbooru.donmai.us/wiki_pages/joystick,ok
640297,pump_action,0,882,pumpaction,,assistant_category0_draft,待校对,??????????,https://danbooru.donmai.us/wiki_pages/pump_action,ok
524545,box_art,0,882,盒子插画,,assistant_category0_draft,待校对,??????????,https://danbooru.donmai.us/wiki_pages/box_art,ok
1680143,pegasus_knight_uniform_(fire_emblem),0,882,pegasusknight制服,,assistant_category0_draft,待校对,??????????,https://danbooru.donmai.us/wiki_pages/pegasus_knight_uniform_%28fire_emblem%29,ok
1532157,green_eyeshadow,0,882,绿色眼影,,assistant_category0_draft,待校对,??????????,https://danbooru.donmai.us/wiki_pages/green_eyeshadow,ok
537572,teeth_hold,0,881,牙齿握住,,assistant_category0_draft,待校对,??????????,https://danbooru.donmai.us/wiki_pages/teeth_hold,ok
1309232,wallpaper_(object),0,881,wallpaper,,assistant_category0_draft,待校对,??????????,https://danbooru.donmai.us/wiki_pages/wallpaper_%28object%29,ok
1344657,cat_bag,0,880,猫包,,assistant_category0_draft,待校对,??????????,https://danbooru.donmai.us/wiki_pages/cat_bag,ok
1539221,bandaged_wrist,0,878,缠绷带的手腕,,assistant_category0_draft,待校对,??????????,https://danbooru.donmai.us/wiki_pages/bandaged_wrist,ok
1228145,holding_swimsuit,0,878,拿着泳装,,assistant_category0_draft,待校对,??????????,https://danbooru.donmai.us/wiki_pages/holding_swimsuit,ok
719023,implied_kiss,0,877,暗示kiss,,assistant_category0_draft,待校对,??????????,https://danbooru.donmai.us/wiki_pages/implied_kiss,ok
686745,spiked_hairband,0,877,带尖刺发箍,,assistant_category0_draft,待校对,??????????,https://danbooru.donmai.us/wiki_pages/spiked_hairband,ok
1098977,glass_bottle,0,876,镜瓶,,assistant_category0_draft,待校对,??????????,https://danbooru.donmai.us/wiki_pages/glass_bottle,ok
590861,black_sky,0,876,黑色天空,,assistant_category0_draft,待校对,??????????,https://danbooru.donmai.us/wiki_pages/black_sky,ok
487992,inkwell,0,875,inkwell,,assistant_category0_draft,待校对,??????????,https://danbooru.donmai.us/wiki_pages/inkwell,ok
390727,jester,0,874,jester,,assistant_category0_draft,待校对,??????????,https://danbooru.donmai.us/wiki_pages/jester,ok
1594642,holomyth,0,874,holomyth,,assistant_category0_draft,待校对,??????????,https://danbooru.donmai.us/wiki_pages/holomyth,ok
420937,stopwatch,0,872,stopwatch,,assistant_category0_draft,待校对,??????????,https://danbooru.donmai.us/wiki_pages/stopwatch,ok
664177,holding_footwear,0,872,拿着鞋履,,assistant_category0_draft,待校对,??????????,https://danbooru.donmai.us/wiki_pages/holding_footwear,ok
675084,holding_toy,0,871,拿着toy,,assistant_category0_draft,待校对,??????????,https://danbooru.donmai.us/wiki_pages/holding_toy,ok
622480,food_art,0,871,食物插画,,assistant_category0_draft,待校对,??????????,https://danbooru.donmai.us/wiki_pages/food_art,ok
472859,roots,0,871,roots,,assistant_category0_draft,待校对,??????????,https://danbooru.donmai.us/wiki_pages/roots,not_found
1617036,pokemon_move,0,871,宝可梦move,,assistant_category0_draft,待校对,??????????,https://danbooru.donmai.us/wiki_pages/pokemon_move,ok
2068712,hugging_book,0,870,拥抱书,,assistant_category0_draft,待校对,??????????,https://danbooru.donmai.us/wiki_pages/hugging_book,ok
1328754,brown_border,0,870,棕色边框,,assistant_category0_draft,待校对,??????????,https://danbooru.donmai.us/wiki_pages/brown_border,ok
560280,vignetting,0,870,vignetting,,assistant_category0_draft,待校对,??????????,https://danbooru.donmai.us/wiki_pages/vignetting,ok
503766,half-skirt,0,869,半裙子,,assistant_category0_draft,待校对,??????????,https://danbooru.donmai.us/wiki_pages/half-skirt,ok
447315,glock,0,868,glock,,assistant_category0_draft,待校对,??????????,https://danbooru.donmai.us/wiki_pages/glock,ok
480563,fast_food,0,868,fast食物,,assistant_category0_draft,待校对,??????????,https://danbooru.donmai.us/wiki_pages/fast_food,ok
529773,orange_jumpsuit,0,868,橙色jumpsuit,,assistant_category0_draft,待校对,??????????,https://danbooru.donmai.us/wiki_pages/orange_jumpsuit,ok
547523,flower_in_eye,0,868,花在内眼睛,,assistant_category0_draft,待校对,??????????,https://danbooru.donmai.us/wiki_pages/flower_in_eye,ok
1714871,midriff_sarashi,0,867,midriffsarashi,,assistant_category0_draft,待校对,??????????,https://danbooru.donmai.us/wiki_pages/midriff_sarashi,ok
1440813,red_track_suit,0,867,红色跑道套装,,assistant_category0_draft,待校对,??????????,https://danbooru.donmai.us/wiki_pages/red_track_suit,ok
803618,k-pop,0,867,kpop,,assistant_category0_draft,待校对,??????????,https://danbooru.donmai.us/wiki_pages/k-pop,ok
1398925,speaking_tube_headset,0,867,speaking抹胸headset,,assistant_category0_draft,待校对,??????????,https://danbooru.donmai.us/wiki_pages/speaking_tube_headset,ok
1363719,cum_on_eyewear,0,866,精液在眼镜,,assistant_category0_draft,待校对,??????????,https://danbooru.donmai.us/wiki_pages/cum_on_eyewear,ok
683512,grey_suit,0,866,灰色套装,,assistant_category0_draft,待校对,??????????,https://danbooru.donmai.us/wiki_pages/grey_suit,ok
1360272,hooded_vest,0,866,带兜帽背心,,assistant_category0_draft,待校对,??????????,https://danbooru.donmai.us/wiki_pages/hooded_vest,ok
410219,scylla,0,865,scylla,,assistant_category0_draft,待校对,??????????,https://danbooru.donmai.us/wiki_pages/scylla,ok
14528,bathrobe,0,863,bathrobe,,assistant_category0_draft,待校对,??????????,https://danbooru.donmai.us/wiki_pages/bathrobe,ok
1347574,mole_on_body,0,863,身体上的痣,,assistant_category0_draft,待校对,??????????,https://danbooru.donmai.us/wiki_pages/mole_on_body,ok
1299315,spoiler_(automobile),0,863,spoiler,,assistant_category0_draft,待校对,??????????,https://danbooru.donmai.us/wiki_pages/spoiler_%28automobile%29,ok
1620077,holding_fireworks,0,862,拿着fireworks,,assistant_category0_draft,待校对,??????????,https://danbooru.donmai.us/wiki_pages/holding_fireworks,ok
413068,sequential,0,860,sequential,,assistant_category0_draft,待校对,??????????,https://danbooru.donmai.us/wiki_pages/sequential,ok
412400,coif,0,860,coif,,assistant_category0_draft,待校对,??????????,https://danbooru.donmai.us/wiki_pages/coif,ok
1631697,alternate_pectoral_size,0,860,替换胸肌尺寸,,assistant_category0_draft,待校对,??????????,https://danbooru.donmai.us/wiki_pages/alternate_pectoral_size,ok
695792,chained_wrists,0,859,chainedwrists,,assistant_category0_draft,待校对,??????????,https://danbooru.donmai.us/wiki_pages/chained_wrists,ok
1425321,hogwarts_school_uniform,0,858,hogwarts学校制服,,assistant_category0_draft,待校对,??????????,https://danbooru.donmai.us/wiki_pages/hogwarts_school_uniform,ok
1429573,bow_skirt,0,858,蝴蝶结裙子,,assistant_category0_draft,待校对,??????????,https://danbooru.donmai.us/wiki_pages/bow_skirt,ok
1844433,tweaking_own_nipple,0,857,tweaking自己的乳头,,assistant_category0_draft,待校对,??????????,https://danbooru.donmai.us/wiki_pages/tweaking_own_nipple,ok
1410975,blue_camisole,0,856,蓝色吊带背心,,assistant_category0_draft,待校对,??????????,https://danbooru.donmai.us/wiki_pages/blue_camisole,ok
1424513,striped_coat,0,855,条纹外套,,assistant_category0_draft,待校对,??????????,https://danbooru.donmai.us/wiki_pages/striped_coat,ok
1964717,holding_with_feet,0,854,拿着与脚,,assistant_category0_draft,待校对,??????????,https://danbooru.donmai.us/wiki_pages/holding_with_feet,ok
584875,pizza_box,0,854,披萨盒子,,assistant_category0_draft,待校对,??????????,https://danbooru.donmai.us/wiki_pages/pizza_box,ok
423622,pelt,0,854,pelt,,assistant_category0_draft,待校对,??????????,https://danbooru.donmai.us/wiki_pages/pelt,ok
1622944,chaldea_logo,0,854,chaldea标志,,assistant_category0_draft,待校对,??????????,https://danbooru.donmai.us/wiki_pages/chaldea_logo,ok
524807,unfastened,0,853,unfastened,,assistant_category0_draft,待校对,??????????,https://danbooru.donmai.us/wiki_pages/unfastened,ok
636503,greek_toe,0,853,greek脚趾,,assistant_category0_draft,待校对,??????????,https://danbooru.donmai.us/wiki_pages/greek_toe,ok
1686123,black_armband,0,853,黑色臂章,,assistant_category0_draft,待校对,??????????,https://danbooru.donmai.us/wiki_pages/black_armband,ok
596238,bird_print,0,851,鸟印花,,assistant_category0_draft,待校对,??????????,https://danbooru.donmai.us/wiki_pages/bird_print,ok
1323325,shared_object_insertion,0,851,共用物体insertion,,assistant_category0_draft,待校对,??????????,https://danbooru.donmai.us/wiki_pages/shared_object_insertion,ok
647761,hanging_plant,0,851,hangingplant,,assistant_category0_draft,待校对,??????????,https://danbooru.donmai.us/wiki_pages/hanging_plant,ok
557830,hand_on_glass,0,851,手放在镜上,,assistant_category0_draft,待校对,??????????,https://danbooru.donmai.us/wiki_pages/hand_on_glass,ok
565438,vertical-striped_socks,0,850,竖条纹袜子,,assistant_category0_draft,待校对,??????????,https://danbooru.donmai.us/wiki_pages/vertical-striped_socks,ok
1661800,used_condom_on_penis,0,850,used避孕套在阴茎,,assistant_category0_draft,待校对,??????????,https://danbooru.donmai.us/wiki_pages/used_condom_on_penis,ok
562074,plaid_ribbon,0,850,格子缎带,,assistant_category0_draft,待校对,??????????,https://danbooru.donmai.us/wiki_pages/plaid_ribbon,ok
1950169,sparse_stubble,0,850,稀疏胡茬,,assistant_category0_draft,待校对,??????????,https://danbooru.donmai.us/wiki_pages/sparse_stubble,ok
687873,...?,0,850,...?,,assistant_category0_draft,待校对,??????????,https://danbooru.donmai.us/wiki_pages/...%3F,ok
602163,webbed_hands,0,850,webbed手,,assistant_category0_draft,待校对,??????????,https://danbooru.donmai.us/wiki_pages/webbed_hands,ok
478554,contrast,0,850,contrast,,assistant_category0_draft,待校对,??????????,https://danbooru.donmai.us/wiki_pages/contrast,ok
1898819,virgin_destroyer_sweater,0,850,virgindestroyer毛衣,,assistant_category0_draft,待校对,??????????,https://danbooru.donmai.us/wiki_pages/virgin_destroyer_sweater,ok
1325782,skull_ornament,0,849,骷髅饰品,,assistant_category0_draft,待校对,??????????,https://danbooru.donmai.us/wiki_pages/skull_ornament,ok
4079,isometric,0,848,isometric,,assistant_category0_draft,待校对,??????????,https://danbooru.donmai.us/wiki_pages/isometric,ok
1528677,holding_test_tube,0,848,拿着test抹胸,,assistant_category0_draft,待校对,??????????,https://danbooru.donmai.us/wiki_pages/holding_test_tube,ok
1673135,fat_rolls,0,847,fatrolls,,assistant_category0_draft,待校对,??????????,https://danbooru.donmai.us/wiki_pages/fat_rolls,ok
1457794,weapon_case,0,846,武器盒,,assistant_category0_draft,待校对,??????????,https://danbooru.donmai.us/wiki_pages/weapon_case,ok
1397005,fur-trimmed_shirt,0,845,毛皮镶边衬衫,,assistant_category0_draft,待校对,??????????,https://danbooru.donmai.us/wiki_pages/fur-trimmed_shirt,ok
574109,missing_limb,0,845,missing肢体,,assistant_category0_draft,待校对,??????????,https://danbooru.donmai.us/wiki_pages/missing_limb,ok
1524014,lightning_bolt_print,0,845,闪电闪电印花,,assistant_category0_draft,待校对,??????????,https://danbooru.donmai.us/wiki_pages/lightning_bolt_print,ok
451855,studded_collar,0,844,铆钉衣领,,assistant_category0_draft,待校对,??????????,https://danbooru.donmai.us/wiki_pages/studded_collar,ok
1456704,holding_mop,0,843,拿着mop,,assistant_category0_draft,待校对,??????????,https://danbooru.donmai.us/wiki_pages/holding_mop,ok
570545,headlight,0,843,headlight,,assistant_category0_draft,待校对,??????????,https://danbooru.donmai.us/wiki_pages/headlight,ok
772467,bear_boy,0,843,熊男孩,,assistant_category0_draft,待校对,??????????,https://danbooru.donmai.us/wiki_pages/bear_boy,ok
423144,toggles,0,842,toggles,,assistant_category0_draft,待校对,??????????,https://danbooru.donmai.us/wiki_pages/toggles,ok
1512493,blue_tabard,0,842,蓝色tabard,,assistant_category0_draft,待校对,??????????,https://danbooru.donmai.us/wiki_pages/blue_tabard,ok
3927,gao,0,842,gao,,assistant_category0_draft,待校对,??????????,https://danbooru.donmai.us/wiki_pages/gao,ok
1314901,holly_hair_ornament,0,842,holly发饰,,assistant_category0_draft,待校对,??????????,https://danbooru.donmai.us/wiki_pages/holly_hair_ornament,ok
1318429,pendant_watch,0,841,吊坠watch,,assistant_category0_draft,待校对,??????????,https://danbooru.donmai.us/wiki_pages/pendant_watch,ok
714513,menu_board,0,841,menuboard,,assistant_category0_draft,待校对,??????????,https://danbooru.donmai.us/wiki_pages/menu_board,ok
384589,lyre,0,840,lyre,,assistant_category0_draft,待校对,??????????,https://danbooru.donmai.us/wiki_pages/lyre,ok
1881203,lillian_girls'_academy_school_uniform,0,839,lillian女孩学院学校制服,,assistant_category0_draft,待校对,??????????,https://danbooru.donmai.us/wiki_pages/lillian_girls%27_academy_school_uniform,ok
1076064,covering_one_breast,0,839,遮盖单乳房,,assistant_category0_draft,待校对,??????????,https://danbooru.donmai.us/wiki_pages/covering_one_breast,ok
1260902,folded_hair,0,839,folded头发,,assistant_category0_draft,待校对,??????????,https://danbooru.donmai.us/wiki_pages/folded_hair,ok
726335,vertical-striped_pants,0,839,竖条纹裤子,,assistant_category0_draft,待校对,??????????,https://danbooru.donmai.us/wiki_pages/vertical-striped_pants,ok
663228,implied_masturbation,0,838,暗示自慰,,assistant_category0_draft,待校对,??????????,https://danbooru.donmai.us/wiki_pages/implied_masturbation,ok
375625,model_kit,0,838,modelkit,,assistant_category0_draft,待校对,??????????,https://danbooru.donmai.us/wiki_pages/model_kit,ok
519188,metal_skin,0,838,metal皮肤,,assistant_category0_draft,待校对,??????????,https://danbooru.donmai.us/wiki_pages/metal_skin,ok
5402,crowbar,0,837,crowbar,,assistant_category0_draft,待校对,??????????,https://danbooru.donmai.us/wiki_pages/crowbar,ok
1428380,blood_on_leg,0,837,腿上的血,,assistant_category0_draft,待校对,??????????,https://danbooru.donmai.us/wiki_pages/blood_on_leg,ok
1282703,stained_clothes,0,837,污渍服装,,assistant_category0_draft,待校对,??????????,https://danbooru.donmai.us/wiki_pages/stained_clothes,ok
618480,sitting_on_shoulder,0,836,坐着在肩,,assistant_category0_draft,待校对,??????????,https://danbooru.donmai.us/wiki_pages/sitting_on_shoulder,ok
446984,gun_to_head,0,836,枪贴近头,,assistant_category0_draft,待校对,??????????,https://danbooru.donmai.us/wiki_pages/gun_to_head,ok
527885,christmas_stocking,0,836,圣诞stocking,,assistant_category0_draft,待校对,??????????,https://danbooru.donmai.us/wiki_pages/christmas_stocking,ok
1354471,on_railing,0,835,在railing,,assistant_category0_draft,待校对,??????????,https://danbooru.donmai.us/wiki_pages/on_railing,ok
630404,pumpkin_hat,0,835,pumpkin帽子,,assistant_category0_draft,待校对,??????????,https://danbooru.donmai.us/wiki_pages/pumpkin_hat,ok
529041,hand_wraps,0,835,手wraps,,assistant_category0_draft,待校对,??????????,https://danbooru.donmai.us/wiki_pages/hand_wraps,ok
524281,belt_skirt,0,834,腰带裙子,,assistant_category0_draft,待校对,??????????,https://danbooru.donmai.us/wiki_pages/belt_skirt,ok
381159,crotch_grab,0,834,crotch抓住,,assistant_category0_draft,待校对,??????????,https://danbooru.donmai.us/wiki_pages/crotch_grab,ok
1792030,hexagon_print,0,834,六边形印花,,assistant_category0_draft,待校对,??????????,https://danbooru.donmai.us/wiki_pages/hexagon_print,ok
1318703,lace-trimmed_choker,0,833,蕾丝镶边项圈,,assistant_category0_draft,待校对,??????????,https://danbooru.donmai.us/wiki_pages/lace-trimmed_choker,ok
1449427,brown_mittens,0,833,棕色连指手套,,assistant_category0_draft,待校对,??????????,https://danbooru.donmai.us/wiki_pages/brown_mittens,ok
1571250,shiny_and_normal,0,833,闪亮和普通,,assistant_category0_draft,待校对,??????????,https://danbooru.donmai.us/wiki_pages/shiny_and_normal,ok
10389,drugged,0,832,drugged,,assistant_category0_draft,待校对,??????????,https://danbooru.donmai.us/wiki_pages/drugged,ok
505038,duel_disk,0,832,决斗disk,,assistant_category0_draft,待校对,??????????,https://danbooru.donmai.us/wiki_pages/duel_disk,ok
1286244,rei_no_pool,0,832,rei无水池,,assistant_category0_draft,待校对,??????????,https://danbooru.donmai.us/wiki_pages/rei_no_pool,ok
517400,blue_hood,0,832,蓝色兜帽,,assistant_category0_draft,待校对,??????????,https://danbooru.donmai.us/wiki_pages/blue_hood,ok
576440,naked_cloak,0,831,裸体斗篷,,assistant_category0_draft,待校对,??????????,https://danbooru.donmai.us/wiki_pages/naked_cloak,ok
1444212,black_bandeau,0,831,黑色抹胸,,assistant_category0_draft,待校对,??????????,https://danbooru.donmai.us/wiki_pages/black_bandeau,ok
1330123,paralyzer,0,831,paralyzer,,assistant_category0_draft,待校对,??????????,https://danbooru.donmai.us/wiki_pages/paralyzer,ok
809507,eye_black,0,831,眼睛黑色,,assistant_category0_draft,待校对,??????????,https://danbooru.donmai.us/wiki_pages/eye_black,ok
1393397,orange_goggles,0,831,橙色护目镜,,assistant_category0_draft,待校对,??????????,https://danbooru.donmai.us/wiki_pages/orange_goggles,ok
620901,ice_cream_float,0,830,ice奶油float,,assistant_category0_draft,待校对,??????????,https://danbooru.donmai.us/wiki_pages/ice_cream_float,ok
1421495,purple_collar,0,829,紫色衣领,,assistant_category0_draft,待校对,??????????,https://danbooru.donmai.us/wiki_pages/purple_collar,ok
1471254,flower_choker,0,829,花项圈,,assistant_category0_draft,待校对,??????????,https://danbooru.donmai.us/wiki_pages/flower_choker,ok
1345302,holding_heart,0,828,拿着心形,,assistant_category0_draft,待校对,??????????,https://danbooru.donmai.us/wiki_pages/holding_heart,ok
1728479,kousaka_kirino's_school_uniform,0,828,kousakakirinos学校制服,,assistant_category0_draft,待校对,??????????,https://danbooru.donmai.us/wiki_pages/kousaka_kirino%27s_school_uniform,ok
1693508,cut_bangs,0,828,切口刘海,,assistant_category0_draft,待校对,??????????,https://danbooru.donmai.us/wiki_pages/cut_bangs,ok
1293824,portal_(object),0,827,portal,,assistant_category0_draft,待校对,??????????,https://danbooru.donmai.us/wiki_pages/portal_%28object%29,ok
679802,pocky_in_mouth,0,826,pocky在内嘴,,assistant_category0_draft,待校对,??????????,https://danbooru.donmai.us/wiki_pages/pocky_in_mouth,ok
1404577,grey_apron,0,826,灰色围裙,,assistant_category0_draft,待校对,??????????,https://danbooru.donmai.us/wiki_pages/grey_apron,ok
1634686,cigarette_pack,0,824,cigarettepack,,assistant_category0_draft,待校对,??????????,https://danbooru.donmai.us/wiki_pages/cigarette_pack,ok
529223,cellphone_charm,0,824,手机charm,,assistant_category0_draft,待校对,??????????,https://danbooru.donmai.us/wiki_pages/cellphone_charm,ok
506659,tribal_tattoo,0,824,tribal纹身,,assistant_category0_draft,待校对,??????????,https://danbooru.donmai.us/wiki_pages/tribal_tattoo,ok
469065,fist_bump,0,823,fistbump,,assistant_category0_draft,待校对,??????????,https://danbooru.donmai.us/wiki_pages/fist_bump,ok
1389883,red_cardigan,0,823,红色开衫,,assistant_category0_draft,待校对,??????????,https://danbooru.donmai.us/wiki_pages/red_cardigan,ok
487630,eye_reflection,0,822,眼睛reflection,,assistant_category0_draft,待校对,??????????,https://danbooru.donmai.us/wiki_pages/eye_reflection,ok
1345444,holding_coin,0,822,拿着硬币,,assistant_category0_draft,待校对,??????????,https://danbooru.donmai.us/wiki_pages/holding_coin,ok
565798,crazy_straw,0,822,疯狂吸管,,assistant_category0_draft,待校对,??????????,https://danbooru.donmai.us/wiki_pages/crazy_straw,ok
1467612,holding_microphone_stand,0,821,拿着麦克风stand,,assistant_category0_draft,待校对,??????????,https://danbooru.donmai.us/wiki_pages/holding_microphone_stand,ok
1257082,clock_eyes,0,821,时钟眼睛,,assistant_category0_draft,待校对,??????????,https://danbooru.donmai.us/wiki_pages/clock_eyes,ok
1394772,holding_chain,0,820,拿着链条,,assistant_category0_draft,待校对,??????????,https://danbooru.donmai.us/wiki_pages/holding_chain,ok
383875,restroom,0,819,restroom,,assistant_category0_draft,待校对,??????????,https://danbooru.donmai.us/wiki_pages/restroom,not_found
449449,beretta_92,0,818,beretta92,,assistant_category0_draft,待校对,??????????,https://danbooru.donmai.us/wiki_pages/beretta_92,ok
551086,protecting,0,818,protecting,,assistant_category0_draft,待校对,??????????,https://danbooru.donmai.us/wiki_pages/protecting,ok
658222,stuffed_penguin,0,818,毛绒penguin,,assistant_category0_draft,待校对,??????????,https://danbooru.donmai.us/wiki_pages/stuffed_penguin,ok
409724,converse,0,818,converse,,assistant_category0_draft,待校对,??????????,https://danbooru.donmai.us/wiki_pages/converse,ok
1629215,black_male_swimwear,0,817,黑色男性swimwear,,assistant_category0_draft,待校对,??????????,https://danbooru.donmai.us/wiki_pages/black_male_swimwear,ok
1457241,index_fingers_raised,0,817,index手指raised,,assistant_category0_draft,待校对,??????????,https://danbooru.donmai.us/wiki_pages/index_fingers_raised,ok
679600,censored_text,0,816,有码文字,,assistant_category0_draft,待校对,??????????,https://danbooru.donmai.us/wiki_pages/censored_text,ok
523961,hair_between_breasts,0,815,头发之间乳房,,assistant_category0_draft,待校对,??????????,https://danbooru.donmai.us/wiki_pages/hair_between_breasts,ok
1610073,toilet_stall,0,814,toilet摊位,,assistant_category0_draft,待校对,??????????,https://danbooru.donmai.us/wiki_pages/toilet_stall,ok
1268234,alternate_hair_ornament,0,814,替换发饰,,assistant_category0_draft,待校对,??????????,https://danbooru.donmai.us/wiki_pages/alternate_hair_ornament,ok
9295,jungle,0,813,jungle,,assistant_category0_draft,待校对,??????????,https://danbooru.donmai.us/wiki_pages/jungle,ok
1603815,food_bite,0,813,食物bite,,assistant_category0_draft,待校对,??????????,https://danbooru.donmai.us/wiki_pages/food_bite,ok
2006773,unworn_necktie,0,813,未穿戴的领带,,assistant_category0_draft,待校对,??????????,https://danbooru.donmai.us/wiki_pages/unworn_necktie,ok
623951,lying_on_lap,0,812,躺在在大腿,,assistant_category0_draft,待校对,??????????,https://danbooru.donmai.us/wiki_pages/lying_on_lap,ok
1407354,brown_neckerchief,0,811,棕色领巾,,assistant_category0_draft,待校对,??????????,https://danbooru.donmai.us/wiki_pages/brown_neckerchief,ok
1257074,hand_on_floor,0,811,手放在地板上,,assistant_category0_draft,待校对,??????????,https://danbooru.donmai.us/wiki_pages/hand_on_floor,ok
624878,red_suit,0,810,红色套装,,assistant_category0_draft,待校对,??????????,https://danbooru.donmai.us/wiki_pages/red_suit,ok
1375562,red_robe,0,810,红色长袍,,assistant_category0_draft,待校对,??????????,https://danbooru.donmai.us/wiki_pages/red_robe,ok
1733214,wing_brooch,0,809,翅膀胸针,,assistant_category0_draft,待校对,??????????,https://danbooru.donmai.us/wiki_pages/wing_brooch,ok
1501050,diagonal-striped_bowtie,0,809,斜向条纹领结,,assistant_category0_draft,待校对,??????????,https://danbooru.donmai.us/wiki_pages/diagonal-striped_bowtie,ok
1493682,holding_drumsticks,0,808,拿着drumsticks,,assistant_category0_draft,待校对,??????????,https://danbooru.donmai.us/wiki_pages/holding_drumsticks,ok
570253,flower_in_mouth,0,807,花在内嘴,,assistant_category0_draft,待校对,??????????,https://danbooru.donmai.us/wiki_pages/flower_in_mouth,ok
1399875,aqua_kimono,0,807,水色和服,,assistant_category0_draft,待校对,??????????,https://danbooru.donmai.us/wiki_pages/aqua_kimono,ok
1750923,hexagon_hair_ornament,0,807,六边形发饰,,assistant_category0_draft,待校对,??????????,https://danbooru.donmai.us/wiki_pages/hexagon_hair_ornament,ok
1382389,vertical-striped_kimono,0,806,竖条纹和服,,assistant_category0_draft,待校对,??????????,https://danbooru.donmai.us/wiki_pages/vertical-striped_kimono,ok
1605930,stitched_arm,0,806,缝线手臂,,assistant_category0_draft,待校对,??????????,https://danbooru.donmai.us/wiki_pages/stitched_arm,ok
618151,pink_sash,0,805,粉色饰带,,assistant_category0_draft,待校对,??????????,https://danbooru.donmai.us/wiki_pages/pink_sash,ok
1989817,ornate_border,0,805,华丽边框,,assistant_category0_draft,待校对,??????????,https://danbooru.donmai.us/wiki_pages/ornate_border,ok
1428530,animal_ear_hairband,0,805,动物耳朵发箍,,assistant_category0_draft,待校对,??????????,https://danbooru.donmai.us/wiki_pages/animal_ear_hairband,ok
551767,pastry_bag,0,804,pastry包,,assistant_category0_draft,待校对,??????????,https://danbooru.donmai.us/wiki_pages/pastry_bag,ok
109159,nyan,0,804,nyan,,assistant_category0_draft,待校对,??????????,https://danbooru.donmai.us/wiki_pages/nyan,ok
1289575,<|>_<|>,0,803,<|><|>,,assistant_category0_draft,待校对,??????????,https://danbooru.donmai.us/wiki_pages/%3C%7C%3E_%3C%7C%3E,ok
1350631,grey_bowtie,0,803,灰色领结,,assistant_category0_draft,待校对,??????????,https://danbooru.donmai.us/wiki_pages/grey_bowtie,ok
647108,flying_teardrops,0,802,飞出的teardrops,,assistant_category0_draft,待校对,??????????,https://danbooru.donmai.us/wiki_pages/flying_teardrops,ok
650140,clothed_male_nude_male,0,802,clothed男性nude男性,,assistant_category0_draft,待校对,??????????,https://danbooru.donmai.us/wiki_pages/clothed_male_nude_male,ok
1467808,4others,0,802,4others,,assistant_category0_draft,待校对,??????????,https://danbooru.donmai.us/wiki_pages/4others,ok
579524,toe_cleavage,0,802,脚趾cleavage,,assistant_category0_draft,待校对,??????????,https://danbooru.donmai.us/wiki_pages/toe_cleavage,ok
1979011,antique_phone,0,801,antique手机,,assistant_category0_draft,待校对,??????????,https://danbooru.donmai.us/wiki_pages/antique_phone,ok
1443312,yellow_camisole,0,801,黄色吊带背心,,assistant_category0_draft,待校对,??????????,https://danbooru.donmai.us/wiki_pages/yellow_camisole,ok
635050,pointing_forward,0,799,pointingforward,,assistant_category0_draft,待校对,??????????,https://danbooru.donmai.us/wiki_pages/pointing_forward,ok
1282902,solid_circle_pupils,0,798,纯色circle瞳孔,,assistant_category0_draft,待校对,??????????,https://danbooru.donmai.us/wiki_pages/solid_circle_pupils,ok
727812,loaded_interior,0,798,loaded室内,,assistant_category0_draft,待校对,??????????,https://danbooru.donmai.us/wiki_pages/loaded_interior,ok
657138,cat_mask,0,798,猫面具,,assistant_category0_draft,待校对,??????????,https://danbooru.donmai.us/wiki_pages/cat_mask,ok
1779993,pink_gemstone,0,796,粉色宝石,,assistant_category0_draft,待校对,??????????,https://danbooru.donmai.us/wiki_pages/pink_gemstone,not_found
654961,shippou_(pattern),0,795,shippou,,assistant_category0_draft,待校对,??????????,https://danbooru.donmai.us/wiki_pages/shippou_%28pattern%29,ok
378288,blob,0,795,blob,,assistant_category0_draft,待校对,??????????,https://danbooru.donmai.us/wiki_pages/blob,ok
657534,spoken_food,0,791,说出的食物,,assistant_category0_draft,待校对,??????????,https://danbooru.donmai.us/wiki_pages/spoken_food,ok
647474,stuffed_dog,0,790,毛绒dog,,assistant_category0_draft,待校对,??????????,https://danbooru.donmai.us/wiki_pages/stuffed_dog,ok
651505,animal_on_hand,0,790,动物在手,,assistant_category0_draft,待校对,??????????,https://danbooru.donmai.us/wiki_pages/animal_on_hand,ok
687850,holding_shirt,0,789,拿着衬衫,,assistant_category0_draft,待校对,??????????,https://danbooru.donmai.us/wiki_pages/holding_shirt,ok
2006776,unworn_shorts,0,788,未穿戴的短裤,,assistant_category0_draft,待校对,??????????,https://danbooru.donmai.us/wiki_pages/unworn_shorts,ok
1842576,curly_eyebrows,0,788,curly眉毛,,assistant_category0_draft,待校对,??????????,https://danbooru.donmai.us/wiki_pages/curly_eyebrows,ok
1333746,riding_bicycle,0,787,骑乘bicycle,,assistant_category0_draft,待校对,??????????,https://danbooru.donmai.us/wiki_pages/riding_bicycle,ok
1462661,star-shaped_eyewear,0,787,星星形眼镜,,assistant_category0_draft,待校对,??????????,https://danbooru.donmai.us/wiki_pages/star-shaped_eyewear,ok
1205916,white_stripes,0,786,白色stripes,,assistant_category0_draft,待校对,??????????,https://danbooru.donmai.us/wiki_pages/white_stripes,ok
652663,cat_on_shoulder,0,784,猫在肩,,assistant_category0_draft,待校对,??????????,https://danbooru.donmai.us/wiki_pages/cat_on_shoulder,ok
624228,sky_print,0,783,天空印花,,assistant_category0_draft,待校对,??????????,https://danbooru.donmai.us/wiki_pages/sky_print,ok
1493300,orange_headband,0,783,橙色头带,,assistant_category0_draft,待校对,??????????,https://danbooru.donmai.us/wiki_pages/orange_headband,ok
376295,scouter,0,783,scouter,,assistant_category0_draft,待校对,??????????,https://danbooru.donmai.us/wiki_pages/scouter,ok
1508844,sainan_high_school_uniform,0,783,sainan高学校制服,,assistant_category0_draft,待校对,??????????,https://danbooru.donmai.us/wiki_pages/sainan_high_school_uniform,ok
1455458,brown_flower,0,781,棕色花,,assistant_category0_draft,待校对,??????????,https://danbooru.donmai.us/wiki_pages/brown_flower,ok
1353724,holding_cake,0,781,拿着蛋糕,,assistant_category0_draft,待校对,??????????,https://danbooru.donmai.us/wiki_pages/holding_cake,ok
419647,stakes_of_purgatory,0,781,stakes的purgatory,,assistant_category0_draft,待校对,??????????,https://danbooru.donmai.us/wiki_pages/stakes_of_purgatory,ok
433154,cargo_pants,0,780,cargo裤子,,assistant_category0_draft,待校对,??????????,https://danbooru.donmai.us/wiki_pages/cargo_pants,ok
656172,hands_on_another's_chest,0,779,手在他人胸口,,assistant_category0_draft,待校对,??????????,https://danbooru.donmai.us/wiki_pages/hands_on_another%27s_chest,ok
1316683,carrying_bag,0,779,carrying包,,assistant_category0_draft,待校对,??????????,https://danbooru.donmai.us/wiki_pages/carrying_bag,ok
1256544,removing_jacket,0,779,removing夹克,,assistant_category0_draft,待校对,??????????,https://danbooru.donmai.us/wiki_pages/removing_jacket,ok
1359855,frilled_umbrella,0,778,褶边伞,,assistant_category0_draft,待校对,??????????,https://danbooru.donmai.us/wiki_pages/frilled_umbrella,ok
172018,nail_bat,0,778,nail蝙蝠,,assistant_category0_draft,待校对,??????????,https://danbooru.donmai.us/wiki_pages/nail_bat,ok
499383,scratching_head,0,778,scratching头,,assistant_category0_draft,待校对,??????????,https://danbooru.donmai.us/wiki_pages/scratching_head,ok
461556,bloodshot_eyes,0,777,bloodshot眼睛,,assistant_category0_draft,待校对,??????????,https://danbooru.donmai.us/wiki_pages/bloodshot_eyes,ok
1492153,green_horns,0,777,绿色角,,assistant_category0_draft,待校对,??????????,https://danbooru.donmai.us/wiki_pages/green_horns,ok
1502192,holding_suitcase,0,776,拿着suitcase,,assistant_category0_draft,待校对,??????????,https://danbooru.donmai.us/wiki_pages/holding_suitcase,ok
1440622,green_headband,0,776,绿色头带,,assistant_category0_draft,待校对,??????????,https://danbooru.donmai.us/wiki_pages/green_headband,ok
579036,ace_of_spades,0,775,A牌的spades,,assistant_category0_draft,待校对,??????????,https://danbooru.donmai.us/wiki_pages/ace_of_spades,ok
420479,no_feet,0,775,无脚,,assistant_category0_draft,待校对,??????????,https://danbooru.donmai.us/wiki_pages/no_feet,ok
1867868,motosu_school_uniform,0,775,motosu学校制服,,assistant_category0_draft,待校对,??????????,https://danbooru.donmai.us/wiki_pages/motosu_school_uniform,ok
433346,horn_grab,0,774,角抓住,,assistant_category0_draft,待校对,??????????,https://danbooru.donmai.us/wiki_pages/horn_grab,not_found
1453787,golden_arms,0,774,golden手臂,,assistant_category0_draft,待校对,??????????,https://danbooru.donmai.us/wiki_pages/golden_arms,ok
1861772,crisis_management_form_(machimazo),0,774,crisismanagementform,,assistant_category0_draft,待校对,??????????,https://danbooru.donmai.us/wiki_pages/crisis_management_form_%28machimazo%29,not_found
449872,walther,0,773,walther,,assistant_category0_draft,待校对,??????????,https://danbooru.donmai.us/wiki_pages/walther,ok
1389143,brown_serafuku,0,773,棕色水手服,,assistant_category0_draft,待校对,??????????,https://danbooru.donmai.us/wiki_pages/brown_serafuku,ok
498240,red_nose,0,773,红色鼻子,,assistant_category0_draft,待校对,??????????,https://danbooru.donmai.us/wiki_pages/red_nose,ok
607516,holding_leg,0,773,拿着腿,,assistant_category0_draft,待校对,??????????,https://danbooru.donmai.us/wiki_pages/holding_leg,ok
549186,animal_head,0,773,动物头,,assistant_category0_draft,待校对,??????????,https://danbooru.donmai.us/wiki_pages/animal_head,ok
1539334,black_scales,0,773,黑色scales,,assistant_category0_draft,待校对,??????????,https://danbooru.donmai.us/wiki_pages/black_scales,ok
1304453,covered_clitoris,0,772,覆盖的clitoris,,assistant_category0_draft,待校对,??????????,https://danbooru.donmai.us/wiki_pages/covered_clitoris,ok
696037,bulging_eyes,0,772,bulging眼睛,,assistant_category0_draft,待校对,??????????,https://danbooru.donmai.us/wiki_pages/bulging_eyes,ok
707905,object_on_breast,0,772,物体在乳房,,assistant_category0_draft,待校对,??????????,https://danbooru.donmai.us/wiki_pages/object_on_breast,ok
1375854,dream_soul,0,772,dreamsoul,,assistant_category0_draft,待校对,??????????,https://danbooru.donmai.us/wiki_pages/dream_soul,ok
1068870,panda_hood,0,771,熊猫兜帽,,assistant_category0_draft,待校对,??????????,https://danbooru.donmai.us/wiki_pages/panda_hood,ok
558756,taut_swimsuit,0,770,绷紧泳装,,assistant_category0_draft,待校对,??????????,https://danbooru.donmai.us/wiki_pages/taut_swimsuit,ok
484125,deer_tail,0,770,鹿尾巴,,assistant_category0_draft,待校对,??????????,https://danbooru.donmai.us/wiki_pages/deer_tail,ok
1473363,purple_butterfly,0,770,紫色蝴蝶,,assistant_category0_draft,待校对,??????????,https://danbooru.donmai.us/wiki_pages/purple_butterfly,ok
730919,lolidom,0,769,lolidom,,assistant_category0_draft,待校对,??????????,https://danbooru.donmai.us/wiki_pages/lolidom,ok
1375534,aqua_leotard,0,769,水色连体衣,,assistant_category0_draft,待校对,??????????,https://danbooru.donmai.us/wiki_pages/aqua_leotard,ok
442513,laundry_basket,0,769,laundrybasket,,assistant_category0_draft,待校对,??????????,https://danbooru.donmai.us/wiki_pages/laundry_basket,ok
593089,double_amputee,0,769,双amputee,,assistant_category0_draft,待校对,??????????,https://danbooru.donmai.us/wiki_pages/double_amputee,ok
1249968,little_red_riding_hood_(grimm)_(cosplay),0,769,小红色骑乘兜帽,,assistant_category0_draft,待校对,??????????,https://danbooru.donmai.us/wiki_pages/little_red_riding_hood_%28grimm%29_%28cosplay%29,not_found
685854,fur_cuffs,0,768,毛皮袖口,,assistant_category0_draft,待校对,??????????,https://danbooru.donmai.us/wiki_pages/fur_cuffs,ok
415865,broken_armor,0,768,破损盔甲,,assistant_category0_draft,待校对,??????????,https://danbooru.donmai.us/wiki_pages/broken_armor,ok
505385,through_screen,0,768,过screen,,assistant_category0_draft,待校对,??????????,https://danbooru.donmai.us/wiki_pages/through_screen,ok
413830,wakamezake,0,767,wakamezake,,assistant_category0_draft,待校对,??????????,https://danbooru.donmai.us/wiki_pages/wakamezake,ok
1306995,panties_under_shorts,0,767,内裤在短裤下,,assistant_category0_draft,待校对,??????????,https://danbooru.donmai.us/wiki_pages/panties_under_shorts,ok
684237,arm_around_back,0,766,手臂围在背部周围,,assistant_category0_draft,待校对,??????????,https://danbooru.donmai.us/wiki_pages/arm_around_back,not_found
690043,hand_on_table,0,766,手放在桌子上,,assistant_category0_draft,待校对,??????????,https://danbooru.donmai.us/wiki_pages/hand_on_table,ok
652093,white_sky,0,766,白色天空,,assistant_category0_draft,待校对,??????????,https://danbooru.donmai.us/wiki_pages/white_sky,ok
1453844,arm_on_knee,0,766,手臂在膝盖,,assistant_category0_draft,待校对,??????????,https://danbooru.donmai.us/wiki_pages/arm_on_knee,ok
1307462,maple_leaf_print,0,766,maple叶子印花,,assistant_category0_draft,待校对,??????????,https://danbooru.donmai.us/wiki_pages/maple_leaf_print,ok
10383,cabbage,0,765,cabbage,,assistant_category0_draft,待校对,??????????,https://danbooru.donmai.us/wiki_pages/cabbage,ok
662846,listening_to_music,0,765,listening贴近music,,assistant_category0_draft,待校对,??????????,https://danbooru.donmai.us/wiki_pages/listening_to_music,ok
1588824,lifebuoy_ornament,0,765,lifebuoy饰品,,assistant_category0_draft,待校对,??????????,https://danbooru.donmai.us/wiki_pages/lifebuoy_ornament,ok
687895,exploding_clothes,0,764,exploding服装,,assistant_category0_draft,待校对,??????????,https://danbooru.donmai.us/wiki_pages/exploding_clothes,ok
1556706,holding_creature,0,764,拿着creature,,assistant_category0_draft,待校对,??????????,https://danbooru.donmai.us/wiki_pages/holding_creature,ok
693711,floating_rock,0,764,漂浮岩石,,assistant_category0_draft,待校对,??????????,https://danbooru.donmai.us/wiki_pages/floating_rock,ok
1491455,stiletto_(weapon),0,764,stiletto,,assistant_category0_draft,待校对,??????????,https://danbooru.donmai.us/wiki_pages/stiletto_%28weapon%29,ok
1410867,window_(computing),0,763,窗户,,assistant_category0_draft,待校对,??????????,https://danbooru.donmai.us/wiki_pages/window_%28computing%29,ok
1477135,clawed_gauntlets,0,763,clawedgauntlets,,assistant_category0_draft,待校对,??????????,https://danbooru.donmai.us/wiki_pages/clawed_gauntlets,ok
631824,canned_coffee,0,763,canned咖啡,,assistant_category0_draft,待校对,??????????,https://danbooru.donmai.us/wiki_pages/canned_coffee,ok
1174087,camisole_lift,0,762,吊带背心掀起,,assistant_category0_draft,待校对,??????????,https://danbooru.donmai.us/wiki_pages/camisole_lift,ok
1509633,frilled_headwear,0,761,褶边头饰,,assistant_category0_draft,待校对,??????????,https://danbooru.donmai.us/wiki_pages/frilled_headwear,ok
1650790,cable_tail,0,761,cable尾巴,,assistant_category0_draft,待校对,??????????,https://danbooru.donmai.us/wiki_pages/cable_tail,ok
1607566,red_male_underwear,0,761,红色男性内衣,,assistant_category0_draft,待校对,??????????,https://danbooru.donmai.us/wiki_pages/red_male_underwear,ok
1333942,exposed_pocket,0,761,exposedpocket,,assistant_category0_draft,待校对,??????????,https://danbooru.donmai.us/wiki_pages/exposed_pocket,ok
620731,combat_knife,0,760,combat刀,,assistant_category0_draft,待校对,??????????,https://danbooru.donmai.us/wiki_pages/combat_knife,ok
1597540,two-sided_coat,0,760,双侧外套,,assistant_category0_draft,待校对,??????????,https://danbooru.donmai.us/wiki_pages/two-sided_coat,ok
73004,materia,0,759,materia,,assistant_category0_draft,待校对,??????????,https://danbooru.donmai.us/wiki_pages/materia,ok
710493,firelock,0,759,firelock,,assistant_category0_draft,待校对,??????????,https://danbooru.donmai.us/wiki_pages/firelock,ok
681606,dotted_background,0,758,dotted背景,,assistant_category0_draft,待校对,??????????,https://danbooru.donmai.us/wiki_pages/dotted_background,ok
1361745,holding_fish,0,755,拿着鱼,,assistant_category0_draft,待校对,??????????,https://danbooru.donmai.us/wiki_pages/holding_fish,ok
458682,multitasking,0,754,multitasking,,assistant_category0_draft,待校对,??????????,https://danbooru.donmai.us/wiki_pages/multitasking,ok
399624,flippers,0,754,flippers,,assistant_category0_draft,待校对,??????????,https://danbooru.donmai.us/wiki_pages/flippers,ok
1485633,leopard_girl,0,754,豹纹女孩,,assistant_category0_draft,待校对,??????????,https://danbooru.donmai.us/wiki_pages/leopard_girl,ok
1298988,smartphone_case,0,753,smartphone盒,,assistant_category0_draft,待校对,??????????,https://danbooru.donmai.us/wiki_pages/smartphone_case,ok
1419277,kariyushi_shirt,0,753,kariyushi衬衫,,assistant_category0_draft,待校对,??????????,https://danbooru.donmai.us/wiki_pages/kariyushi_shirt,ok
1248465,knives_between_fingers,0,752,knives之间手指,,assistant_category0_draft,待校对,??????????,https://danbooru.donmai.us/wiki_pages/knives_between_fingers,ok
446480,broken_sword,0,752,破损剑,,assistant_category0_draft,待校对,??????????,https://danbooru.donmai.us/wiki_pages/broken_sword,ok
1253133,spade_hair_ornament,0,752,spade发饰,,assistant_category0_draft,待校对,??????????,https://danbooru.donmai.us/wiki_pages/spade_hair_ornament,ok
1687002,male_underwear_peek,0,752,男性内衣窥视,,assistant_category0_draft,待校对,??????????,https://danbooru.donmai.us/wiki_pages/male_underwear_peek,ok
483695,carton,0,751,carton,,assistant_category0_draft,待校对,??????????,https://danbooru.donmai.us/wiki_pages/carton,ok
462045,cash_register,0,751,cashregister,,assistant_category0_draft,待校对,??????????,https://danbooru.donmai.us/wiki_pages/cash_register,ok
2006771,unworn_jewelry,0,751,未穿戴的首饰,,assistant_category0_draft,待校对,??????????,https://danbooru.donmai.us/wiki_pages/unworn_jewelry,ok
1401251,leotard_peek,0,749,连体衣窥视,,assistant_category0_draft,待校对,??????????,https://danbooru.donmai.us/wiki_pages/leotard_peek,ok
535094,makeup_brush,0,749,makeup刷子,,assistant_category0_draft,待校对,??????????,https://danbooru.donmai.us/wiki_pages/makeup_brush,ok
1627128,caliburn_(fate),0,748,caliburn,,assistant_category0_draft,待校对,??????????,https://danbooru.donmai.us/wiki_pages/caliburn_%28fate%29,ok
664057,neck_garter,0,748,脖子吊袜带,,assistant_category0_draft,待校对,??????????,https://danbooru.donmai.us/wiki_pages/neck_garter,ok
374339,foot_worship,0,748,脚worship,,assistant_category0_draft,待校对,??????????,https://danbooru.donmai.us/wiki_pages/foot_worship,ok
593770,fried_chicken,0,748,friedchicken,,assistant_category0_draft,待校对,??????????,https://danbooru.donmai.us/wiki_pages/fried_chicken,ok
616149,blue_suit,0,748,蓝色套装,,assistant_category0_draft,待校对,??????????,https://danbooru.donmai.us/wiki_pages/blue_suit,ok
1499342,cross-laced_top,0,748,十字系带上衣,,assistant_category0_draft,待校对,??????????,https://danbooru.donmai.us/wiki_pages/cross-laced_top,ok
1372610,koishi_day,0,748,koishi白天,,assistant_category0_draft,待校对,??????????,https://danbooru.donmai.us/wiki_pages/koishi_day,ok
1257988,holding_photo,0,747,拿着照片,,assistant_category0_draft,待校对,??????????,https://danbooru.donmai.us/wiki_pages/holding_photo,ok
1985698,vehicle_and_personification,0,747,载具和personification,,assistant_category0_draft,待校对,??????????,https://danbooru.donmai.us/wiki_pages/vehicle_and_personification,ok
403748,bolt,0,747,闪电,,assistant_category0_draft,待校对,??????????,https://danbooru.donmai.us/wiki_pages/bolt,ok
2058788,youkai_(youkai_watch),0,746,youkai,,assistant_category0_draft,待校对,??????????,https://danbooru.donmai.us/wiki_pages/youkai_%28youkai_watch%29,ok
1978861,2b_(nier:automata)_(cosplay),0,746,2b,,assistant_category0_draft,待校对,??????????,https://danbooru.donmai.us/wiki_pages/2b_%28nier%3Aautomata%29_%28cosplay%29,ok
1449244,holding_pole,0,745,拿着pole,,assistant_category0_draft,待校对,??????????,https://danbooru.donmai.us/wiki_pages/holding_pole,ok
672191,jacket_lift,0,745,夹克掀起,,assistant_category0_draft,待校对,??????????,https://danbooru.donmai.us/wiki_pages/jacket_lift,ok
534500,fish_bone,0,744,鱼骨头,,assistant_category0_draft,待校对,??????????,https://danbooru.donmai.us/wiki_pages/fish_bone,ok
1443338,holding_shovel,0,743,拿着shovel,,assistant_category0_draft,待校对,??????????,https://danbooru.donmai.us/wiki_pages/holding_shovel,ok
1980771,gag_harness,0,743,堵嘴harness,,assistant_category0_draft,待校对,??????????,https://danbooru.donmai.us/wiki_pages/gag_harness,ok
1928097,tickling_armpits,0,743,ticklingarmpits,,assistant_category0_draft,待校对,??????????,https://danbooru.donmai.us/wiki_pages/tickling_armpits,ok
108850,trash,0,742,trash,,assistant_category0_draft,待校对,??????????,https://danbooru.donmai.us/wiki_pages/trash,ok
1536591,low-cut_armhole,0,742,低切口armhole,,assistant_category0_draft,待校对,??????????,https://danbooru.donmai.us/wiki_pages/low-cut_armhole,ok
1332216,propeller_hair_ornament,0,742,propeller发饰,,assistant_category0_draft,待校对,??????????,https://danbooru.donmai.us/wiki_pages/propeller_hair_ornament,ok
439969,sprinkles,0,741,sprinkles,,assistant_category0_draft,待校对,??????????,https://danbooru.donmai.us/wiki_pages/sprinkles,ok
1348685,fake_magazine_cover,0,741,假的杂志遮盖,,assistant_category0_draft,待校对,??????????,https://danbooru.donmai.us/wiki_pages/fake_magazine_cover,ok
686939,wide_oval_eyes,0,740,wideoval眼睛,,assistant_category0_draft,待校对,??????????,https://danbooru.donmai.us/wiki_pages/wide_oval_eyes,ok
688374,holding_cross,0,740,拿着十字,,assistant_category0_draft,待校对,??????????,https://danbooru.donmai.us/wiki_pages/holding_cross,ok
1406789,otter_tail,0,740,水獭尾巴,,assistant_category0_draft,待校对,??????????,https://danbooru.donmai.us/wiki_pages/otter_tail,ok
598911,interior,0,739,室内,,assistant_category0_draft,待校对,??????????,https://danbooru.donmai.us/wiki_pages/interior,ok
1396057,gumroad_username,0,739,gumroad用户名,,assistant_category0_draft,待校对,??????????,https://danbooru.donmai.us/wiki_pages/gumroad_username,ok
407968,lime_(fruit),0,738,lime,,assistant_category0_draft,待校对,??????????,https://danbooru.donmai.us/wiki_pages/lime_%28fruit%29,ok
1453283,amestris_military_uniform,0,738,amestris军装制服,,assistant_category0_draft,待校对,??????????,https://danbooru.donmai.us/wiki_pages/amestris_military_uniform,ok
521072,cupboard,0,738,cupboard,,assistant_category0_draft,待校对,??????????,https://danbooru.donmai.us/wiki_pages/cupboard,ok
1300994,taut_leotard,0,738,绷紧连体衣,,assistant_category0_draft,待校对,??????????,https://danbooru.donmai.us/wiki_pages/taut_leotard,ok
392118,cork,0,737,cork,,assistant_category0_draft,待校对,??????????,https://danbooru.donmai.us/wiki_pages/cork,ok
634874,o-ring_swimsuit,0,737,O形戒指泳装,,assistant_category0_draft,待校对,??????????,https://danbooru.donmai.us/wiki_pages/o-ring_swimsuit,not_found
554948,flying_fish,0,737,飞出的鱼,,assistant_category0_draft,待校对,??????????,https://danbooru.donmai.us/wiki_pages/flying_fish,ok
1408010,pom_pom_earrings,0,736,绒球绒球耳环,,assistant_category0_draft,待校对,??????????,https://danbooru.donmai.us/wiki_pages/pom_pom_earrings,ok
716702,checkered_bow,0,736,棋盘格蝴蝶结,,assistant_category0_draft,待校对,??????????,https://danbooru.donmai.us/wiki_pages/checkered_bow,ok
1472418,multiple_hairpins,0,736,多个hairpins,,assistant_category0_draft,待校对,??????????,https://danbooru.donmai.us/wiki_pages/multiple_hairpins,not_found
480630,record,0,735,record,,assistant_category0_draft,待校对,??????????,https://danbooru.donmai.us/wiki_pages/record,not_found
1363286,light_brown_background,0,735,浅色棕色背景,,assistant_category0_draft,待校对,??????????,https://danbooru.donmai.us/wiki_pages/light_brown_background,ok
1886396,lance_of_longinus_(evangelion),0,735,lance的longinus,,assistant_category0_draft,待校对,??????????,https://danbooru.donmai.us/wiki_pages/lance_of_longinus_%28evangelion%29,ok
1463447,studded_choker,0,735,铆钉项圈,,assistant_category0_draft,待校对,??????????,https://danbooru.donmai.us/wiki_pages/studded_choker,ok
1441197,red_bandeau,0,735,红色抹胸,,assistant_category0_draft,待校对,??????????,https://danbooru.donmai.us/wiki_pages/red_bandeau,ok
1617321,red_trim,0,734,红色镶边,,assistant_category0_draft,待校对,??????????,https://danbooru.donmai.us/wiki_pages/red_trim,ok
1413219,covering_another's_mouth,0,734,遮盖他人嘴,,assistant_category0_draft,待校对,??????????,https://danbooru.donmai.us/wiki_pages/covering_another%27s_mouth,ok
721754,single_garter_strap,0,734,单侧吊袜带带子,,assistant_category0_draft,待校对,??????????,https://danbooru.donmai.us/wiki_pages/single_garter_strap,ok
490599,lane_line,0,733,lane线,,assistant_category0_draft,待校对,??????????,https://danbooru.donmai.us/wiki_pages/lane_line,ok
413217,humping,0,733,humping,,assistant_category0_draft,待校对,??????????,https://danbooru.donmai.us/wiki_pages/humping,ok
1692877,fruit_hat_ornament,0,733,水果帽子饰品,,assistant_category0_draft,待校对,??????????,https://danbooru.donmai.us/wiki_pages/fruit_hat_ornament,ok
1350902,starfish_hair_ornament,0,733,starfish发饰,,assistant_category0_draft,待校对,??????????,https://danbooru.donmai.us/wiki_pages/starfish_hair_ornament,ok
1255360,hand_on_own_forehead,0,732,手放在自己的额头上,,assistant_category0_draft,待校对,??????????,https://danbooru.donmai.us/wiki_pages/hand_on_own_forehead,ok
1253317,holding_briefcase,0,732,拿着公文包,,assistant_category0_draft,待校对,??????????,https://danbooru.donmai.us/wiki_pages/holding_briefcase,ok
1466153,brown_sash,0,732,棕色饰带,,assistant_category0_draft,待校对,??????????,https://danbooru.donmai.us/wiki_pages/brown_sash,ok
5756,van,0,732,van,,assistant_category0_draft,待校对,??????????,https://danbooru.donmai.us/wiki_pages/van,ok
1391180,o-ring_belt,0,732,O形戒指腰带,,assistant_category0_draft,待校对,??????????,https://danbooru.donmai.us/wiki_pages/o-ring_belt,ok
1327659,striped_vest,0,732,条纹背心,,assistant_category0_draft,待校对,??????????,https://danbooru.donmai.us/wiki_pages/striped_vest,ok
1577915,like_and_retweet,0,732,like和retweet,,assistant_category0_draft,待校对,??????????,https://danbooru.donmai.us/wiki_pages/like_and_retweet,ok
1442899,green_cardigan,0,731,绿色开衫,,assistant_category0_draft,待校对,??????????,https://danbooru.donmai.us/wiki_pages/green_cardigan,ok
1384372,aqua_hairband,0,731,水色发箍,,assistant_category0_draft,待校对,??????????,https://danbooru.donmai.us/wiki_pages/aqua_hairband,ok
1778351,yellow_gemstone,0,731,黄色宝石,,assistant_category0_draft,待校对,??????????,https://danbooru.donmai.us/wiki_pages/yellow_gemstone,not_found
1016087,plate_carrier,0,731,盘子carrier,,assistant_category0_draft,待校对,??????????,https://danbooru.donmai.us/wiki_pages/plate_carrier,ok
438322,police_car,0,730,警察car,,assistant_category0_draft,待校对,??????????,https://danbooru.donmai.us/wiki_pages/police_car,ok
555919,crystal_wings,0,730,crystal翅膀,,assistant_category0_draft,待校对,??????????,https://danbooru.donmai.us/wiki_pages/crystal_wings,ok
1690649,limiter_(tsukumo_sana),0,730,limiter,,assistant_category0_draft,待校对,??????????,https://danbooru.donmai.us/wiki_pages/limiter_%28tsukumo_sana%29,ok
1236817,bear_hood,0,729,熊兜帽,,assistant_category0_draft,待校对,??????????,https://danbooru.donmai.us/wiki_pages/bear_hood,ok
500376,war_hammer,0,728,war锤子,,assistant_category0_draft,待校对,??????????,https://danbooru.donmai.us/wiki_pages/war_hammer,ok
581992,coffee_pot,0,728,咖啡pot,,assistant_category0_draft,待校对,??????????,https://danbooru.donmai.us/wiki_pages/coffee_pot,ok
514658,holding_bra,0,728,拿着胸罩,,assistant_category0_draft,待校对,??????????,https://danbooru.donmai.us/wiki_pages/holding_bra,ok
15371,sauce,0,728,sauce,,assistant_category0_draft,待校对,??????????,https://danbooru.donmai.us/wiki_pages/sauce,ok
1271840,throat_microphone,0,728,throat麦克风,,assistant_category0_draft,待校对,??????????,https://danbooru.donmai.us/wiki_pages/throat_microphone,ok
682123,detached_leggings,0,728,分离的打底裤,,assistant_category0_draft,待校对,??????????,https://danbooru.donmai.us/wiki_pages/detached_leggings,ok
412638,ticket,0,727,ticket,,assistant_category0_draft,待校对,??????????,https://danbooru.donmai.us/wiki_pages/ticket,ok
1263906,star_wand,0,726,星星wand,,assistant_category0_draft,待校对,??????????,https://danbooru.donmai.us/wiki_pages/star_wand,ok
410838,m16,0,725,m16,,assistant_category0_draft,待校对,??????????,https://danbooru.donmai.us/wiki_pages/m16,ok
1886232,on_scooter,0,725,在scooter,,assistant_category0_draft,待校对,??????????,https://danbooru.donmai.us/wiki_pages/on_scooter,ok
1628091,kanshou_&_bakuya_(fate),0,724,kanshou&bakuya,,assistant_category0_draft,待校对,??????????,https://danbooru.donmai.us/wiki_pages/kanshou_%26_bakuya_%28fate%29,ok
383871,chocolate_making,0,724,巧克力making,,assistant_category0_draft,待校对,??????????,https://danbooru.donmai.us/wiki_pages/chocolate_making,ok
14457,wet_skirt,0,723,湿裙子,,assistant_category0_draft,待校对,??????????,https://danbooru.donmai.us/wiki_pages/wet_skirt,ok
635361,body_switch,0,723,身体switch,,assistant_category0_draft,待校对,??????????,https://danbooru.donmai.us/wiki_pages/body_switch,ok
1143156,multicolored_tail,0,723,多色尾巴,,assistant_category0_draft,待校对,??????????,https://danbooru.donmai.us/wiki_pages/multicolored_tail,ok
663411,holding_another's_foot,0,723,拿着他人脚,,assistant_category0_draft,待校对,??????????,https://danbooru.donmai.us/wiki_pages/holding_another%27s_foot,ok
1994923,walker_(robot),0,723,walker,,assistant_category0_draft,待校对,??????????,https://danbooru.donmai.us/wiki_pages/walker_%28robot%29,ok
589491,gradient_wings,0,723,渐变翅膀,,assistant_category0_draft,待校对,??????????,https://danbooru.donmai.us/wiki_pages/gradient_wings,ok
1291060,rabbit_on_head,0,723,兔子在头,,assistant_category0_draft,待校对,??????????,https://danbooru.donmai.us/wiki_pages/rabbit_on_head,ok
675816,kissing_neck,0,722,亲吻脖子,,assistant_category0_draft,待校对,??????????,https://danbooru.donmai.us/wiki_pages/kissing_neck,ok
1380972,holding_scroll,0,721,拿着scroll,,assistant_category0_draft,待校对,??????????,https://danbooru.donmai.us/wiki_pages/holding_scroll,ok
1319606,twintails_day,0,721,twintails白天,,assistant_category0_draft,待校对,??????????,https://danbooru.donmai.us/wiki_pages/twintails_day,ok
1551950,rhine_lab_logo,0,721,rhinelab标志,,assistant_category0_draft,待校对,??????????,https://danbooru.donmai.us/wiki_pages/rhine_lab_logo,ok
1404688,pink_tank_top,0,720,粉色背心上衣,,assistant_category0_draft,待校对,??????????,https://danbooru.donmai.us/wiki_pages/pink_tank_top,ok
8768,microwave,0,720,microwave,,assistant_category0_draft,待校对,??????????,https://danbooru.donmai.us/wiki_pages/microwave,ok
1241808,looking_at_hand,0,720,看向手,,assistant_category0_draft,待校对,??????????,https://danbooru.donmai.us/wiki_pages/looking_at_hand,ok
1835736,yellow_one-piece_swimsuit,0,719,黄色单件泳装,,assistant_category0_draft,待校对,??????????,https://danbooru.donmai.us/wiki_pages/yellow_one-piece_swimsuit,ok
1445402,white_bandeau,0,719,白色抹胸,,assistant_category0_draft,待校对,??????????,https://danbooru.donmai.us/wiki_pages/white_bandeau,ok
564940,paint_can,0,719,颜料can,,assistant_category0_draft,待校对,??????????,https://danbooru.donmai.us/wiki_pages/paint_can,ok
470329,musket,0,719,musket,,assistant_category0_draft,待校对,??????????,https://danbooru.donmai.us/wiki_pages/musket,ok
1881342,shield_on_back,0,719,shield在背部,,assistant_category0_draft,待校对,??????????,https://danbooru.donmai.us/wiki_pages/shield_on_back,ok
1500711,facing_up,0,719,朝向向上,,assistant_category0_draft,待校对,??????????,https://danbooru.donmai.us/wiki_pages/facing_up,ok
1690512,black_tube_top,0,718,黑色抹胸上衣,,assistant_category0_draft,待校对,??????????,https://danbooru.donmai.us/wiki_pages/black_tube_top,ok
579316,white_pubic_hair,0,718,白色阴毛头发,,assistant_category0_draft,待校对,??????????,https://danbooru.donmai.us/wiki_pages/white_pubic_hair,ok
1543107,female_goblin,0,718,女性goblin,,assistant_category0_draft,待校对,??????????,https://danbooru.donmai.us/wiki_pages/female_goblin,ok
1358328,covering_another's_eyes,0,717,遮盖他人眼睛,,assistant_category0_draft,待校对,??????????,https://danbooru.donmai.us/wiki_pages/covering_another%27s_eyes,ok
1184023,ligne_claire,0,717,ligneclaire,,assistant_category0_draft,待校对,??????????,https://danbooru.donmai.us/wiki_pages/ligne_claire,ok
380384,accident,0,716,accident,,assistant_category0_draft,待校对,??????????,https://danbooru.donmai.us/wiki_pages/accident,ok
550212,torn_wings,0,716,破损的翅膀,,assistant_category0_draft,待校对,??????????,https://danbooru.donmai.us/wiki_pages/torn_wings,ok
392002,kono_lolicon_domome,0,716,konololicondomome,,assistant_category0_draft,待校对,??????????,https://danbooru.donmai.us/wiki_pages/kono_lolicon_domome,ok
402892,weights,0,716,weights,,assistant_category0_draft,待校对,??????????,https://danbooru.donmai.us/wiki_pages/weights,ok
602754,red_wine,0,716,红色wine,,assistant_category0_draft,待校对,??????????,https://danbooru.donmai.us/wiki_pages/red_wine,ok
519170,yellow_pantyhose,0,715,黄色连裤袜,,assistant_category0_draft,待校对,??????????,https://danbooru.donmai.us/wiki_pages/yellow_pantyhose,ok
1050723,super_saiyan_4,0,715,超级赛亚人4,,assistant_category0_draft,待校对,??????????,https://danbooru.donmai.us/wiki_pages/super_saiyan_4,ok
575798,wafer_stick,0,715,wafer棍,,assistant_category0_draft,待校对,??????????,https://danbooru.donmai.us/wiki_pages/wafer_stick,ok
666749,sitting_sideways,0,714,坐着sideways,,assistant_category0_draft,待校对,??????????,https://danbooru.donmai.us/wiki_pages/sitting_sideways,ok
628155,bandaged_fingers,0,714,缠绷带的手指,,assistant_category0_draft,待校对,??????????,https://danbooru.donmai.us/wiki_pages/bandaged_fingers,ok
653735,ahoge_wag,0,714,呆毛wag,,assistant_category0_draft,待校对,??????????,https://danbooru.donmai.us/wiki_pages/ahoge_wag,ok
1253562,black_hood,0,712,黑色兜帽,,assistant_category0_draft,待校对,??????????,https://danbooru.donmai.us/wiki_pages/black_hood,ok
1262238,hand_on_ground,0,712,手放在地面上,,assistant_category0_draft,待校对,??????????,https://danbooru.donmai.us/wiki_pages/hand_on_ground,ok
1127765,black_veil,0,712,黑色面纱,,assistant_category0_draft,待校对,??????????,https://danbooru.donmai.us/wiki_pages/black_veil,ok
191640,ak-47,0,711,ak47,,assistant_category0_draft,待校对,??????????,https://danbooru.donmai.us/wiki_pages/ak-47,ok
595034,head_on_head,0,711,头在头,,assistant_category0_draft,待校对,??????????,https://danbooru.donmai.us/wiki_pages/head_on_head,ok
474159,coin_purse,0,711,硬币purse,,assistant_category0_draft,待校对,??????????,https://danbooru.donmai.us/wiki_pages/coin_purse,ok
575514,leaf_background,0,711,叶子背景,,assistant_category0_draft,待校对,??????????,https://danbooru.donmai.us/wiki_pages/leaf_background,ok
691122,transparent_censoring,0,711,透明censoring,,assistant_category0_draft,待校对,??????????,https://danbooru.donmai.us/wiki_pages/transparent_censoring,ok
1232037,hakama_shorts,0,711,hakama短裤,,assistant_category0_draft,待校对,??????????,https://danbooru.donmai.us/wiki_pages/hakama_shorts,ok
1406769,moose_ears,0,711,moose耳朵,,assistant_category0_draft,待校对,??????????,https://danbooru.donmai.us/wiki_pages/moose_ears,ok
1543883,josou_seme,0,710,josouseme,,assistant_category0_draft,待校对,??????????,https://danbooru.donmai.us/wiki_pages/josou_seme,ok
651680,stuffed_panda,0,710,毛绒熊猫,,assistant_category0_draft,待校对,??????????,https://danbooru.donmai.us/wiki_pages/stuffed_panda,ok
655793,police_badge,0,710,警察badge,,assistant_category0_draft,待校对,??????????,https://danbooru.donmai.us/wiki_pages/police_badge,ok
1070070,fishnet_bodysuit,0,710,网眼紧身衣,,assistant_category0_draft,待校对,??????????,https://danbooru.donmai.us/wiki_pages/fishnet_bodysuit,not_found
451531,cutting,0,710,cutting,,assistant_category0_draft,待校对,??????????,https://danbooru.donmai.us/wiki_pages/cutting,ok
539984,pointy_hat,0,710,尖帽子,,assistant_category0_draft,待校对,??????????,https://danbooru.donmai.us/wiki_pages/pointy_hat,ok
524604,fur_jacket,0,710,毛皮夹克,,assistant_category0_draft,待校对,??????????,https://danbooru.donmai.us/wiki_pages/fur_jacket,ok
619775,dollar_sign,0,709,dollarsign,,assistant_category0_draft,待校对,??????????,https://danbooru.donmai.us/wiki_pages/dollar_sign,ok
1363051,bandaid_on_neck,0,708,脖子上的创可贴,,assistant_category0_draft,待校对,??????????,https://danbooru.donmai.us/wiki_pages/bandaid_on_neck,ok
1428905,holding_surfboard,0,706,拿着surfboard,,assistant_category0_draft,待校对,??????????,https://danbooru.donmai.us/wiki_pages/holding_surfboard,ok
1376938,hat_belt,0,706,帽子腰带,,assistant_category0_draft,待校对,??????????,https://danbooru.donmai.us/wiki_pages/hat_belt,ok
1379542,team_skull,0,706,团队骷髅,,assistant_category0_draft,待校对,??????????,https://danbooru.donmai.us/wiki_pages/team_skull,ok
1451348,bc_freedom_school_uniform,0,705,bcfreedom学校制服,,assistant_category0_draft,待校对,??????????,https://danbooru.donmai.us/wiki_pages/bc_freedom_school_uniform,ok
1397149,hair_over_one_breast,0,704,头发覆盖单乳房,,assistant_category0_draft,待校对,??????????,https://danbooru.donmai.us/wiki_pages/hair_over_one_breast,ok
527713,arm_over_head,0,704,手臂覆盖头,,assistant_category0_draft,待校对,??????????,https://danbooru.donmai.us/wiki_pages/arm_over_head,ok
663609,sweater_pull,0,704,毛衣拉起,,assistant_category0_draft,待校对,??????????,https://danbooru.donmai.us/wiki_pages/sweater_pull,ok
1465145,holding_map,0,704,拿着map,,assistant_category0_draft,待校对,??????????,https://danbooru.donmai.us/wiki_pages/holding_map,ok
512953,masked,0,704,masked,,assistant_category0_draft,待校对,??????????,https://danbooru.donmai.us/wiki_pages/masked,ok
788488,knife_sheath,0,703,刀sheath,,assistant_category0_draft,待校对,??????????,https://danbooru.donmai.us/wiki_pages/knife_sheath,ok
641589,pantyhose_under_swimsuit,0,702,连裤袜在泳装下,,assistant_category0_draft,待校对,??????????,https://danbooru.donmai.us/wiki_pages/pantyhose_under_swimsuit,ok
1890194,grabbing_another's_ear,0,702,抓住他人耳朵,,assistant_category0_draft,待校对,??????????,https://danbooru.donmai.us/wiki_pages/grabbing_another%27s_ear,ok
10694,wanted,0,701,wanted,,assistant_category0_draft,待校对,??????????,https://danbooru.donmai.us/wiki_pages/wanted,not_found
580001,print_swimsuit,0,700,印花泳装,,assistant_category0_draft,待校对,??????????,https://danbooru.donmai.us/wiki_pages/print_swimsuit,ok
489413,popsicle_stick,0,699,冰棒棍,,assistant_category0_draft,待校对,??????????,https://danbooru.donmai.us/wiki_pages/popsicle_stick,ok
2006775,unworn_goggles,0,699,未穿戴的护目镜,,assistant_category0_draft,待校对,??????????,https://danbooru.donmai.us/wiki_pages/unworn_goggles,ok
1580148,after_bathing,0,699,之后沐浴,,assistant_category0_draft,待校对,??????????,https://danbooru.donmai.us/wiki_pages/after_bathing,ok
1727453,anti-aircraft,0,699,antiaircraft,,assistant_category0_draft,待校对,??????????,https://danbooru.donmai.us/wiki_pages/anti-aircraft,ok
1881204,starlight_academy_school_uniform,0,699,starlight学院学校制服,,assistant_category0_draft,待校对,??????????,https://danbooru.donmai.us/wiki_pages/starlight_academy_school_uniform,ok
607415,flailing,0,698,flailing,,assistant_category0_draft,待校对,??????????,https://danbooru.donmai.us/wiki_pages/flailing,ok
540641,shoulder_plates,0,696,肩plates,,assistant_category0_draft,待校对,??????????,https://danbooru.donmai.us/wiki_pages/shoulder_plates,ok
4322,band,0,694,带,,assistant_category0_draft,待校对,??????????,https://danbooru.donmai.us/wiki_pages/band,ok
660608,forked_tail,0,694,分叉尾巴,,assistant_category0_draft,待校对,??????????,https://danbooru.donmai.us/wiki_pages/forked_tail,ok
1395440,lightning_bolt_hair_ornament,0,694,闪电闪电发饰,,assistant_category0_draft,待校对,??????????,https://danbooru.donmai.us/wiki_pages/lightning_bolt_hair_ornament,ok
1694223,undone_neck_ribbon,0,693,undone脖子缎带,,assistant_category0_draft,待校对,??????????,https://danbooru.donmai.us/wiki_pages/undone_neck_ribbon,ok
444126,shoulder_guard,0,693,肩护具,,assistant_category0_draft,待校对,??????????,https://danbooru.donmai.us/wiki_pages/shoulder_guard,ok
1258570,hedgehog_tail,0,693,刺猬尾巴,,assistant_category0_draft,待校对,??????????,https://danbooru.donmai.us/wiki_pages/hedgehog_tail,ok
619345,digital_clock,0,692,digital时钟,,assistant_category0_draft,待校对,??????????,https://danbooru.donmai.us/wiki_pages/digital_clock,ok
424699,closet,0,692,closet,,assistant_category0_draft,待校对,??????????,https://danbooru.donmai.us/wiki_pages/closet,ok
1551407,metamoran_vest,0,692,metamoran背心,,assistant_category0_draft,待校对,??????????,https://danbooru.donmai.us/wiki_pages/metamoran_vest,ok
1119350,normal_suit,0,692,普通套装,,assistant_category0_draft,待校对,??????????,https://danbooru.donmai.us/wiki_pages/normal_suit,not_found
613600,checkered_legwear,0,692,棋盘格腿部服饰,,assistant_category0_draft,待校对,??????????,https://danbooru.donmai.us/wiki_pages/checkered_legwear,ok
1948768,sparse_chest_hair,0,692,稀疏胸口头发,,assistant_category0_draft,待校对,??????????,https://danbooru.donmai.us/wiki_pages/sparse_chest_hair,ok
1663426,see-through_swimsuit,0,691,透视泳装,,assistant_category0_draft,待校对,??????????,https://danbooru.donmai.us/wiki_pages/see-through_swimsuit,ok
718647,holding_necklace,0,690,拿着项链,,assistant_category0_draft,待校对,??????????,https://danbooru.donmai.us/wiki_pages/holding_necklace,ok
401324,chakram,0,690,chakram,,assistant_category0_draft,待校对,??????????,https://danbooru.donmai.us/wiki_pages/chakram,ok
1677791,blood_on_bandages,0,689,bandages上的血,,assistant_category0_draft,待校对,??????????,https://danbooru.donmai.us/wiki_pages/blood_on_bandages,ok
1369696,pink_horns,0,689,粉色角,,assistant_category0_draft,待校对,??????????,https://danbooru.donmai.us/wiki_pages/pink_horns,ok
538775,remembering,0,688,remembering,,assistant_category0_draft,待校对,??????????,https://danbooru.donmai.us/wiki_pages/remembering,ok
449450,vertical_foregrip,0,687,竖向foregrip,,assistant_category0_draft,待校对,??????????,https://danbooru.donmai.us/wiki_pages/vertical_foregrip,ok
600484,adjusting_scarf,0,687,整理围巾,,assistant_category0_draft,待校对,??????????,https://danbooru.donmai.us/wiki_pages/adjusting_scarf,ok
1396916,layered_shirt,0,687,多层衬衫,,assistant_category0_draft,待校对,??????????,https://danbooru.donmai.us/wiki_pages/layered_shirt,ok
575981,bird_on_arm,0,686,鸟在手臂,,assistant_category0_draft,待校对,??????????,https://danbooru.donmai.us/wiki_pages/bird_on_arm,ok
695444,pokemon_ears,0,686,宝可梦耳朵,,assistant_category0_draft,待校对,??????????,https://danbooru.donmai.us/wiki_pages/pokemon_ears,ok
895872,paint_on_clothes,0,686,颜料在服装,,assistant_category0_draft,待校对,??????????,https://danbooru.donmai.us/wiki_pages/paint_on_clothes,ok
1621049,scar_on_hand,0,686,手上的伤疤,,assistant_category0_draft,待校对,??????????,https://danbooru.donmai.us/wiki_pages/scar_on_hand,ok
1406196,blue_outline,0,684,蓝色轮廓,,assistant_category0_draft,待校对,??????????,https://danbooru.donmai.us/wiki_pages/blue_outline,ok
1347287,green_feathers,0,684,绿色羽毛,,assistant_category0_draft,待校对,??????????,https://danbooru.donmai.us/wiki_pages/green_feathers,ok
2006784,unworn_bikini,0,684,未穿戴的比基尼,,assistant_category0_draft,待校对,??????????,https://danbooru.donmai.us/wiki_pages/unworn_bikini,ok
1490269,pink_sports_bra,0,683,粉色运动胸罩,,assistant_category0_draft,待校对,??????????,https://danbooru.donmai.us/wiki_pages/pink_sports_bra,ok
1341024,side-tie_shirt,0,681,侧边系带衬衫,,assistant_category0_draft,待校对,??????????,https://danbooru.donmai.us/wiki_pages/side-tie_shirt,ok
1254622,torn_coat,0,680,破损的外套,,assistant_category0_draft,待校对,??????????,https://danbooru.donmai.us/wiki_pages/torn_coat,ok
496982,beach_mat,0,680,beach垫子,,assistant_category0_draft,待校对,??????????,https://danbooru.donmai.us/wiki_pages/beach_mat,ok
1635490,poke_ball_(legends),0,679,戳球,,assistant_category0_draft,待校对,??????????,https://danbooru.donmai.us/wiki_pages/poke_ball_%28legends%29,not_found
655036,ankle_bow,0,678,脚踝蝴蝶结,,assistant_category0_draft,待校对,??????????,https://danbooru.donmai.us/wiki_pages/ankle_bow,ok
1918272,covering_own_ears,0,678,遮盖自己的耳朵,,assistant_category0_draft,待校对,??????????,https://danbooru.donmai.us/wiki_pages/covering_own_ears,ok
1350133,mtu_virus,0,678,mtuvirus,,assistant_category0_draft,待校对,??????????,https://danbooru.donmai.us/wiki_pages/mtu_virus,ok
1241229,butterfly_tattoo,0,677,蝴蝶纹身,,assistant_category0_draft,待校对,??????????,https://danbooru.donmai.us/wiki_pages/butterfly_tattoo,ok
1537113,bandaid_on_head,0,677,头上的创可贴,,assistant_category0_draft,待校对,??????????,https://danbooru.donmai.us/wiki_pages/bandaid_on_head,ok
1290437,fur-trimmed_bikini,0,676,毛皮镶边比基尼,,assistant_category0_draft,待校对,??????????,https://danbooru.donmai.us/wiki_pages/fur-trimmed_bikini,ok
1660126,implied_extra_ears,0,676,暗示额外耳朵,,assistant_category0_draft,待校对,??????????,https://danbooru.donmai.us/wiki_pages/implied_extra_ears,ok
459473,hand_over_face,0,675,手覆盖脸,,assistant_category0_draft,待校对,??????????,https://danbooru.donmai.us/wiki_pages/hand_over_face,ok
1334027,argyle_cutout,0,675,菱格纹镂空,,assistant_category0_draft,待校对,??????????,https://danbooru.donmai.us/wiki_pages/argyle_cutout,ok
1507688,cross-laced_skirt,0,675,十字系带裙子,,assistant_category0_draft,待校对,??????????,https://danbooru.donmai.us/wiki_pages/cross-laced_skirt,ok
649168,fruit_on_head,0,675,水果在头,,assistant_category0_draft,待校对,??????????,https://danbooru.donmai.us/wiki_pages/fruit_on_head,ok
1462248,fruit_cup,0,675,水果cup,,assistant_category0_draft,待校对,??????????,https://danbooru.donmai.us/wiki_pages/fruit_cup,not_found
497727,height,0,675,height,,assistant_category0_draft,待校对,??????????,https://danbooru.donmai.us/wiki_pages/height,ok
1605277,starry_hair,0,675,starry头发,,assistant_category0_draft,待校对,??????????,https://danbooru.donmai.us/wiki_pages/starry_hair,ok
1484956,sparkle_hair_ornament,0,675,闪光发饰,,assistant_category0_draft,待校对,??????????,https://danbooru.donmai.us/wiki_pages/sparkle_hair_ornament,ok
525386,too_literal,0,674,tooliteral,,assistant_category0_draft,待校对,??????????,https://danbooru.donmai.us/wiki_pages/too_literal,ok
456715,cow_costume,0,673,cow服装,,assistant_category0_draft,待校对,??????????,https://danbooru.donmai.us/wiki_pages/cow_costume,ok
515924,drum_magazine,0,673,drum杂志,,assistant_category0_draft,待校对,??????????,https://danbooru.donmai.us/wiki_pages/drum_magazine,ok
1337689,blood_on_ground,0,672,地面上的血,,assistant_category0_draft,待校对,??????????,https://danbooru.donmai.us/wiki_pages/blood_on_ground,ok
1424746,multicolored_leotard,0,672,多色连体衣,,assistant_category0_draft,待校对,??????????,https://danbooru.donmai.us/wiki_pages/multicolored_leotard,ok
1430698,white_garter_belt,0,672,白色吊袜带腰带,,assistant_category0_draft,待校对,??????????,https://danbooru.donmai.us/wiki_pages/white_garter_belt,ok
1448244,holding_toothbrush,0,672,拿着toothbrush,,assistant_category0_draft,待校对,??????????,https://danbooru.donmai.us/wiki_pages/holding_toothbrush,ok
421072,toga,0,671,toga,,assistant_category0_draft,待校对,??????????,https://danbooru.donmai.us/wiki_pages/toga,ok
1507090,holding_lipstick_tube,0,670,拿着lipstick抹胸,,assistant_category0_draft,待校对,??????????,https://danbooru.donmai.us/wiki_pages/holding_lipstick_tube,ok
3184,mg42,0,669,mg42,,assistant_category0_draft,待校对,??????????,https://danbooru.donmai.us/wiki_pages/mg42,ok
710234,nipple-to-nipple,0,669,乳头贴近乳头,,assistant_category0_draft,待校对,??????????,https://danbooru.donmai.us/wiki_pages/nipple-to-nipple,ok
627605,pushing_away,0,669,pushingaway,,assistant_category0_draft,待校对,??????????,https://danbooru.donmai.us/wiki_pages/pushing_away,ok
635630,spoken_expression,0,669,说出的expression,,assistant_category0_draft,待校对,??????????,https://danbooru.donmai.us/wiki_pages/spoken_expression,ok
518535,ainu,0,669,ainu,,assistant_category0_draft,待校对,??????????,https://danbooru.donmai.us/wiki_pages/ainu,ok
1682857,holding_with_tail,0,668,拿着与尾巴,,assistant_category0_draft,待校对,??????????,https://danbooru.donmai.us/wiki_pages/holding_with_tail,ok
1330325,white_wristband,0,668,白色腕带,,assistant_category0_draft,待校对,??????????,https://danbooru.donmai.us/wiki_pages/white_wristband,ok
631791,long_ribbon,0,668,长缎带,,assistant_category0_draft,待校对,??????????,https://danbooru.donmai.us/wiki_pages/long_ribbon,ok
476455,green_fire,0,667,绿色火,,assistant_category0_draft,待校对,??????????,https://danbooru.donmai.us/wiki_pages/green_fire,ok
1347798,facing_down,0,667,面朝下,,assistant_category0_draft,待校对,??????????,https://danbooru.donmai.us/wiki_pages/facing_down,ok
1391282,purple_robe,0,666,紫色长袍,,assistant_category0_draft,待校对,??????????,https://danbooru.donmai.us/wiki_pages/purple_robe,ok
1544050,turtleneck_jacket,0,666,高领夹克,,assistant_category0_draft,待校对,??????????,https://danbooru.donmai.us/wiki_pages/turtleneck_jacket,ok
532884,dark_clouds,0,665,深色云,,assistant_category0_draft,待校对,??????????,https://danbooru.donmai.us/wiki_pages/dark_clouds,not_found
474303,shared_earphones,0,664,共用耳机,,assistant_category0_draft,待校对,??????????,https://danbooru.donmai.us/wiki_pages/shared_earphones,ok
1409032,mole_on_arm,0,664,手臂上的痣,,assistant_category0_draft,待校对,??????????,https://danbooru.donmai.us/wiki_pages/mole_on_arm,ok
1345306,holding_mirror,0,664,拿着镜子,,assistant_category0_draft,待校对,??????????,https://danbooru.donmai.us/wiki_pages/holding_mirror,ok
1574667,two-sided_cloak,0,664,双面斗篷,,assistant_category0_draft,待校对,??????????,https://danbooru.donmai.us/wiki_pages/two-sided_cloak,ok
489117,corsage,0,663,胸花,,assistant_category0_draft,待校对,??????????,https://danbooru.donmai.us/wiki_pages/corsage,ok
1291577,black_outline,0,662,黑色轮廓,,assistant_category0_draft,待校对,??????????,https://danbooru.donmai.us/wiki_pages/black_outline,ok
1311157,anchor_earrings,0,662,锚耳环,,assistant_category0_draft,待校对,??????????,https://danbooru.donmai.us/wiki_pages/anchor_earrings,ok
617715,wrapped_candy,0,662,wrapped糖果,,assistant_category0_draft,待校对,??????????,https://danbooru.donmai.us/wiki_pages/wrapped_candy,ok
494712,gingham,0,661,格纹布,,assistant_category0_draft,待校对,??????????,https://danbooru.donmai.us/wiki_pages/gingham,ok
387069,sweet_lolita,0,661,甜美洛丽塔,,assistant_category0_draft,待校对,??????????,https://danbooru.donmai.us/wiki_pages/sweet_lolita,ok
1841287,asymmetrical_sidelocks,0,661,不对称侧发,,assistant_category0_draft,待校对,??????????,https://danbooru.donmai.us/wiki_pages/asymmetrical_sidelocks,ok
1277703,lying_on_water,0,661,躺在水面上,,assistant_category0_draft,待校对,??????????,https://danbooru.donmai.us/wiki_pages/lying_on_water,ok
547190,side-tie_skirt,0,661,侧边系带裙子,,assistant_category0_draft,待校对,??????????,https://danbooru.donmai.us/wiki_pages/side-tie_skirt,ok
1258819,print_scarf,0,661,印花围巾,,assistant_category0_draft,待校对,??????????,https://danbooru.donmai.us/wiki_pages/print_scarf,ok
695913,green_collar,0,661,绿色衣领,,assistant_category0_draft,待校对,??????????,https://danbooru.donmai.us/wiki_pages/green_collar,ok
1600924,sweater_tucked_in,0,661,毛衣塞入衣内,,assistant_category0_draft,待校对,??????????,https://danbooru.donmai.us/wiki_pages/sweater_tucked_in,ok
1396935,bc_freedom_(emblem),0,661,BC自由学园徽章,,assistant_category0_draft,待校对,??????????,https://danbooru.donmai.us/wiki_pages/bc_freedom_%28emblem%29,ok
1578413,square_neckline,0,660,方形neckline,,assistant_category0_draft,待校对,??????????,https://danbooru.donmai.us/wiki_pages/square_neckline,ok
1289517,mini_witch_hat,0,659,迷你魔女帽子,,assistant_category0_draft,待校对,??????????,https://danbooru.donmai.us/wiki_pages/mini_witch_hat,ok
1412715,holding_key,0,659,拿着钥匙,,assistant_category0_draft,待校对,??????????,https://danbooru.donmai.us/wiki_pages/holding_key,ok
49893,baking,0,658,烘焙,,assistant_category0_draft,待校对,??????????,https://danbooru.donmai.us/wiki_pages/baking,ok
1434292,on_stool,0,658,在凳子,,assistant_category0_draft,待校对,??????????,https://danbooru.donmai.us/wiki_pages/on_stool,ok
1480627,holding_torch,0,658,拿着火把,,assistant_category0_draft,待校对,??????????,https://danbooru.donmai.us/wiki_pages/holding_torch,ok
1447277,holding_plectrum,0,657,拿着拨片,,assistant_category0_draft,待校对,??????????,https://danbooru.donmai.us/wiki_pages/holding_plectrum,ok
1892221,jug_(bottle),0,657,壶,,assistant_category0_draft,待校对,??????????,https://danbooru.donmai.us/wiki_pages/jug_%28bottle%29,ok
1690520,white_tube_top,0,657,白色抹胸上衣,,assistant_category0_draft,待校对,??????????,https://danbooru.donmai.us/wiki_pages/white_tube_top,ok
2006779,unworn_hair_ornament,0,656,未穿戴的发饰,,assistant_category0_draft,待校对,??????????,https://danbooru.donmai.us/wiki_pages/unworn_hair_ornament,ok
1487812,holding_magnifying_glass,0,656,拿着放大镜,,assistant_category0_draft,待校对,??????????,https://danbooru.donmai.us/wiki_pages/holding_magnifying_glass,ok
1941540,single_off_shoulder,0,656,单侧露肩,,assistant_category0_draft,待校对,??????????,https://danbooru.donmai.us/wiki_pages/single_off_shoulder,ok
1412354,stained_sheets,0,654,污渍床单,,assistant_category0_draft,待校对,??????????,https://danbooru.donmai.us/wiki_pages/stained_sheets,ok
680600,arm_across_waist,0,654,手臂横过腰间,,assistant_category0_draft,待校对,??????????,https://danbooru.donmai.us/wiki_pages/arm_across_waist,ok
1409727,torn_cloak,0,654,破损的斗篷,,assistant_category0_draft,待校对,??????????,https://danbooru.donmai.us/wiki_pages/torn_cloak,ok
654255,heart_hair,0,654,心形头发,,assistant_category0_draft,待校对,??????????,https://danbooru.donmai.us/wiki_pages/heart_hair,not_found
678068,audio_jack,0,654,音频插孔,,assistant_category0_draft,待校对,??????????,https://danbooru.donmai.us/wiki_pages/audio_jack,ok
463089,oven,0,653,烤箱,,assistant_category0_draft,待校对,??????????,https://danbooru.donmai.us/wiki_pages/oven,ok
571706,kittysuit,0,652,猫咪紧身衣,,assistant_category0_draft,待校对,??????????,https://danbooru.donmai.us/wiki_pages/kittysuit,ok
551570,shirt_around_waist,0,651,衬衫系在腰间,,assistant_category0_draft,待校对,??????????,https://danbooru.donmai.us/wiki_pages/shirt_around_waist,ok
622003,;(,0,651,哭脸表情,,assistant_category0_draft,待校对,??????????,https://danbooru.donmai.us/wiki_pages/%3B%28,ok
485986,hieroglyphics,0,651,象形文字,,assistant_category0_draft,待校对,??????????,https://danbooru.donmai.us/wiki_pages/hieroglyphics,ok
507779,piano_keys,0,651,pianokeys,,assistant_category0_draft,待校对,??????????,https://danbooru.donmai.us/wiki_pages/piano_keys,ok
1249795,sailor_swimsuit_(idolmaster),0,651,水手泳装（偶像大师）,,assistant_category0_draft,待校对,??????????,https://danbooru.donmai.us/wiki_pages/sailor_swimsuit_%28idolmaster%29,ok
1690813,market_stall,0,650,市场摊位,,assistant_category0_draft,待校对,??????????,https://danbooru.donmai.us/wiki_pages/market_stall,ok
724189,detached_ahoge,0,650,分离的呆毛,,assistant_category0_draft,待校对,??????????,https://danbooru.donmai.us/wiki_pages/detached_ahoge,ok
501535,package,0,649,包裹,,assistant_category0_draft,待校对,??????????,https://danbooru.donmai.us/wiki_pages/package,ok
692331,feet_on_chair,0,648,脚放在椅子上,,assistant_category0_draft,待校对,??????????,https://danbooru.donmai.us/wiki_pages/feet_on_chair,ok
11156,singlet,0,648,单线态,,assistant_category0_draft,待校对,??????????,https://danbooru.donmai.us/wiki_pages/singlet,ok
667570,large_ears,0,647,大耳朵,,assistant_category0_draft,待校对,??????????,https://danbooru.donmai.us/wiki_pages/large_ears,ok
1499507,sailor_collar_lift,0,646,掀起水手领,,assistant_category0_draft,待校对,??????????,https://danbooru.donmai.us/wiki_pages/sailor_collar_lift,ok
1344208,aqua_shorts,0,646,水色短裤,,assistant_category0_draft,待校对,??????????,https://danbooru.donmai.us/wiki_pages/aqua_shorts,ok
1375384,monkey_boy,0,646,猴男孩,,assistant_category0_draft,待校对,??????????,https://danbooru.donmai.us/wiki_pages/monkey_boy,ok
1470365,flying_button,0,645,飞出的纽扣,,assistant_category0_draft,待校对,??????????,https://danbooru.donmai.us/wiki_pages/flying_button,ok
1733638,race_bib,0,645,比赛号码布,,assistant_category0_draft,待校对,??????????,https://danbooru.donmai.us/wiki_pages/race_bib,ok
1328452,ambiguous_red_liquid,0,645,不明红色液体,,assistant_category0_draft,待校对,??????????,https://danbooru.donmai.us/wiki_pages/ambiguous_red_liquid,ok
523781,sewing_needle,0,645,缝纫针,,assistant_category0_draft,待校对,??????????,https://danbooru.donmai.us/wiki_pages/sewing_needle,ok
1472811,holding_newspaper,0,644,拿着报纸,,assistant_category0_draft,待校对,??????????,https://danbooru.donmai.us/wiki_pages/holding_newspaper,ok
1295452,female_service_cap,0,643,女性服务帽,,assistant_category0_draft,待校对,??????????,https://danbooru.donmai.us/wiki_pages/female_service_cap,ok
1245114,covering_with_blanket,0,642,用毯子遮盖,,assistant_category0_draft,待校对,??????????,https://danbooru.donmai.us/wiki_pages/covering_with_blanket,ok
470409,rag,0,641,抹布,,assistant_category0_draft,待校对,??????????,https://danbooru.donmai.us/wiki_pages/rag,not_found
647958,ankleband,0,641,ankleband,,assistant_category0_draft,待校对,??????????,https://danbooru.donmai.us/wiki_pages/ankleband,ok
1297889,shampoo_bottle,0,641,洗发水瓶,,assistant_category0_draft,待校对,??????????,https://danbooru.donmai.us/wiki_pages/shampoo_bottle,ok
1411022,black_babydoll,0,640,黑色娃娃睡裙,,assistant_category0_draft,待校对,??????????,https://danbooru.donmai.us/wiki_pages/black_babydoll,ok
1178149,tucked_penis,0,640,藏起的阴茎,,assistant_category0_draft,待校对,??????????,https://danbooru.donmai.us/wiki_pages/tucked_penis,ok
1754298,multiple_bracelets,0,640,多个手镯,,assistant_category0_draft,待校对,??????????,https://danbooru.donmai.us/wiki_pages/multiple_bracelets,ok
1990022,kin-iro_mosaic_high_school_uniform,0,640,黄金拼图高中制服,,assistant_category0_draft,待校对,??????????,https://danbooru.donmai.us/wiki_pages/kin-iro_mosaic_high_school_uniform,not_found
1427497,holding_bell,0,639,拿着铃铛,,assistant_category0_draft,待校对,??????????,https://danbooru.donmai.us/wiki_pages/holding_bell,ok
1607444,blue_male_underwear,0,638,蓝色男性内衣,,assistant_category0_draft,待校对,??????????,https://danbooru.donmai.us/wiki_pages/blue_male_underwear,ok
2007719,side_cape,0,638,侧边披风,,assistant_category0_draft,待校对,??????????,https://danbooru.donmai.us/wiki_pages/side_cape,ok
1989805,inset_border,0,636,内嵌边框,,assistant_category0_draft,待校对,??????????,https://danbooru.donmai.us/wiki_pages/inset_border,ok
1315008,glove_bow,0,635,手套蝴蝶结,,assistant_category0_draft,待校对,??????????,https://danbooru.donmai.us/wiki_pages/glove_bow,ok
1416925,green_serafuku,0,635,绿色水手服,,assistant_category0_draft,待校对,??????????,https://danbooru.donmai.us/wiki_pages/green_serafuku,ok
551039,claw_foot_bathtub,0,635,爪足浴缸,,assistant_category0_draft,待校对,??????????,https://danbooru.donmai.us/wiki_pages/claw_foot_bathtub,ok
431317,poi,0,631,Poi语尾,,assistant_category0_draft,待校对,??????????,https://danbooru.donmai.us/wiki_pages/poi,not_found
1320443,vertical-striped_shorts,0,627,竖条纹短裤,,assistant_category0_draft,待校对,??????????,https://danbooru.donmai.us/wiki_pages/vertical-striped_shorts,ok
1501438,blue_sweater_vest,0,626,蓝色毛衣背心,,assistant_category0_draft,待校对,??????????,https://danbooru.donmai.us/wiki_pages/blue_sweater_vest,ok
1427920,polearm_behind_back,0,624,背后的长柄武器,,assistant_category0_draft,待校对,??????????,https://danbooru.donmai.us/wiki_pages/polearm_behind_back,not_found
1871372,streetwear,0,611,街头服饰,,assistant_category0_draft,待校对,??????????,https://danbooru.donmai.us/wiki_pages/streetwear,ok
