tag_id,name,category,count,zh_name,zh_name_2,source,confidence,note,donmai_url,api_status
1515536,official_alternate_costume,0,225665,官方换装,官方换装; 新衣装公開,danbooru_api_other_names,medium,api_han_candidates,https://danbooru.donmai.us/wiki_pages/official_alternate_costume,ok
465583,rabbit_ears,0,189631,兔耳,兔耳; 兎耳,danbooru_api_other_names,medium,api_han_candidates,https://danbooru.donmai.us/wiki_pages/rabbit_ears,ok
633894,dark-skinned_female,0,146761,黑褐色女性; 褐色娘,黑褐色女性; 褐色娘,danbooru_api_other_names,medium,api_han_candidates,https://danbooru.donmai.us/wiki_pages/dark-skinned_female,ok
822149,completely_nude,0,142366,全裸,側面全裸; 裸帽子; 完全裸; 全裸,danbooru_api_other_names,medium,api_han_candidates,https://danbooru.donmai.us/wiki_pages/completely_nude,ok
709722,hand_on_own_hip,0,125620,单手叉腰,单手叉腰; 叉腰,danbooru_api_other_names,medium,api_han_candidates,https://danbooru.donmai.us/wiki_pages/hand_on_own_hip,ok
128,loli,0,124937,萝莉|幼女,萝莉; 蘿莉; 幼女,danbooru_api_other_names,medium,api_han_candidates,https://danbooru.donmai.us/wiki_pages/loli,ok
465719,muscular,0,112819,肌肉发达,肌肉发达; 大腿筋; 筋肉質; 筋肉,danbooru_api_other_names,medium,api_han_candidates,https://danbooru.donmai.us/wiki_pages/muscular,ok
1451588,muscular_male,0,75109,肌肉男,筋肉男子; 筋肉男; 肌肉男; 筋肉質; 筋肉,danbooru_api_other_names,medium,api_han_candidates,https://danbooru.donmai.us/wiki_pages/muscular_male,ok
563478,dark-skinned_male,0,70557,黑褐色男性,黑褐色男性; 褐色男性; 黑人; 黒人,danbooru_api_other_names,medium,api_han_candidates,https://danbooru.donmai.us/wiki_pages/dark-skinned_male,ok
8072,black_socks,0,66442,黑色袜子,黒靴下; 黒生,danbooru_api_other_names,medium,api_han_candidates,https://danbooru.donmai.us/wiki_pages/black_socks,ok
1533172,grabbing_another's_breast,0,58320,抓住别人胸部|从背后揉奶,抓住别人胸部; 从背后揉奶; 揉奶,danbooru_api_other_names,medium,api_han_candidates,https://danbooru.donmai.us/wiki_pages/grabbing_another%27s_breast,ok
464539,bug,0,56981,虫子,蟲姦管理職; 虫子; 昆虫; 蟲姦; 虫姦; 虫,danbooru_api_other_names,medium,api_han_candidates,https://danbooru.donmai.us/wiki_pages/bug,ok
1836990,aged_down,0,55292,幼小形态|幼小时期,幼児体型; 幼少時代; 年齢操作; 幼少期; 幼児化; 子供化,danbooru_api_other_names,medium,api_han_candidates,https://danbooru.donmai.us/wiki_pages/aged_down,ok
15764,striped_thighhighs,0,51920,横条纹丝袜,横条纹长筒袜; 条纹长筒袜,danbooru_api_other_names,medium,api_han_candidates,https://danbooru.donmai.us/wiki_pages/striped_thighhighs,ok
469701,rabbit_tail,0,51013,兔尾,兔尾; 兎尾,danbooru_api_other_names,medium,api_han_candidates,https://danbooru.donmai.us/wiki_pages/rabbit_tail,ok
2020445,covering_privates,0,41756,遮挡隐私部位,遮挡隐私部位; 隐私遮挡,danbooru_api_other_names,medium,api_han_candidates,https://danbooru.donmai.us/wiki_pages/covering_privates,ok
723773,hand_fan,0,37751,手扇,手扇; 扇子,danbooru_api_other_names,medium,api_han_candidates,https://danbooru.donmai.us/wiki_pages/hand_fan,ok
648130,clothing_aside,0,37048,衣服侧开,衣服侧开; 衣服侧拉,danbooru_api_other_names,medium,api_han_candidates,https://danbooru.donmai.us/wiki_pages/clothing_aside,ok
1452299,neck_bell,0,36305,脖子上戴着铃铛,脖子上戴着铃铛; 铃铛项圈; 颈铃; 鈴首輪,danbooru_api_other_names,medium,api_han_candidates,https://danbooru.donmai.us/wiki_pages/neck_bell,ok
1592077,topless_male,0,31321,上身裸体男性,上身裸体男性; 上半身裸; 側面全裸,danbooru_api_other_names,medium,api_han_candidates,https://danbooru.donmai.us/wiki_pages/topless_male,ok
2065694,vertical-striped_clothes,0,29407,竖条纹服饰,竖条纹服饰; 縦縞模様; 縦縞,danbooru_api_other_names,medium,api_han_candidates,https://danbooru.donmai.us/wiki_pages/vertical-striped_clothes,ok
2006735,unworn_headwear,0,29366,脱下的帽子,脱下的帽子; 没戴的帽子,danbooru_api_other_names,medium,api_han_candidates,https://danbooru.donmai.us/wiki_pages/unworn_headwear,ok
1670660,animal_hands,0,26895,人的动物手掌,人的动物手掌; 肉球,danbooru_api_other_names,medium,api_han_candidates,https://danbooru.donmai.us/wiki_pages/animal_hands,ok
1585391,abyssal_ship,0,26255,深海棲艦化,深海棲艦化; 深海棲艦,danbooru_api_other_names,medium,api_han_candidates,https://danbooru.donmai.us/wiki_pages/abyssal_ship,ok
1681088,furry_female,0,25433,女性兽人,女性兽人; 獣人; 獣娘,danbooru_api_other_names,medium,api_han_candidates,https://danbooru.donmai.us/wiki_pages/furry_female,ok
580379,aged_up,0,24592,老化|老年化,大人橙; 年齢操作; 大人化; 老化,danbooru_api_other_names,medium,api_han_candidates,https://danbooru.donmai.us/wiki_pages/aged_up,ok
1517199,mature_female,0,24349,熟女|人妻,母性的女体; 既婚女性; 熟女化; 熟女; 年増; 経産婦; 人妻,danbooru_api_other_names,medium,api_han_candidates,https://danbooru.donmai.us/wiki_pages/mature_female,ok
465871,rabbit,0,24063,兔子,兔子; 兔; 菟; 兎,danbooru_api_other_names,medium,api_han_candidates,https://danbooru.donmai.us/wiki_pages/rabbit,ok
660726,rabbit_girl,0,22881,兔娘,兔娘; 兎娘,danbooru_api_other_names,medium,api_han_candidates,https://danbooru.donmai.us/wiki_pages/rabbit_girl,ok
2006740,unworn_hat,0,22752,脱下的帽子,脱下的帽子; 没戴的帽子,danbooru_api_other_names,medium,api_han_candidates,https://danbooru.donmai.us/wiki_pages/unworn_hat,ok
376460,fishnet_pantyhose,0,20809,渔网连裤袜,渔网连裤袜; 网袜,danbooru_api_other_names,medium,api_han_candidates,https://danbooru.donmai.us/wiki_pages/fishnet_pantyhose,ok
465469,lab_coat,0,19971,白大褂,白大褂; 白衣,danbooru_api_other_names,medium,api_han_candidates,https://danbooru.donmai.us/wiki_pages/lab_coat,ok
1611666,dakimakura_(medium),0,19942,等身抱枕,等身抱枕; 抱枕,danbooru_api_other_names,medium,api_han_candidates,https://danbooru.donmai.us/wiki_pages/dakimakura_%28medium%29,ok
978099,nipple_stimulation,0,19677,刺激乳头,刺激乳头; 乳头刺激,danbooru_api_other_names,medium,api_han_candidates,https://danbooru.donmai.us/wiki_pages/nipple_stimulation,ok
659868,covering_own_mouth,0,18831,捂住自己嘴巴,捂住自己嘴巴; 掩嘴,danbooru_api_other_names,medium,api_han_candidates,https://danbooru.donmai.us/wiki_pages/covering_own_mouth,ok
2614,shota,0,18226,裸足男子,裸足男子; 正太; 翔太,danbooru_api_other_names,medium,api_han_candidates,https://danbooru.donmai.us/wiki_pages/shota,ok
680569,foot_focus,0,17850,足控,足控; 足部特写,danbooru_api_other_names,medium,api_han_candidates,https://danbooru.donmai.us/wiki_pages/foot_focus,ok
461439,tube_top,0,14090,裹胸,裹胸; 抹胸,danbooru_api_other_names,medium,api_han_candidates,https://danbooru.donmai.us/wiki_pages/tube_top,ok
464674,stretching,0,12867,伸懒腰,伸懒腰; 拉伸; 伸展,danbooru_api_other_names,medium,api_han_candidates,https://danbooru.donmai.us/wiki_pages/stretching,ok
1795966,cone_hair_bun,0,12628,猫耳发角,猫耳发角; 猫耳发髻; 锥状发髻,danbooru_api_other_names,medium,api_han_candidates,https://danbooru.donmai.us/wiki_pages/cone_hair_bun,ok
466142,fishnet_thighhighs,0,12567,渔网丝袜,渔网过膝袜; 渔网袜,danbooru_api_other_names,medium,api_han_candidates,https://danbooru.donmai.us/wiki_pages/fishnet_thighhighs,ok
1611664,oil-paper_umbrella,0,12189,油纸伞,油纸伞; 和傘; 唐傘; 番傘,danbooru_api_other_names,medium,api_han_candidates,https://danbooru.donmai.us/wiki_pages/oil-paper_umbrella,ok
2006742,unworn_eyewear,0,11782,脱下的眼镜,脱下的眼镜; 没戴的眼镜,danbooru_api_other_names,medium,api_han_candidates,https://danbooru.donmai.us/wiki_pages/unworn_eyewear,ok
461159,reference_sheet,0,11529,设定图,设定图; 設定画; 設定資料集; 人设; 設定資料; 設定; 資料,danbooru_api_other_names,medium,api_han_candidates,https://danbooru.donmai.us/wiki_pages/reference_sheet,ok
1081137,imminent_penetration,0,11458,即将插入,即将插入; 挿入直前; 事前,danbooru_api_other_names,medium,api_han_candidates,https://danbooru.donmai.us/wiki_pages/imminent_penetration,ok
1318267,public_indecency,0,11321,公开猥亵,公开猥亵; 露出症,danbooru_api_other_names,medium,api_han_candidates,https://danbooru.donmai.us/wiki_pages/public_indecency,ok
459097,cowbell,0,10180,铃铛(牛铃),铃铛(牛铃); 牛铃铛,danbooru_api_other_names,medium,api_han_candidates,https://danbooru.donmai.us/wiki_pages/cowbell,ok
1719049,split-color_hair,0,9941,阴阳发,阴阳发; 阴阳头,danbooru_api_other_names,medium,api_han_candidates,https://danbooru.donmai.us/wiki_pages/split-color_hair,ok
2006746,unworn_shoes,0,9545,脱下的鞋,脱下的鞋; 没穿的鞋,danbooru_api_other_names,medium,api_han_candidates,https://danbooru.donmai.us/wiki_pages/unworn_shoes,ok
1380647,drink_can,0,8509,饮料罐,饮料罐; 缶飲料; 易拉罐,danbooru_api_other_names,medium,api_han_candidates,https://danbooru.donmai.us/wiki_pages/drink_can,ok
1613133,assertive_female,0,8396,女性主动(温和),女性主动(温和); 女性上位; 女性優位,danbooru_api_other_names,medium,api_han_candidates,https://danbooru.donmai.us/wiki_pages/assertive_female,ok
1397927,puff_of_air,0,7835,气流,气流; 气息,danbooru_api_other_names,medium,api_han_candidates,https://danbooru.donmai.us/wiki_pages/puff_of_air,ok
466467,burger,0,7817,汉堡包,汉堡包; 汉堡,danbooru_api_other_names,medium,api_han_candidates,https://danbooru.donmai.us/wiki_pages/burger,ok
516375,biceps,0,7702,肱二头肌,肱二头肌; 上腕二頭筋,danbooru_api_other_names,medium,api_han_candidates,https://danbooru.donmai.us/wiki_pages/biceps,ok
2006744,unworn_panties,0,7541,脱下的胖次,脱下的胖次; 没穿的胖次,danbooru_api_other_names,medium,api_han_candidates,https://danbooru.donmai.us/wiki_pages/unworn_panties,ok
2006743,unworn_skirt,0,7503,脱下的裙子,脱下的裙子; 没穿的裙子,danbooru_api_other_names,medium,api_han_candidates,https://danbooru.donmai.us/wiki_pages/unworn_skirt,ok
1618887,infection_monitor_(arknights),0,7221,感染监控装置,感染监控装置; 抑制器,danbooru_api_other_names,medium,api_han_candidates,https://danbooru.donmai.us/wiki_pages/infection_monitor_%28arknights%29,ok
494456,utility_pole,0,6380,电线杆,电线杆; 電信柱; 電柱,danbooru_api_other_names,medium,api_han_candidates,https://danbooru.donmai.us/wiki_pages/utility_pole,ok
891436,food_focus,0,6299,美食插画,美食插画; 美食,danbooru_api_other_names,medium,api_han_candidates,https://danbooru.donmai.us/wiki_pages/food_focus,ok
1587249,oripathy_lesion_(arknights),0,6259,源石结晶,源石结晶; 矿石病,danbooru_api_other_names,medium,api_han_candidates,https://danbooru.donmai.us/wiki_pages/oripathy_lesion_%28arknights%29,ok
2006747,unworn_clothes,0,6204,脱下的衣服,脱下的衣服; 没穿的衣服; 散落的衣服; 衣服標本,danbooru_api_other_names,medium,api_han_candidates,https://danbooru.donmai.us/wiki_pages/unworn_clothes,ok
1256968,swivel_chair,0,6029,旋转椅,旋转椅; 转椅; 回転椅子,danbooru_api_other_names,medium,api_han_candidates,https://danbooru.donmai.us/wiki_pages/swivel_chair,ok
1590430,squatting_cowgirl_position,0,5894,M腿骑乘位,M腿骑乘位; M字騎乗位,danbooru_api_other_names,medium,api_han_candidates,https://danbooru.donmai.us/wiki_pages/squatting_cowgirl_position,ok
584023,shark_girl,0,5876,鮫女,鮫女; 鮫娘,danbooru_api_other_names,medium,api_han_candidates,https://danbooru.donmai.us/wiki_pages/shark_girl,ok
1639310,arthropod_girl,0,5848,昆虫娘,昆虫娘; 虫娘; 虫人,danbooru_api_other_names,medium,api_han_candidates,https://danbooru.donmai.us/wiki_pages/arthropod_girl,ok
2025918,mixed-sex_bathing,0,5830,水中結合,水中結合; 混浴,danbooru_api_other_names,medium,api_han_candidates,https://danbooru.donmai.us/wiki_pages/mixed-sex_bathing,ok
496288,orange_(fruit),0,5708,橙子,橙子; 橙; 橘子; 桔子; 橘; 桔; 枳,danbooru_api_other_names,medium,api_han_candidates,https://danbooru.donmai.us/wiki_pages/orange_%28fruit%29,ok
1453261,low_twin_braids,0,5536,低双发辫,低双发辫; 低双麻花辫,danbooru_api_other_names,medium,api_han_candidates,https://danbooru.donmai.us/wiki_pages/low_twin_braids,ok
1862825,one-piece_swimsuit_pull,0,5232,连体泳衣肩带下拉,连体泳衣肩带下拉; 连体泳衣拉扯,danbooru_api_other_names,medium,api_han_candidates,https://danbooru.donmai.us/wiki_pages/one-piece_swimsuit_pull,ok
482941,flight_deck,0,4757,飞行甲板,飞行甲板; 飛行甲板,danbooru_api_other_names,medium,api_han_candidates,https://danbooru.donmai.us/wiki_pages/flight_deck,ok
1161088,2021,0,4746,令和3年,令和3年; 2021年,danbooru_api_other_names,medium,api_han_candidates,https://danbooru.donmai.us/wiki_pages/2021,ok
1161089,2022,0,4707,令和4年,令和4年; 2022年,danbooru_api_other_names,medium,api_han_candidates,https://danbooru.donmai.us/wiki_pages/2022,ok
539465,tiger_girl,0,4671,虎娘,虎娘; 寅娘,danbooru_api_other_names,medium,api_han_candidates,https://danbooru.donmai.us/wiki_pages/tiger_girl,ok
1161090,2023,0,4544,令和5年,令和5年; 2023年,danbooru_api_other_names,medium,api_han_candidates,https://danbooru.donmai.us/wiki_pages/2023,ok
465851,defloration,0,4541,処女喪失,処女喪失; 処女; 破瓜,danbooru_api_other_names,medium,api_han_candidates,https://danbooru.donmai.us/wiki_pages/defloration,ok
405623,dog_boy,0,4380,犬耳少年,犬耳少年; 犬耳男子; 犬系男子; 犬男,danbooru_api_other_names,medium,api_han_candidates,https://danbooru.donmai.us/wiki_pages/dog_boy,ok
687681,partially_undressed,0,4347,半分裸,半分裸; 半裸,danbooru_api_other_names,medium,api_han_candidates,https://danbooru.donmai.us/wiki_pages/partially_undressed,ok
463490,spacecraft,0,4272,宇宙戦艦,宇宙戦艦; 宇宙船,danbooru_api_other_names,medium,api_han_candidates,https://danbooru.donmai.us/wiki_pages/spacecraft,ok
425654,beak,0,4237,鸟喙,鸟喙; 嘴,danbooru_api_other_names,medium,api_han_candidates,https://danbooru.donmai.us/wiki_pages/beak,ok
599594,prosthetic_arm,0,4145,义手,义手; 義手,danbooru_api_other_names,medium,api_han_candidates,https://danbooru.donmai.us/wiki_pages/prosthetic_arm,ok
482172,contrail,0,4066,飛行機雲,飛行機雲; 航迹云,danbooru_api_other_names,medium,api_han_candidates,https://danbooru.donmai.us/wiki_pages/contrail,ok
519703,alternate_universe,0,3961,平行世界,平行世界; 平行宇宙,danbooru_api_other_names,medium,api_han_candidates,https://danbooru.donmai.us/wiki_pages/alternate_universe,ok
676352,pokephilia,0,3955,人类X宝可梦,人类X宝可梦; 宝可梦奸,danbooru_api_other_names,medium,api_han_candidates,https://danbooru.donmai.us/wiki_pages/pokephilia,ok
1641895,gloved_handjob,0,3954,戴着手套的手淫,戴着手套的手淫; 手交,danbooru_api_other_names,medium,api_han_candidates,https://danbooru.donmai.us/wiki_pages/gloved_handjob,ok
1636673,wiffle_gag,0,3659,带洞口球,带洞口球; 威浮球口塞,danbooru_api_other_names,medium,api_han_candidates,https://danbooru.donmai.us/wiki_pages/wiffle_gag,ok
447824,doorway,0,3555,戸口,戸口; 扉,danbooru_api_other_names,medium,api_han_candidates,https://danbooru.donmai.us/wiki_pages/doorway,ok
519804,black_lips,0,3468,黑色口红,黑色口红; 黑色嘴唇; 黑嘴唇; 口黑,danbooru_api_other_names,medium,api_han_candidates,https://danbooru.donmai.us/wiki_pages/black_lips,ok
2025977,qingdai_guanmao,0,3461,清代官帽,清代官帽; 暖帽,danbooru_api_other_names,medium,api_han_candidates,https://danbooru.donmai.us/wiki_pages/qingdai_guanmao,ok
502177,bird_girl,0,3431,鸟娘,鸟娘; 鳥娘; 鳥人,danbooru_api_other_names,medium,api_han_candidates,https://danbooru.donmai.us/wiki_pages/bird_girl,ok
523488,flower_pot,0,3420,植木鉢,植木鉢; 盆栽,danbooru_api_other_names,medium,api_han_candidates,https://danbooru.donmai.us/wiki_pages/flower_pot,ok
621930,mandarin_collar,0,3404,立领,立领; 立襟,danbooru_api_other_names,medium,api_han_candidates,https://danbooru.donmai.us/wiki_pages/mandarin_collar,ok
531896,2020,0,3391,令和2年,令和2年; 2020年,danbooru_api_other_names,medium,api_han_candidates,https://danbooru.donmai.us/wiki_pages/2020,ok
517255,plum_blossoms,0,3370,梅花,梅花; 梅,danbooru_api_other_names,medium,api_han_candidates,https://danbooru.donmai.us/wiki_pages/plum_blossoms,ok
1874313,covering_own_eyes,0,3244,遮住自己眼睛,遮住自己眼睛; 捂住眼睛,danbooru_api_other_names,medium,api_han_candidates,https://danbooru.donmai.us/wiki_pages/covering_own_eyes,ok
1819565,jirai_kei,0,3185,地雷系女子,地雷系女子; 量産型女子; 地雷女; 地雷系; 量産型; 地雷,danbooru_api_other_names,medium,api_han_candidates,https://danbooru.donmai.us/wiki_pages/jirai_kei,ok
464876,bento,0,3172,弁当,弁当; 便当; 盒饭; 便當,danbooru_api_other_names,medium,api_han_candidates,https://danbooru.donmai.us/wiki_pages/bento,ok
459289,blue_lips,0,3156,蓝色口红,蓝色口红; 蓝色嘴唇; 蓝嘴唇; 口蓝,danbooru_api_other_names,medium,api_han_candidates,https://danbooru.donmai.us/wiki_pages/blue_lips,ok
1312065,chinese_knot,0,3099,中国结,中国结; 中国結; 中國結,danbooru_api_other_names,medium,api_han_candidates,https://danbooru.donmai.us/wiki_pages/chinese_knot,ok
1268348,pawpads,0,3045,肉垫,肉垫; 肉球,danbooru_api_other_names,medium,api_han_candidates,https://danbooru.donmai.us/wiki_pages/pawpads,ok
640801,clothes_in_mouth,0,2989,嘴里含着衣服,嘴里含着衣服; 叼着衣服,danbooru_api_other_names,medium,api_han_candidates,https://danbooru.donmai.us/wiki_pages/clothes_in_mouth,ok
1330014,year_of_the_tiger,0,2982,寅年,寅年; 虎年,danbooru_api_other_names,medium,api_han_candidates,https://danbooru.donmai.us/wiki_pages/year_of_the_tiger,ok
876681,year_of_the_rabbit,0,2972,兔年,兔年; 卯年,danbooru_api_other_names,medium,api_han_candidates,https://danbooru.donmai.us/wiki_pages/year_of_the_rabbit,ok
398229,people,0,2928,人们,人们; 人々,danbooru_api_other_names,medium,api_han_candidates,https://danbooru.donmai.us/wiki_pages/people,ok
527607,magazine_(object),0,2905,杂志,杂志; 雑誌,danbooru_api_other_names,medium,api_han_candidates,https://danbooru.donmai.us/wiki_pages/magazine_%28object%29,ok
821841,2019,0,2826,令和元年,令和元年; 令和1年; 平成31年; 2019年,danbooru_api_other_names,medium,api_han_candidates,https://danbooru.donmai.us/wiki_pages/2019,ok
1161083,2018,0,2787,平成30年,平成30年; 2018年,danbooru_api_other_names,medium,api_han_candidates,https://danbooru.donmai.us/wiki_pages/2018,ok
697213,averting_eyes,0,2779,移开视线,移开视线; 看向侧面; 目光闪躲,danbooru_api_other_names,medium,api_han_candidates,https://danbooru.donmai.us/wiki_pages/averting_eyes,ok
1397369,year_of_the_ox,0,2712,丑年,丑年; 牛年,danbooru_api_other_names,medium,api_han_candidates,https://danbooru.donmai.us/wiki_pages/year_of_the_ox,ok
1270535,curtained_hair,0,2710,窗帘式刘海,窗帘式刘海; 开窗刘海; M形刘海,danbooru_api_other_names,medium,api_han_candidates,https://danbooru.donmai.us/wiki_pages/curtained_hair,ok
839099,green_lips,0,2701,绿色口红,绿色口红; 绿色嘴唇; 绿嘴唇; 口绿,danbooru_api_other_names,medium,api_han_candidates,https://danbooru.donmai.us/wiki_pages/green_lips,ok
643401,dragon_boy,0,2663,竜男,竜男; 竜人,danbooru_api_other_names,medium,api_han_candidates,https://danbooru.donmai.us/wiki_pages/dragon_boy,ok
1161081,2016,0,2629,平成28年,平成28年; 2016年,danbooru_api_other_names,medium,api_han_candidates,https://danbooru.donmai.us/wiki_pages/2016,ok
1726780,egg_(food),0,2626,玉子,玉子; 卵,danbooru_api_other_names,medium,api_han_candidates,https://danbooru.donmai.us/wiki_pages/egg_%28food%29,ok
376636,confused,0,2601,混乱,混乱; 困惑; 疑惑,danbooru_api_other_names,medium,api_han_candidates,https://danbooru.donmai.us/wiki_pages/confused,ok
1793464,cheating_(relationship),0,2556,出轨,出轨; 不倫; 浮気,danbooru_api_other_names,medium,api_han_candidates,https://danbooru.donmai.us/wiki_pages/cheating_%28relationship%29,ok
1161082,2017,0,2547,平成29年,平成29年; 2017年,danbooru_api_other_names,medium,api_han_candidates,https://danbooru.donmai.us/wiki_pages/2017,ok
77315,worried,0,2538,担忧,担忧; 心配,danbooru_api_other_names,medium,api_han_candidates,https://danbooru.donmai.us/wiki_pages/worried,ok
542457,2015,0,2532,平成27年,平成27年; 2015年,danbooru_api_other_names,medium,api_han_candidates,https://danbooru.donmai.us/wiki_pages/2015,ok
453886,cosmetics,0,2511,化妆品,化妆品; 化粧品,danbooru_api_other_names,medium,api_han_candidates,https://danbooru.donmai.us/wiki_pages/cosmetics,ok
1439570,tall_female,0,2422,長身女性,長身女性; 高身長,danbooru_api_other_names,medium,api_han_candidates,https://danbooru.donmai.us/wiki_pages/tall_female,ok
516894,tokusatsu,0,2332,特摄,特摄; 特撮,danbooru_api_other_names,medium,api_han_candidates,https://danbooru.donmai.us/wiki_pages/tokusatsu,ok
1401067,face_to_breasts,0,2261,脸对胸部,脸对胸部; 埋胸,danbooru_api_other_names,medium,api_han_candidates,https://danbooru.donmai.us/wiki_pages/face_to_breasts,ok
1641903,eye_focus,0,2243,大特写镜头,大特写镜头; 聚焦眼部; 眼部特写; 目元; 目; 瞳,danbooru_api_other_names,medium,api_han_candidates,https://danbooru.donmai.us/wiki_pages/eye_focus,ok
714422,sports_car,0,2232,超级跑车,超级跑车; 跑车; 超跑,danbooru_api_other_names,medium,api_han_candidates,https://danbooru.donmai.us/wiki_pages/sports_car,ok
390436,birdcage,0,2228,鸟笼,鸟笼; 鳥籠; 鳥篭,danbooru_api_other_names,medium,api_han_candidates,https://danbooru.donmai.us/wiki_pages/birdcage,ok
499376,wrinkled_skin,0,2115,皱纹,皱纹; 皺,danbooru_api_other_names,medium,api_han_candidates,https://danbooru.donmai.us/wiki_pages/wrinkled_skin,ok
535613,upturned_eyes,0,2096,向上看(脸不仰),向上看(脸不仰); 上目,danbooru_api_other_names,medium,api_han_candidates,https://danbooru.donmai.us/wiki_pages/upturned_eyes,ok
1613542,electrokinesis,0,2084,電気属性,電気属性; 雷属性; 雷魔法,danbooru_api_other_names,medium,api_han_candidates,https://danbooru.donmai.us/wiki_pages/electrokinesis,ok
379633,fertilization,0,2062,受精自覚,受精自覚; 受精,danbooru_api_other_names,medium,api_han_candidates,https://danbooru.donmai.us/wiki_pages/fertilization,ok
1605421,halloween_bucket,0,2032,万圣节桶,万圣节桶; 糖果桶; 南瓜桶,danbooru_api_other_names,medium,api_han_candidates,https://danbooru.donmai.us/wiki_pages/halloween_bucket,ok
643516,pyrokinesis,0,1969,火属性,火属性; 炎属性; 火炎魔法; 炎魔法; 火魔法,danbooru_api_other_names,medium,api_han_candidates,https://danbooru.donmai.us/wiki_pages/pyrokinesis,ok
10562,truck,0,1964,貨物自動車,貨物自動車; 卡车; 卡車,danbooru_api_other_names,medium,api_han_candidates,https://danbooru.donmai.us/wiki_pages/truck,ok
1161092,2024,0,1961,令和6年,令和6年; 2024年,danbooru_api_other_names,medium,api_han_candidates,https://danbooru.donmai.us/wiki_pages/2024,ok
600401,wooden_fence,0,1946,木围栏,木围栏; 木柵,danbooru_api_other_names,medium,api_han_candidates,https://danbooru.donmai.us/wiki_pages/wooden_fence,ok
1342945,behind_another,0,1928,在别人身后,在别人身后; 背後,danbooru_api_other_names,medium,api_han_candidates,https://danbooru.donmai.us/wiki_pages/behind_another,ok
556841,sitting_on_stairs,0,1925,坐在台阶上,坐在台阶上; 坐在楼梯上,danbooru_api_other_names,medium,api_han_candidates,https://danbooru.donmai.us/wiki_pages/sitting_on_stairs,ok
1696268,cowboy_western,0,1922,西部作品,西部作品; 西部劇,danbooru_api_other_names,medium,api_han_candidates,https://danbooru.donmai.us/wiki_pages/cowboy_western,ok
489995,bulletproof_vest,0,1897,防弹背心,防弹背心; 防彈背心,danbooru_api_other_names,medium,api_han_candidates,https://danbooru.donmai.us/wiki_pages/bulletproof_vest,ok
1409636,furrification,0,1888,拟兽,拟兽; 擬獣化; 獣人化; 獣化,danbooru_api_other_names,medium,api_han_candidates,https://danbooru.donmai.us/wiki_pages/furrification,ok
1223536,banknote,0,1844,紙幣,紙幣; 札束,danbooru_api_other_names,medium,api_han_candidates,https://danbooru.donmai.us/wiki_pages/banknote,ok
2062461,chibi_only,0,1817,Q版造型,Q版造型; Q版; qq人,danbooru_api_other_names,medium,api_han_candidates,https://danbooru.donmai.us/wiki_pages/chibi_only,ok
564789,romper,0,1806,连身短裤,连身短裤; 連身短褲,danbooru_api_other_names,medium,api_han_candidates,https://danbooru.donmai.us/wiki_pages/romper,ok
674500,large_testicles,0,1803,大睾丸,大睾丸; 巨玉,danbooru_api_other_names,medium,api_han_candidates,https://danbooru.donmai.us/wiki_pages/large_testicles,ok
696698,gold_bikini,0,1795,金色水着,金色水着; 金水着,danbooru_api_other_names,medium,api_han_candidates,https://danbooru.donmai.us/wiki_pages/gold_bikini,ok
541262,disgust,0,1782,厌恶脸,厌恶脸; 嫌弃; 嫌悪,danbooru_api_other_names,medium,api_han_candidates,https://danbooru.donmai.us/wiki_pages/disgust,ok
2660,lettuce,0,1759,生菜,生菜; 莴苣,danbooru_api_other_names,medium,api_han_candidates,https://danbooru.donmai.us/wiki_pages/lettuce,ok
1595384,blank_censor,0,1693,空白打码,空白打码; 光剑,danbooru_api_other_names,medium,api_han_candidates,https://danbooru.donmai.us/wiki_pages/blank_censor,ok
1397373,year_of_the_dragon,0,1685,辰年,辰年; 龍年; 龙年,danbooru_api_other_names,medium,api_han_candidates,https://danbooru.donmai.us/wiki_pages/year_of_the_dragon,ok
1251057,ginkgo_leaf,0,1674,银杏叶,银杏叶; 黄叶,danbooru_api_other_names,medium,api_han_candidates,https://danbooru.donmai.us/wiki_pages/ginkgo_leaf,ok
713479,2014,0,1670,平成26年,平成26年; 2014年,danbooru_api_other_names,medium,api_han_candidates,https://danbooru.donmai.us/wiki_pages/2014,ok
1238314,transparent_wings,0,1649,透明的翅膀,透明的翅膀; 透明翅膀,danbooru_api_other_names,medium,api_han_candidates,https://danbooru.donmai.us/wiki_pages/transparent_wings,ok
1646953,shimaidon_(sex),0,1645,姐妹双飞,姐妹双飞; 姉妹丼; 姐妹丼,danbooru_api_other_names,medium,api_han_candidates,https://danbooru.donmai.us/wiki_pages/shimaidon_%28sex%29,ok
419288,cum_on_feet,0,1634,脚上的精液,脚上的精液; 足射,danbooru_api_other_names,medium,api_han_candidates,https://danbooru.donmai.us/wiki_pages/cum_on_feet,ok
572582,masturbation_through_clothes,0,1602,隔着衣服自慰,隔着衣服自慰; 隔衣自慰,danbooru_api_other_names,medium,api_han_candidates,https://danbooru.donmai.us/wiki_pages/masturbation_through_clothes,ok
483079,shards,0,1597,破片,破片; 欠片,danbooru_api_other_names,medium,api_han_candidates,https://danbooru.donmai.us/wiki_pages/shards,ok
662488,palms_together,0,1579,双手合十,双手合十; 合掌,danbooru_api_other_names,medium,api_han_candidates,https://danbooru.donmai.us/wiki_pages/palms_together,ok
507338,fishnet_gloves,0,1566,渔网手套,渔网手套; 网状手套,danbooru_api_other_names,medium,api_han_candidates,https://danbooru.donmai.us/wiki_pages/fishnet_gloves,ok
686725,sunflower_field,0,1548,向日葵畑,向日葵畑,danbooru_api_other_names,medium,api_han_candidates,https://danbooru.donmai.us/wiki_pages/sunflower_field,ok
724856,low_neckline,0,1540,低胸装,低胸装; 低领口,danbooru_api_other_names,medium,api_han_candidates,https://danbooru.donmai.us/wiki_pages/low_neckline,ok
637922,2013,0,1531,平成25年,平成25年; 2013年,danbooru_api_other_names,medium,api_han_candidates,https://danbooru.donmai.us/wiki_pages/2013,ok
375718,daruma_doll,0,1509,达摩,达摩; 達磨,danbooru_api_other_names,medium,api_han_candidates,https://danbooru.donmai.us/wiki_pages/daruma_doll,ok
426749,2012,0,1494,平成24年,平成24年; 2012年,danbooru_api_other_names,medium,api_han_candidates,https://danbooru.donmai.us/wiki_pages/2012,ok
673693,kouhaku_nawa,0,1480,紅白縄,紅白縄; 紅白紐,danbooru_api_other_names,medium,api_han_candidates,https://danbooru.donmai.us/wiki_pages/kouhaku_nawa,ok
618804,aroused,0,1479,性兴奋,性兴奋; 性唤起; 被挑逗,danbooru_api_other_names,medium,api_han_candidates,https://danbooru.donmai.us/wiki_pages/aroused,ok
408561,lava,0,1472,溶岩,溶岩; 岩浆,danbooru_api_other_names,medium,api_han_candidates,https://danbooru.donmai.us/wiki_pages/lava,ok
478325,2010,0,1465,平成22年,平成22年; 2010年,danbooru_api_other_names,medium,api_han_candidates,https://danbooru.donmai.us/wiki_pages/2010,ok
649302,hydrokinesis,0,1457,水属性,水属性; 海属性; 泡属性; 水魔法,danbooru_api_other_names,medium,api_han_candidates,https://danbooru.donmai.us/wiki_pages/hydrokinesis,ok
504063,ninja_mask,0,1445,忍者面具,忍者面具; 面頬,danbooru_api_other_names,medium,api_han_candidates,https://danbooru.donmai.us/wiki_pages/ninja_mask,ok
394999,spooning,0,1424,侧躺体位,侧躺体位; 侧位; 背面側位; 側位,danbooru_api_other_names,medium,api_han_candidates,https://danbooru.donmai.us/wiki_pages/spooning,ok
494704,2011,0,1413,平成23年,平成23年; 2011年,danbooru_api_other_names,medium,api_han_candidates,https://danbooru.donmai.us/wiki_pages/2011,ok
1559228,2000s_(style),0,1411,旧漫画风,旧漫画风; 千禧年; 旧漫; 古早味; 古早漫; 古早,danbooru_api_other_names,medium,api_han_candidates,https://danbooru.donmai.us/wiki_pages/2000s_%28style%29,ok
1578455,cumulonimbus_cloud,0,1410,积雨云,积雨云; 入道雲; 積乱雲,danbooru_api_other_names,medium,api_han_candidates,https://danbooru.donmai.us/wiki_pages/cumulonimbus_cloud,ok
465806,voice_actor,0,1377,声优,声优; 声優,danbooru_api_other_names,medium,api_han_candidates,https://danbooru.donmai.us/wiki_pages/voice_actor,ok
570043,pine_tree,0,1377,松树,松树; 松,danbooru_api_other_names,medium,api_han_candidates,https://danbooru.donmai.us/wiki_pages/pine_tree,ok
643256,tentacle_pit,0,1377,肉空間,肉空間; 肉壁,danbooru_api_other_names,medium,api_han_candidates,https://danbooru.donmai.us/wiki_pages/tentacle_pit,ok
406042,exhausted,0,1366,精疲力尽,精疲力尽; 精疲力竭; 疲労,danbooru_api_other_names,medium,api_han_candidates,https://danbooru.donmai.us/wiki_pages/exhausted,ok
1786594,tokyo-3_middle_school_uniform,0,1350,第三新東京市立第壱中学校,第三新東京市立第壱中学校; 第3新東京市立第壱中学校,danbooru_api_other_names,medium,api_han_candidates,https://danbooru.donmai.us/wiki_pages/tokyo-3_middle_school_uniform,ok
482734,bicorne,0,1348,双角帽,双角帽; 二角帽子,danbooru_api_other_names,medium,api_han_candidates,https://danbooru.donmai.us/wiki_pages/bicorne,ok
675461,rolling_suitcase,0,1342,滚轮行李箱,滚轮行李箱; 行李箱(拉杆式),danbooru_api_other_names,medium,api_han_candidates,https://danbooru.donmai.us/wiki_pages/rolling_suitcase,ok
8722,detective,0,1341,侦探,侦探; 探偵; 刑事,danbooru_api_other_names,medium,api_han_candidates,https://danbooru.donmai.us/wiki_pages/detective,ok
550954,drawing_sword,0,1338,拔剑,拔剑; 抜刀; 拔刀,danbooru_api_other_names,medium,api_han_candidates,https://danbooru.donmai.us/wiki_pages/drawing_sword,ok
665720,candy_wrapper,0,1315,糖果包装纸,糖果包装纸; 糖纸,danbooru_api_other_names,medium,api_han_candidates,https://danbooru.donmai.us/wiki_pages/candy_wrapper,ok
578777,outstretched_leg,0,1314,单腿伸出,单腿伸出; 伸腿,danbooru_api_other_names,medium,api_han_candidates,https://danbooru.donmai.us/wiki_pages/outstretched_leg,ok
1869216,surrounded_by_penises,0,1293,丁丁包围网,丁丁包围网; 阴茎包围,danbooru_api_other_names,medium,api_han_candidates,https://danbooru.donmai.us/wiki_pages/surrounded_by_penises,ok
497292,bo_staff,0,1285,棒術,棒術; 棍,danbooru_api_other_names,medium,api_han_candidates,https://danbooru.donmai.us/wiki_pages/bo_staff,ok
16833,sidewalk,0,1284,人行道,人行道; 歩道,danbooru_api_other_names,medium,api_han_candidates,https://danbooru.donmai.us/wiki_pages/sidewalk,ok
10014,washing_machine,0,1281,洗衣机,洗衣机; 洗衣機; 洗濯機,danbooru_api_other_names,medium,api_han_candidates,https://danbooru.donmai.us/wiki_pages/washing_machine,ok
586561,penises_touching,0,1267,阴茎互触,阴茎互触; 阴茎互相摩擦,danbooru_api_other_names,medium,api_han_candidates,https://danbooru.donmai.us/wiki_pages/penises_touching,ok
1193565,jimiko,0,1249,地味子,地味子; 地味,danbooru_api_other_names,medium,api_han_candidates,https://danbooru.donmai.us/wiki_pages/jimiko,ok
452607,2009,0,1248,平成21年,平成21年; 2009年,danbooru_api_other_names,medium,api_han_candidates,https://danbooru.donmai.us/wiki_pages/2009,ok
675942,zun_(style),0,1243,東方旧作風,東方旧作風; 旧作風; ZUN絵風; ZUN絵,danbooru_api_other_names,medium,api_han_candidates,https://danbooru.donmai.us/wiki_pages/zun_%28style%29,ok
5119,pinwheel,0,1240,折纸风车,折纸风车; 纸风车; 風車,danbooru_api_other_names,medium,api_han_candidates,https://danbooru.donmai.us/wiki_pages/pinwheel,ok
462239,chinese_new_year,0,1239,新年快乐,新年快乐; 旧正月; 新年快樂; 春节; 春節,danbooru_api_other_names,medium,api_han_candidates,https://danbooru.donmai.us/wiki_pages/chinese_new_year,ok
463437,pencil_case,0,1235,铅笔盒,铅笔盒; 筆箱,danbooru_api_other_names,medium,api_han_candidates,https://danbooru.donmai.us/wiki_pages/pencil_case,ok
1666453,mage_staff,0,1233,魔法棒,魔法棒; 法杖,danbooru_api_other_names,medium,api_han_candidates,https://danbooru.donmai.us/wiki_pages/mage_staff,ok
646377,kikumon,0,1222,菊花紋章,菊花紋章; 菊紋,danbooru_api_other_names,medium,api_han_candidates,https://danbooru.donmai.us/wiki_pages/kikumon,ok
657589,crotch_cutout,0,1216,裆部开口,裆部开口; 胯部镂空,danbooru_api_other_names,medium,api_han_candidates,https://danbooru.donmai.us/wiki_pages/crotch_cutout,ok
1423439,livestream,0,1211,配信,配信; 直播; 生放送,danbooru_api_other_names,medium,api_han_candidates,https://danbooru.donmai.us/wiki_pages/livestream,ok
1662233,jujutsu_tech_uniform,0,1185,東京都立呪術高等専門学校,東京都立呪術高等専門学校; 呪術高専東京校,danbooru_api_other_names,medium,api_han_candidates,https://danbooru.donmai.us/wiki_pages/jujutsu_tech_uniform,ok
4047,pickaxe,0,1162,鶴嘴,鶴嘴; 镐,danbooru_api_other_names,medium,api_han_candidates,https://danbooru.donmai.us/wiki_pages/pickaxe,ok
467711,possessed,0,1161,憑依,憑依; 附身,danbooru_api_other_names,medium,api_han_candidates,https://danbooru.donmai.us/wiki_pages/possessed,ok
465140,breastfeeding,0,1148,授乳,授乳; 哺乳; 喂奶,danbooru_api_other_names,medium,api_han_candidates,https://danbooru.donmai.us/wiki_pages/breastfeeding,ok
1290371,ancient_greek_clothes,0,1131,古希腊服饰,古希腊服饰; 古希臘,danbooru_api_other_names,medium,api_han_candidates,https://danbooru.donmai.us/wiki_pages/ancient_greek_clothes,ok
445034,huge_testicles,0,1128,巨大睾丸,巨大睾丸; 巨玉; 爆玉,danbooru_api_other_names,medium,api_han_candidates,https://danbooru.donmai.us/wiki_pages/huge_testicles,ok
411205,pigeon,0,1126,鸽子(灰色),鸽子(灰色); 灰鸽; 鳩,danbooru_api_other_names,medium,api_han_candidates,https://danbooru.donmai.us/wiki_pages/pigeon,ok
690260,vibrator_on_nipple,0,1123,乳头上的震动器,乳头上的震动器; 乳头震动器,danbooru_api_other_names,medium,api_han_candidates,https://danbooru.donmai.us/wiki_pages/vibrator_on_nipple,ok
664894,aqua_gloves,0,1117,水蓝色手套,水蓝色手套; 水色手套,danbooru_api_other_names,medium,api_han_candidates,https://danbooru.donmai.us/wiki_pages/aqua_gloves,ok
476906,spray_can,0,1112,喷雾罐,喷雾罐; 喷漆罐,danbooru_api_other_names,medium,api_han_candidates,https://danbooru.donmai.us/wiki_pages/spray_can,ok
501887,levitation,0,1111,空中浮遊,空中浮遊; 空中浮揚,danbooru_api_other_names,medium,api_han_candidates,https://danbooru.donmai.us/wiki_pages/levitation,ok
1552258,fish_boy,0,1111,半魚人,半魚人; 鱼人; 魚人,danbooru_api_other_names,medium,api_han_candidates,https://danbooru.donmai.us/wiki_pages/fish_boy,ok
622973,chicken_(food),0,1108,鶏肉,鶏肉; 鳥肉,danbooru_api_other_names,medium,api_han_candidates,https://danbooru.donmai.us/wiki_pages/chicken_%28food%29,ok
13164,bud,0,1108,花骨朵,花骨朵; 花苞; 花蕾,danbooru_api_other_names,medium,api_han_candidates,https://danbooru.donmai.us/wiki_pages/bud,ok
390026,chalice,0,1106,聖杯,聖杯; 聖爵,danbooru_api_other_names,medium,api_han_candidates,https://danbooru.donmai.us/wiki_pages/chalice,ok
715181,post-apocalypse,0,1105,废土世界,废土世界; 終末世界,danbooru_api_other_names,medium,api_han_candidates,https://danbooru.donmai.us/wiki_pages/post-apocalypse,ok
1355541,lattice,0,1100,中国格子,中国格子; 中華格子,danbooru_api_other_names,medium,api_han_candidates,https://danbooru.donmai.us/wiki_pages/lattice,ok
561371,qr_code,0,1098,二维码,二维码; QR码,danbooru_api_other_names,medium,api_han_candidates,https://danbooru.donmai.us/wiki_pages/qr_code,ok
531424,multiple_heads,0,1078,双頭,双頭; 多頭,danbooru_api_other_names,medium,api_han_candidates,https://danbooru.donmai.us/wiki_pages/multiple_heads,ok
8698,windowsill,0,1058,窓辺,窓辺; 窗沿; 窗台,danbooru_api_other_names,medium,api_han_candidates,https://danbooru.donmai.us/wiki_pages/windowsill,ok
1908338,tail_around_own_leg,0,1056,尾巴绕腿,尾巴绕腿; 尾巴在腿上,danbooru_api_other_names,medium,api_han_candidates,https://danbooru.donmai.us/wiki_pages/tail_around_own_leg,ok
412848,panzer_iv,0,1051,四号戦車,四号戦車; 4号戦車; IV号戦車,danbooru_api_other_names,medium,api_han_candidates,https://danbooru.donmai.us/wiki_pages/panzer_iv,ok
394402,wheat,0,1042,小麦,小麦; 麦子,danbooru_api_other_names,medium,api_han_candidates,https://danbooru.donmai.us/wiki_pages/wheat,ok
457892,dithering,0,1036,点阵,点阵; 抖動,danbooru_api_other_names,medium,api_han_candidates,https://danbooru.donmai.us/wiki_pages/dithering,ok
416825,omikuji,0,1035,占卜抽签,占卜抽签; 神签,danbooru_api_other_names,medium,api_han_candidates,https://danbooru.donmai.us/wiki_pages/omikuji,ok
404973,galaxy,0,1035,银河系,银河系; 星系; 銀河,danbooru_api_other_names,medium,api_han_candidates,https://danbooru.donmai.us/wiki_pages/galaxy,ok
399607,hair_dryer,0,1029,电吹风,电吹风; 吹风机,danbooru_api_other_names,medium,api_han_candidates,https://danbooru.donmai.us/wiki_pages/hair_dryer,ok
1059619,kissing_penis,0,1026,亲吻阴茎,亲吻阴茎; 亲吻龟头,danbooru_api_other_names,medium,api_han_candidates,https://danbooru.donmai.us/wiki_pages/kissing_penis,ok
658767,bound_together,0,1025,连缚,连缚; 連縛,danbooru_api_other_names,medium,api_han_candidates,https://danbooru.donmai.us/wiki_pages/bound_together,ok
395900,deformed,0,1021,Q版造型,Q版造型; Q版; qq人,danbooru_api_other_names,medium,api_han_candidates,https://danbooru.donmai.us/wiki_pages/deformed,ok
1128476,runny_makeup,0,1011,流泪妆,流泪妆; 花妆,danbooru_api_other_names,medium,api_han_candidates,https://danbooru.donmai.us/wiki_pages/runny_makeup,ok
433080,koi,0,1010,锦鲤,锦鲤; 錦鯉; 鯉,danbooru_api_other_names,medium,api_han_candidates,https://danbooru.donmai.us/wiki_pages/koi,ok
393640,aurora,0,1010,北极光,北极光; 南极光; 极光; 極光,danbooru_api_other_names,medium,api_han_candidates,https://danbooru.donmai.us/wiki_pages/aurora,ok
618068,light_machine_gun,0,1007,轻机枪,轻机枪; 分隊支援火器; 軽機関銃; 軽機,danbooru_api_other_names,medium,api_han_candidates,https://danbooru.donmai.us/wiki_pages/light_machine_gun,ok
15450,onion,0,1001,玉葱,玉葱; 洋葱,danbooru_api_other_names,medium,api_han_candidates,https://danbooru.donmai.us/wiki_pages/onion,ok
416380,gokkun,0,991,饮精,饮精; 精飲,danbooru_api_other_names,medium,api_han_candidates,https://danbooru.donmai.us/wiki_pages/gokkun,ok
4517,gymnastics,0,990,体操,体操; 体育,danbooru_api_other_names,medium,api_han_candidates,https://danbooru.donmai.us/wiki_pages/gymnastics,ok
488001,tape_measure,0,987,卷尺,卷尺; 巻尺,danbooru_api_other_names,medium,api_han_candidates,https://danbooru.donmai.us/wiki_pages/tape_measure,ok
1626980,gaming_chair,0,984,游戏椅,游戏椅; 电竞椅,danbooru_api_other_names,medium,api_han_candidates,https://danbooru.donmai.us/wiki_pages/gaming_chair,ok
452085,hospital_gown,0,979,病号服,病号服; 病人服; 患者衣; 病衣; 入院着,danbooru_api_other_names,medium,api_han_candidates,https://danbooru.donmai.us/wiki_pages/hospital_gown,ok
441997,track_and_field,0,961,陸上競技,陸上競技; 陸上部; 陸上,danbooru_api_other_names,medium,api_han_candidates,https://danbooru.donmai.us/wiki_pages/track_and_field,ok
677819,testicle_sucking,0,960,吮吸蛋蛋,吮吸蛋蛋; 吮吸睾丸,danbooru_api_other_names,medium,api_han_candidates,https://danbooru.donmai.us/wiki_pages/testicle_sucking,ok
394866,zodiac,0,957,十二星座,十二星座; 12星座,danbooru_api_other_names,medium,api_han_candidates,https://danbooru.donmai.us/wiki_pages/zodiac,ok
458351,crane_game,0,950,夹娃娃机,夹娃娃机; 抓娃娃机,danbooru_api_other_names,medium,api_han_candidates,https://danbooru.donmai.us/wiki_pages/crane_game,ok
564894,united_states,0,949,米国,米国; 美国; 美國,danbooru_api_other_names,medium,api_han_candidates,https://danbooru.donmai.us/wiki_pages/united_states,ok
571097,crane_(animal),0,935,鶴,鶴; 鹤,danbooru_api_other_names,medium,api_han_candidates,https://danbooru.donmai.us/wiki_pages/crane_%28animal%29,ok
330762,dirt,0,933,泥土,泥土; 泥; 土,danbooru_api_other_names,medium,api_han_candidates,https://danbooru.donmai.us/wiki_pages/dirt,ok
496190,kabuto_(helmet),0,931,武士头盔,武士头盔; 兜; 冑,danbooru_api_other_names,medium,api_han_candidates,https://danbooru.donmai.us/wiki_pages/kabuto_%28helmet%29,ok
1513506,patchwork_clothes,0,929,缝合的衣物,缝合的衣物; 拼接的衣物,danbooru_api_other_names,medium,api_han_candidates,https://danbooru.donmai.us/wiki_pages/patchwork_clothes,ok
424698,moth,0,918,飞蛾,飞蛾; 蛾子; 蛾,danbooru_api_other_names,medium,api_han_candidates,https://danbooru.donmai.us/wiki_pages/moth,ok
382030,beetle,0,917,甲壳虫,甲壳虫; 甲虫類; 鞘翅目; 甲虫,danbooru_api_other_names,medium,api_han_candidates,https://danbooru.donmai.us/wiki_pages/beetle,ok
164255,nudist,0,914,裸体主义者,裸体主义者; 裸族,danbooru_api_other_names,medium,api_han_candidates,https://danbooru.donmai.us/wiki_pages/nudist,ok
11323,apartment,0,910,筒子楼,筒子楼; 集合住宅; 公寓,danbooru_api_other_names,medium,api_han_candidates,https://danbooru.donmai.us/wiki_pages/apartment,ok
680409,adam's_apple,0,908,喉结,喉结; 喉頭隆起; 喉仏,danbooru_api_other_names,medium,api_han_candidates,https://danbooru.donmai.us/wiki_pages/adam%27s_apple,ok
473342,imperial_japanese_army,0,903,大日本帝国陸軍,大日本帝国陸軍; 帝国陸軍; 日本陸軍; 日本軍,danbooru_api_other_names,medium,api_han_candidates,https://danbooru.donmai.us/wiki_pages/imperial_japanese_army,ok
5102,wizard,0,894,巫师,巫师; 男巫; 魔術師,danbooru_api_other_names,medium,api_han_candidates,https://danbooru.donmai.us/wiki_pages/wizard,ok
3628,decapitation,0,893,砍头,砍头; 斬首; 斩首; 砍頭,danbooru_api_other_names,medium,api_han_candidates,https://danbooru.donmai.us/wiki_pages/decapitation,ok
524801,hakurei_shrine,0,890,博麗神社,博麗神社; 博丽神社,danbooru_api_other_names,medium,api_han_candidates,https://danbooru.donmai.us/wiki_pages/hakurei_shrine,ok
385267,tokyo_(city),0,890,東京都,東京都; 東京,danbooru_api_other_names,medium,api_han_candidates,https://danbooru.donmai.us/wiki_pages/tokyo_%28city%29,ok
434881,baby_bottle,0,887,哺乳瓶,哺乳瓶; 奶瓶,danbooru_api_other_names,medium,api_han_candidates,https://danbooru.donmai.us/wiki_pages/baby_bottle,ok
594013,orange_rose,0,882,橙色玫瑰,橙色玫瑰; 橙玫瑰,danbooru_api_other_names,medium,api_han_candidates,https://danbooru.donmai.us/wiki_pages/orange_rose,ok
468335,sadism,0,881,施虐癖,施虐癖; 施虐狂; S男; S女; 抖S,danbooru_api_other_names,medium,api_han_candidates,https://danbooru.donmai.us/wiki_pages/sadism,ok
548098,mast,0,878,帆柱,帆柱; 桅杆,danbooru_api_other_names,medium,api_han_candidates,https://danbooru.donmai.us/wiki_pages/mast,ok
14645,marshmallow,0,869,绵糖,绵糖; 棉花糖; 卷糖,danbooru_api_other_names,medium,api_han_candidates,https://danbooru.donmai.us/wiki_pages/marshmallow,ok
516577,groom,0,857,花婿,花婿; 新郎,danbooru_api_other_names,medium,api_han_candidates,https://danbooru.donmai.us/wiki_pages/groom,ok
486063,gauze,0,855,纱布,纱布; 紗布,danbooru_api_other_names,medium,api_han_candidates,https://danbooru.donmai.us/wiki_pages/gauze,ok
14936,bee,0,851,蜜蜂,蜜蜂; 蜂,danbooru_api_other_names,medium,api_han_candidates,https://danbooru.donmai.us/wiki_pages/bee,ok
792029,glory_wall,0,846,壁尻,壁尻; 壁乳; 尻壁,danbooru_api_other_names,medium,api_han_candidates,https://danbooru.donmai.us/wiki_pages/glory_wall,ok
2081,hospital,0,843,病院,病院; 醫院; 医院,danbooru_api_other_names,medium,api_han_candidates,https://danbooru.donmai.us/wiki_pages/hospital,ok
543243,chrysanthemum,0,841,菊花,菊花; 菊,danbooru_api_other_names,medium,api_han_candidates,https://danbooru.donmai.us/wiki_pages/chrysanthemum,ok
590466,horseshoe,0,840,马蹄铁,马蹄铁; 蹄鉄; 馬蹄,danbooru_api_other_names,medium,api_han_candidates,https://danbooru.donmai.us/wiki_pages/horseshoe,ok
1681025,emotionless_sex,0,839,无感情的性爱,无感情的性爱; 無関心,danbooru_api_other_names,medium,api_han_candidates,https://danbooru.donmai.us/wiki_pages/emotionless_sex,ok
12520,suicide,0,839,自杀,自杀; 集団自殺; 上吊; 自殺者; 自殺,danbooru_api_other_names,medium,api_han_candidates,https://danbooru.donmai.us/wiki_pages/suicide,ok
287045,hanami,0,832,赏樱,赏樱; 花見; 梅見,danbooru_api_other_names,medium,api_han_candidates,https://danbooru.donmai.us/wiki_pages/hanami,ok
624464,crt,0,830,大屁股电视机,大屁股电视机; 老式电视机,danbooru_api_other_names,medium,api_han_candidates,https://danbooru.donmai.us/wiki_pages/crt,ok
8079,warrior,0,830,女戦士,女戦士; 戦乙女; 战士; 劍士; 戦士,danbooru_api_other_names,medium,api_han_candidates,https://danbooru.donmai.us/wiki_pages/warrior,ok
437278,masu,0,828,升,升; 枡; 桝,danbooru_api_other_names,medium,api_han_candidates,https://danbooru.donmai.us/wiki_pages/masu,ok
198450,raccoon,0,825,狸猫,狸猫; 浣熊,danbooru_api_other_names,medium,api_han_candidates,https://danbooru.donmai.us/wiki_pages/raccoon,ok
394916,2008,0,825,平成20年,平成20年; 2008年,danbooru_api_other_names,medium,api_han_candidates,https://danbooru.donmai.us/wiki_pages/2008,ok
1392477,jiangshi_costume,0,825,僵尸,僵尸; 殭屍,danbooru_api_other_names,medium,api_han_candidates,https://danbooru.donmai.us/wiki_pages/jiangshi_costume,ok
510173,easter,0,824,复活节,复活节; 復活祭,danbooru_api_other_names,medium,api_han_candidates,https://danbooru.donmai.us/wiki_pages/easter,ok
2069331,mizu_happi,0,823,水法被,水法被; 山笠娘; 娘山笠; 山笠,danbooru_api_other_names,medium,api_han_candidates,https://danbooru.donmai.us/wiki_pages/mizu_happi,ok
380200,2007,0,812,平成19年,平成19年; 2007年,danbooru_api_other_names,medium,api_han_candidates,https://danbooru.donmai.us/wiki_pages/2007,ok
1397511,dorsiflexion,0,807,勾脚,勾脚; 背屈,danbooru_api_other_names,medium,api_han_candidates,https://danbooru.donmai.us/wiki_pages/dorsiflexion,ok
387570,measuring,0,804,测量中,测量中; 测量,danbooru_api_other_names,medium,api_han_candidates,https://danbooru.donmai.us/wiki_pages/measuring,ok
397042,temple,0,802,神殿,神殿; 堂塔; 寺院; 神社; 寺,danbooru_api_other_names,medium,api_han_candidates,https://danbooru.donmai.us/wiki_pages/temple,ok
1577183,penis_to_breast,0,797,贴在胸部的阴茎,贴在胸部的阴茎; 顶在乳房的阴茎,danbooru_api_other_names,medium,api_han_candidates,https://danbooru.donmai.us/wiki_pages/penis_to_breast,ok
518151,anemone_(flower),0,794,牡丹一華,牡丹一華; 花一華,danbooru_api_other_names,medium,api_han_candidates,https://danbooru.donmai.us/wiki_pages/anemone_%28flower%29,ok
510345,incoming_hug,0,794,第一人称即将拥抱,第一人称即将拥抱; 即将拥抱POV,danbooru_api_other_names,medium,api_han_candidates,https://danbooru.donmai.us/wiki_pages/incoming_hug,ok
1349482,igote,0,794,射籠手,射籠手; 弓籠手,danbooru_api_other_names,medium,api_han_candidates,https://danbooru.donmai.us/wiki_pages/igote,ok
1835975,projectile_lactation,0,793,母乳轨迹,母乳轨迹; 噴乳; 射乳; 喷乳,danbooru_api_other_names,medium,api_han_candidates,https://danbooru.donmai.us/wiki_pages/projectile_lactation,ok
586735,carapace,0,792,甲皮,甲皮; 外骨格; 甲殻,danbooru_api_other_names,medium,api_han_candidates,https://danbooru.donmai.us/wiki_pages/carapace,ok
377162,prison,0,788,牢屋,牢屋; 監獄,danbooru_api_other_names,medium,api_han_candidates,https://danbooru.donmai.us/wiki_pages/prison,ok
403,chikan,0,786,痴汉,痴汉; 痴漢,danbooru_api_other_names,medium,api_han_candidates,https://danbooru.donmai.us/wiki_pages/chikan,ok
1310301,kuji-in,0,785,九字護身法,九字護身法; 九字印,danbooru_api_other_names,medium,api_han_candidates,https://danbooru.donmai.us/wiki_pages/kuji-in,ok
4209,cauldron,0,785,大釜,大釜; 大鍋; 坩埚,danbooru_api_other_names,medium,api_han_candidates,https://danbooru.donmai.us/wiki_pages/cauldron,ok
1659960,holed_coin,0,785,方孔钱,方孔钱; 铜钱; 五円硬貨; 五十円玉; 五円玉,danbooru_api_other_names,medium,api_han_candidates,https://danbooru.donmai.us/wiki_pages/holed_coin,ok
12948,storm,0,784,暴風雨,暴風雨; 嵐,danbooru_api_other_names,medium,api_han_candidates,https://danbooru.donmai.us/wiki_pages/storm,ok
391985,ashtray,0,782,煙灰缸,煙灰缸; 灰皿,danbooru_api_other_names,medium,api_han_candidates,https://danbooru.donmai.us/wiki_pages/ashtray,ok
730531,chuunibyou,0,778,中二病,中二病; 厨二病,danbooru_api_other_names,medium,api_han_candidates,https://danbooru.donmai.us/wiki_pages/chuunibyou,ok
450236,bipod,0,775,二脚,二脚; 兩腳架,danbooru_api_other_names,medium,api_han_candidates,https://danbooru.donmai.us/wiki_pages/bipod,ok
378380,math,0,773,数学,数学; 算数,danbooru_api_other_names,medium,api_han_candidates,https://danbooru.donmai.us/wiki_pages/math,ok
459154,nebula,0,771,星云,星云; 星雲,danbooru_api_other_names,medium,api_han_candidates,https://danbooru.donmai.us/wiki_pages/nebula,ok
1083062,gold_coin,0,771,金币,金币; 金貨,danbooru_api_other_names,medium,api_han_candidates,https://danbooru.donmai.us/wiki_pages/gold_coin,ok
32011,broccoli,0,769,西兰花,西兰花; 花菜類,danbooru_api_other_names,medium,api_han_candidates,https://danbooru.donmai.us/wiki_pages/broccoli,ok
1372005,brown_lips,0,767,棕色口红,棕色口红; 棕色嘴唇; 褐色口红; 褐色嘴唇,danbooru_api_other_names,medium,api_han_candidates,https://danbooru.donmai.us/wiki_pages/brown_lips,ok
712509,glass_shards,0,763,玻璃碎片,玻璃碎片; 玻璃碎渣; 碎玻璃,danbooru_api_other_names,medium,api_han_candidates,https://danbooru.donmai.us/wiki_pages/glass_shards,ok
120908,chess,0,761,国际象棋,国际象棋; 國際象棋,danbooru_api_other_names,medium,api_han_candidates,https://danbooru.donmai.us/wiki_pages/chess,ok
14272,village,0,759,村落,村落; 村,danbooru_api_other_names,medium,api_han_candidates,https://danbooru.donmai.us/wiki_pages/village,ok
662026,fingering_through_panties,0,758,隔内裤手淫,隔内裤手淫; 隔着内裤指交,danbooru_api_other_names,medium,api_han_candidates,https://danbooru.donmai.us/wiki_pages/fingering_through_panties,ok
556589,safety_glasses,0,756,安全眼鏡,安全眼鏡; 保護眼鏡,danbooru_api_other_names,medium,api_han_candidates,https://danbooru.donmai.us/wiki_pages/safety_glasses,ok
1682855,hand_focus,0,751,手部特写,手部特写; 手,danbooru_api_other_names,medium,api_han_candidates,https://danbooru.donmai.us/wiki_pages/hand_focus,ok
466940,fitting_room,0,751,试衣间,试衣间; 試着室; 試着,danbooru_api_other_names,medium,api_han_candidates,https://danbooru.donmai.us/wiki_pages/fitting_room,ok
600430,table_humping,0,747,打磨桌角,打磨桌角; 桌角自慰,danbooru_api_other_names,medium,api_han_candidates,https://danbooru.donmai.us/wiki_pages/table_humping,ok
419800,compass,0,746,方位磁針,方位磁針; 指南针; 羅針盤,danbooru_api_other_names,medium,api_han_candidates,https://danbooru.donmai.us/wiki_pages/compass,ok
451999,drowning,0,744,入水,入水; 溺水; 溺死,danbooru_api_other_names,medium,api_han_candidates,https://danbooru.donmai.us/wiki_pages/drowning,ok
567557,chili_pepper,0,742,唐辛子,唐辛子; 辣椒,danbooru_api_other_names,medium,api_han_candidates,https://danbooru.donmai.us/wiki_pages/chili_pepper,ok
441528,canteen,0,738,軍用水筒,軍用水筒; 水筒,danbooru_api_other_names,medium,api_han_candidates,https://danbooru.donmai.us/wiki_pages/canteen,ok
484041,wind_turbine,0,736,风力发电机,风力发电机; 風力発電機; 風力原動機,danbooru_api_other_names,medium,api_han_candidates,https://danbooru.donmai.us/wiki_pages/wind_turbine,ok
14376,brain,0,733,脳,脳; 髄; 脑,danbooru_api_other_names,medium,api_han_candidates,https://danbooru.donmai.us/wiki_pages/brain,ok
761631,layered_kimono,0,732,十二単衣,十二単衣; 十二単,danbooru_api_other_names,medium,api_han_candidates,https://danbooru.donmai.us/wiki_pages/layered_kimono,ok
396195,billboard,0,731,广告牌,广告牌; 広告板; 看板,danbooru_api_other_names,medium,api_han_candidates,https://danbooru.donmai.us/wiki_pages/billboard,ok
390051,invisible,0,726,透明人間,透明人間; 不可见的人; 无形人,danbooru_api_other_names,medium,api_han_candidates,https://danbooru.donmai.us/wiki_pages/invisible,ok
467468,congratulations,0,726,祝贺,祝贺; 恭喜; 祝!,danbooru_api_other_names,medium,api_han_candidates,https://danbooru.donmai.us/wiki_pages/congratulations,ok
1077069,object_head,0,726,异形头,异形头; 异头; 異形頭,danbooru_api_other_names,medium,api_han_candidates,https://danbooru.donmai.us/wiki_pages/object_head,ok
9508,carousel,0,723,旋转木马,旋转木马; 回転木馬,danbooru_api_other_names,medium,api_han_candidates,https://danbooru.donmai.us/wiki_pages/carousel,ok
496392,depressed,0,723,抑郁,抑郁; 鬱病,danbooru_api_other_names,medium,api_han_candidates,https://danbooru.donmai.us/wiki_pages/depressed,ok
1305544,down_jacket,0,723,羽绒服,羽绒服; 鸭绒服,danbooru_api_other_names,medium,api_han_candidates,https://danbooru.donmai.us/wiki_pages/down_jacket,ok
870284,giant_male,0,723,巨大少年,巨大少年; 巨大男,danbooru_api_other_names,medium,api_han_candidates,https://danbooru.donmai.us/wiki_pages/giant_male,ok
668796,meteor_shower,0,722,流星雨,流星雨; 流星群,danbooru_api_other_names,medium,api_han_candidates,https://danbooru.donmai.us/wiki_pages/meteor_shower,ok
472496,raspberry,0,721,树莓,树莓; 覆盆子,danbooru_api_other_names,medium,api_han_candidates,https://danbooru.donmai.us/wiki_pages/raspberry,ok
11777,monk,0,719,修道服,修道服; 修道士; 僧侶; 法師; 僧,danbooru_api_other_names,medium,api_han_candidates,https://danbooru.donmai.us/wiki_pages/monk,ok
3327,graduation,0,717,毕业,毕业; 卒業式; 卒業,danbooru_api_other_names,medium,api_han_candidates,https://danbooru.donmai.us/wiki_pages/graduation,ok
558276,temari_ball,0,716,手鞠,手鞠; 鞠,danbooru_api_other_names,medium,api_han_candidates,https://danbooru.donmai.us/wiki_pages/temari_ball,ok
673054,condensation,0,715,凝縮,凝縮; 結露; 縮合,danbooru_api_other_names,medium,api_han_candidates,https://danbooru.donmai.us/wiki_pages/condensation,ok
548344,translucent,0,710,半透明,半透明; 影姦,danbooru_api_other_names,medium,api_han_candidates,https://danbooru.donmai.us/wiki_pages/translucent,ok
659578,black_vs_white,0,707,黑与白,黑与白; 白与黑,danbooru_api_other_names,medium,api_han_candidates,https://danbooru.donmai.us/wiki_pages/black_vs_white,ok
543782,rotary_phone,0,703,老式电话机,老式电话机; 黒電話,danbooru_api_other_names,medium,api_han_candidates,https://danbooru.donmai.us/wiki_pages/rotary_phone,ok
1261550,weapon_bag,0,698,竹刀袋,竹刀袋; 木刀袋,danbooru_api_other_names,medium,api_han_candidates,https://danbooru.donmai.us/wiki_pages/weapon_bag,ok
620196,sky_lantern,0,698,孔明灯,孔明灯; 孔明燈; 天灯; 天燈,danbooru_api_other_names,medium,api_han_candidates,https://danbooru.donmai.us/wiki_pages/sky_lantern,ok
1702658,travel_attendant,0,696,乘务员,乘务员; 客室乗務員,danbooru_api_other_names,medium,api_han_candidates,https://danbooru.donmai.us/wiki_pages/travel_attendant,ok
16147,meadow,0,688,草地,草地; 草原,danbooru_api_other_names,medium,api_han_candidates,https://danbooru.donmai.us/wiki_pages/meadow,ok
6368,calligraphy,0,687,书法,书法; 書道,danbooru_api_other_names,medium,api_han_candidates,https://danbooru.donmai.us/wiki_pages/calligraphy,ok
375012,playground,0,682,游乐场,游乐场; 運動場; 遊具,danbooru_api_other_names,medium,api_han_candidates,https://danbooru.donmai.us/wiki_pages/playground,ok
490413,rice_paddy,0,681,水稻田,水稻田; 水田; 稻田; 田,danbooru_api_other_names,medium,api_han_candidates,https://danbooru.donmai.us/wiki_pages/rice_paddy,ok
608443,green_rose,0,680,绿色玫瑰,绿色玫瑰; 绿玫瑰,danbooru_api_other_names,medium,api_han_candidates,https://danbooru.donmai.us/wiki_pages/green_rose,ok
13822,ai_ai_gasa,0,679,相合伞,相合伞; 相相傘; 相々傘,danbooru_api_other_names,medium,api_han_candidates,https://danbooru.donmai.us/wiki_pages/ai_ai_gasa,ok
423802,amusement_park,0,676,游乐园,游乐园; 遊園地,danbooru_api_other_names,medium,api_han_candidates,https://danbooru.donmai.us/wiki_pages/amusement_park,ok
87461,hogtie,0,675,驷马,驷马; 逆海老,danbooru_api_other_names,medium,api_han_candidates,https://danbooru.donmai.us/wiki_pages/hogtie,ok
421792,fried_rice,0,673,炒饭,炒饭; 炒飯,danbooru_api_other_names,medium,api_han_candidates,https://danbooru.donmai.us/wiki_pages/fried_rice,ok
1727451,anti-aircraft_gun,0,673,高射砲,高射砲; 対空砲,danbooru_api_other_names,medium,api_han_candidates,https://danbooru.donmai.us/wiki_pages/anti-aircraft_gun,ok
391503,pregnancy_test,0,673,验孕棒,验孕棒; 妊娠検査薬; 妊娠検査,danbooru_api_other_names,medium,api_han_candidates,https://danbooru.donmai.us/wiki_pages/pregnancy_test,ok
590918,red_carpet,0,670,红地毯,红地毯; 红毯,danbooru_api_other_names,medium,api_han_candidates,https://danbooru.donmai.us/wiki_pages/red_carpet,ok
433150,senbei,0,666,仙贝,仙贝; 煎餅,danbooru_api_other_names,medium,api_han_candidates,https://danbooru.donmai.us/wiki_pages/senbei,ok
10179,dawn,0,666,破晓,破晓; 黎明,danbooru_api_other_names,medium,api_han_candidates,https://danbooru.donmai.us/wiki_pages/dawn,ok
448268,rice_hat,0,665,菅笠,菅笠; 斗笠,danbooru_api_other_names,medium,api_han_candidates,https://danbooru.donmai.us/wiki_pages/rice_hat,ok
7945,oar,0,658,櫂,櫂; 桨,danbooru_api_other_names,medium,api_han_candidates,https://danbooru.donmai.us/wiki_pages/oar,ok
628898,meandros,0,654,雷紋,雷紋; 雷文,danbooru_api_other_names,medium,api_han_candidates,https://danbooru.donmai.us/wiki_pages/meandros,ok
385305,soy_sauce,0,651,醤油,醤油; 酱油,danbooru_api_other_names,medium,api_han_candidates,https://danbooru.donmai.us/wiki_pages/soy_sauce,ok
419530,rural,0,651,田舎,田舎; 田園,danbooru_api_other_names,medium,api_han_candidates,https://danbooru.donmai.us/wiki_pages/rural,ok
531475,aviator_cap,0,646,飞行员帽,飞行员帽; 飛行帽,danbooru_api_other_names,medium,api_han_candidates,https://danbooru.donmai.us/wiki_pages/aviator_cap,ok
478028,rooster,0,634,公鸡,公鸡; 雄鶏,danbooru_api_other_names,medium,api_han_candidates,https://danbooru.donmai.us/wiki_pages/rooster,ok
502233,dress_shoes,0,628,皮鞋,皮鞋; 革靴,danbooru_api_other_names,medium,api_han_candidates,https://danbooru.donmai.us/wiki_pages/dress_shoes,ok
385430,hatsune_miku,4,89677,初音未来,初音未来; 寒色兄妹; 初音未來; 初音,danbooru_api_other_names,high,copy,https://danbooru.donmai.us/wiki_pages/hatsune_miku,ok
12239,hakurei_reimu,4,73962,博丽灵梦,博丽灵梦; 博麗霊夢; 博麗靈夢; 青霊夢; 霊夢; 靈夢,danbooru_api_other_names,high,copy,https://danbooru.donmai.us/wiki_pages/hakurei_reimu,ok
12242,kirisame_marisa,4,67226,雾雨魔理沙,雾雨魔理沙; 霧雨魔理沙; 魔理沙; 莎莎,danbooru_api_other_names,high,copy,https://danbooru.donmai.us/wiki_pages/kirisame_marisa,ok
12248,remilia_scarlet,4,49813,蕾米莉亚·斯卡蕾特,蕾米莉亚·斯卡雷特; 蕾米莉亚; 蕾咪,danbooru_api_other_names,high,copy,https://danbooru.donmai.us/wiki_pages/remilia_scarlet,ok
12249,flandre_scarlet,4,48265,芙兰朵露·斯卡蕾特,芙兰朵露·斯卡雷特; 芙兰朵露; 芙兰,danbooru_api_other_names,high,copy,https://danbooru.donmai.us/wiki_pages/flandre_scarlet,ok
12314,izayoi_sakuya,4,44493,十六夜咲夜,巨乳長; 十六夜咲夜; 咲夜,danbooru_api_other_names,high,copy,https://danbooru.donmai.us/wiki_pages/izayoi_sakuya,ok
1301082,admiral_(kancolle),4,37303,提督,提督; 提督LOVE,danbooru_api_other_names,high,copy,https://danbooru.donmai.us/wiki_pages/admiral_%28kancolle%29,ok
1478495,artoria_pendragon_(fate),4,35675,阿尔托莉雅·潘德拉贡,阿尔托莉雅·潘德拉贡; 阿爾托莉亞.潘德拉剛; 阿尔托莉雅; 骑士王; 騎士王,danbooru_api_other_names,high,copy,https://danbooru.donmai.us/wiki_pages/artoria_pendragon_%28fate%29,ok
388200,kochiya_sanae,4,34152,东风谷早苗,东风谷早苗; 東風谷早苗; 早苗,danbooru_api_other_names,high,copy,https://danbooru.donmai.us/wiki_pages/kochiya_sanae,ok
9123,alice_margatroid,4,33846,爱丽丝·玛格特洛依德,爱丽丝·玛格特洛依德; 爱丽丝·玛格特罗依德,danbooru_api_other_names,high,copy,https://danbooru.donmai.us/wiki_pages/alice_margatroid,ok
12247,patchouli_knowledge,4,33570,帕秋莉·诺蕾姬,帕秋莉·诺蕾姬; 帕秋莉,danbooru_api_other_names,high,copy,https://danbooru.donmai.us/wiki_pages/patchouli_knowledge,ok
12244,konpaku_youmu,4,33386,魂魄妖梦,魂魄妖夢; 魂魄妖梦; 妖夢; 妖梦,danbooru_api_other_names,high,copy,https://danbooru.donmai.us/wiki_pages/konpaku_youmu,ok
12246,yakumo_yukari,4,31287,八云紫,八雲紫; 八云紫,danbooru_api_other_names,high,copy,https://danbooru.donmai.us/wiki_pages/yakumo_yukari,ok
12304,reisen_udongein_inaba,4,26079,铃仙·优昙华院·因幡,铃仙·优昙华院·因幡; 铃仙; 鈴仙,danbooru_api_other_names,high,copy,https://danbooru.donmai.us/wiki_pages/reisen_udongein_inaba,ok
12307,fujiwara_no_mokou,4,25741,藤原妹红,藤原妹红; 妹红; 藤原妹紅; 妹紅,danbooru_api_other_names,high,copy,https://danbooru.donmai.us/wiki_pages/fujiwara_no_mokou,ok
427143,komeiji_satori,4,24629,古明地觉,古明地觉; 小五,danbooru_api_other_names,high,copy,https://danbooru.donmai.us/wiki_pages/komeiji_satori,ok
11374,hong_meiling,4,24348,红美铃,红美铃; 紅美鈴; 美鈴,danbooru_api_other_names,high,copy,https://danbooru.donmai.us/wiki_pages/hong_meiling,ok
12245,saigyouji_yuyuko,4,23212,西行寺幽幽子,西行寺幽幽子; 西行寺幽々子; 幽幽子; 幽々子,danbooru_api_other_names,high,copy,https://danbooru.donmai.us/wiki_pages/saigyouji_yuyuko,ok
592925,kaname_madoka,4,23211,鹿目圆,小圆; 鹿目圆; 鹿目圓,danbooru_api_other_names,high,copy,https://danbooru.donmai.us/wiki_pages/kaname_madoka,ok
1631074,kaga_(kancolle),4,21127,加贺,年中瑞加賀祭; 加賀; 赤賀,danbooru_api_other_names,high,copy,https://danbooru.donmai.us/wiki_pages/kaga_%28kancolle%29,ok
12250,yakumo_ran,4,19328,八云蓝,八云蓝; 八雲藍,danbooru_api_other_names,high,copy,https://danbooru.donmai.us/wiki_pages/yakumo_ran,ok
390427,kagamine_rin,4,19045,镜音铃,镜音铃; 鏡音,danbooru_api_other_names,high,copy,https://danbooru.donmai.us/wiki_pages/kagamine_rin,ok
427145,kaenbyou_rin,4,18358,火焰猫燐,火焔猫燐; 火焰猫燐; 火炎猫燐,danbooru_api_other_names,high,copy,https://danbooru.donmai.us/wiki_pages/kaenbyou_rin,ok
384842,moriya_suwako,4,18215,泄矢诹访子,洩矢诹访子; 泄矢诹访子; 诹访子; 洩矢諏訪子; 諏訪子,danbooru_api_other_names,high,copy,https://danbooru.donmai.us/wiki_pages/moriya_suwako,ok
1275729,shimakaze_(kancolle),4,17717,岛风,岛风; 島風,danbooru_api_other_names,high,copy,https://danbooru.donmai.us/wiki_pages/shimakaze_%28kancolle%29,ok
401582,kazami_yuuka,4,17493,风见幽香,风见幽香; 風見幽香; 幽香,danbooru_api_other_names,high,copy,https://danbooru.donmai.us/wiki_pages/kazami_yuuka,ok
427184,reiuji_utsuho,4,17240,灵乌路空,灵乌路空; 霊烏路空,danbooru_api_other_names,high,copy,https://danbooru.donmai.us/wiki_pages/reiuji_utsuho,ok
474,chen,4,17156,橙,大人橙; 橙,danbooru_api_other_names,high,copy,https://danbooru.donmai.us/wiki_pages/chen,ok
1602203,ganyu_(genshin_impact),4,16652,甘雨,循循守月; 甘雨(原神); 甘雨; 刻甘,danbooru_api_other_names,high,copy,https://danbooru.donmai.us/wiki_pages/ganyu_%28genshin_impact%29,ok
1414209,mash_kyrielight,4,16080,玛修·基列莱特,玛修·基列莱特; 瑪修.基利艾拉特; 玛修,danbooru_api_other_names,high,copy,https://danbooru.donmai.us/wiki_pages/mash_kyrielight,ok
473327,tatara_kogasa,4,15983,多多良小伞,多多良小伞; 多々良小傘; 小傘,danbooru_api_other_names,high,copy,https://danbooru.donmai.us/wiki_pages/tatara_kogasa,ok
12302,kamishirasawa_keine,4,15819,上白泽慧音,上白沢慧音; 上白泽慧音; 慧音,danbooru_api_other_names,high,copy,https://danbooru.donmai.us/wiki_pages/kamishirasawa_keine,ok
1275728,shigure_(kancolle),4,15718,时雨,大天使時雨; 时雨; 時雨改二; 時雨,danbooru_api_other_names,high,copy,https://danbooru.donmai.us/wiki_pages/shigure_%28kancolle%29,ok
415326,hinanawi_tenshi,4,15462,比那名居天子,比那名居天子; 天子,danbooru_api_other_names,high,copy,https://danbooru.donmai.us/wiki_pages/hinanawi_tenshi,ok
604258,sakura_kyoko,4,14872,佐仓杏子,佐仓杏子; 佐倉杏子,danbooru_api_other_names,high,copy,https://danbooru.donmai.us/wiki_pages/sakura_kyoko,ok
593108,tomoe_mami,4,14796,巴麻美,巴麻美; 麻美,danbooru_api_other_names,high,copy,https://danbooru.donmai.us/wiki_pages/tomoe_mami,ok
12306,houraisan_kaguya,4,14523,蓬莱山辉夜,蓬莱山辉夜; 蓬莱山輝夜; 不死组,danbooru_api_other_names,high,copy,https://danbooru.donmai.us/wiki_pages/houraisan_kaguya,ok
1799,koakuma,4,14297,小恶魔,小恶魔; 小悪魔; 小惡魔; 小悪魔(東方Project),danbooru_api_other_names,high,copy,https://danbooru.donmai.us/wiki_pages/koakuma,ok
12300,mystia_lorelei,4,14283,米斯蒂娅·萝蕾拉,米斯蒂娅·萝蕾拉; 米斯蒂娅,danbooru_api_other_names,high,copy,https://danbooru.donmai.us/wiki_pages/mystia_lorelei,ok
475833,souryuu_asuka_langley,4,13517,惣流·明日香·兰格雷,惣流·明日香·兰格雷; 式波·明日香·兰格雷; 明日香; 式波,danbooru_api_other_names,high,copy,https://danbooru.donmai.us/wiki_pages/souryuu_asuka_langley,ok
12313,ibuki_suika,4,13410,伊吹萃香,伊吹萃香; 萃香,danbooru_api_other_names,high,copy,https://danbooru.donmai.us/wiki_pages/ibuki_suika,ok
1350122,kongou_(kancolle),4,13408,金刚,金剛改二丙; 金剛改二; 金剛,danbooru_api_other_names,high,copy,https://danbooru.donmai.us/wiki_pages/kongou_%28kancolle%29,ok
473267,nazrin,4,12879,娜兹玲,纳兹琳; 娜兹玲,danbooru_api_other_names,high,copy,https://danbooru.donmai.us/wiki_pages/nazrin,ok
503349,hijiri_byakuren,4,12693,圣白莲,圣白莲; 聖白蓮,danbooru_api_other_names,high,copy,https://danbooru.donmai.us/wiki_pages/hijiri_byakuren,ok
1630449,akagi_(kancolle),4,12451,赤城,赤城; 赤賀,danbooru_api_other_names,high,copy,https://danbooru.donmai.us/wiki_pages/akagi_%28kancolle%29,ok
393597,kagamine_len,4,12419,镜音连,镜音连; 鏡音,danbooru_api_other_names,high,copy,https://danbooru.donmai.us/wiki_pages/kagamine_len,ok
1686237,raiden_shogun,4,12239,雷电将军,雷电将军; 雷電将軍(原神); 巴尔泽布; 一心净土; 雷電将軍; 雷电影; 雷電將軍; 雷電影,danbooru_api_other_names,high,copy,https://danbooru.donmai.us/wiki_pages/raiden_shogun,ok
1581467,lumine_(genshin_impact),4,11757,荧,旅行者(女); 旅人(原神); 荧(原神); 蛍(原神); 荧; 熒; 蛍,danbooru_api_other_names,high,copy,https://danbooru.donmai.us/wiki_pages/lumine_%28genshin_impact%29,ok
1533309,houshou_marine,4,11739,宝钟玛琳,宝钟玛琳; 沈没後悔日記,danbooru_api_other_names,high,copy,https://danbooru.donmai.us/wiki_pages/houshou_marine,ok
1270870,tenryuu_(kancolle),4,11481,天龙,天龍; 天乳; 天龙,danbooru_api_other_names,high,copy,https://danbooru.donmai.us/wiki_pages/tenryuu_%28kancolle%29,ok
384841,yasaka_kanako,4,11452,八坂神奈子,八坂神奈子; 神奈子,danbooru_api_other_names,high,copy,https://danbooru.donmai.us/wiki_pages/yasaka_kanako,ok
1631504,yuudachi_(kancolle),4,11386,夕立,夕立改二; 夕立,danbooru_api_other_names,high,copy,https://danbooru.donmai.us/wiki_pages/yuudachi_%28kancolle%29,ok
12305,yagokoro_eirin,4,11356,八意永琳,八意永琳; 永琳,danbooru_api_other_names,high,copy,https://danbooru.donmai.us/wiki_pages/yagokoro_eirin,ok
1391754,fujimaru_ritsuka_(female),4,11288,藤丸立香（女性）,藤丸立香; 咕哒子,danbooru_api_other_names,high,copy,https://danbooru.donmai.us/wiki_pages/fujimaru_ritsuka_%28female%29,ok
413783,mizuhashi_parsee,4,10974,水桥帕露西,水桥帕露西; 帕露西,danbooru_api_other_names,high,copy,https://danbooru.donmai.us/wiki_pages/mizuhashi_parsee,ok
1275715,fubuki_(kancolle),4,10839,吹雪,淫獣吹雪; 吹雪,danbooru_api_other_names,high,copy,https://danbooru.donmai.us/wiki_pages/fubuki_%28kancolle%29,ok
1635696,hu_tao_(genshin_impact),4,10238,胡桃,雪霁梅香; 胡桃(原神); 胡桃,danbooru_api_other_names,high,copy,https://danbooru.donmai.us/wiki_pages/hu_tao_%28genshin_impact%29,ok
1631523,zuikaku_(kancolle),4,10116,瑞鹤,年中瑞加賀祭; 瑞鶴,danbooru_api_other_names,high,copy,https://danbooru.donmai.us/wiki_pages/zuikaku_%28kancolle%29,ok
638495,toyosatomimi_no_miko,4,9782,丰聪耳神子,丰聪耳神子; 豊聡耳神子,danbooru_api_other_names,high,copy,https://danbooru.donmai.us/wiki_pages/toyosatomimi_no_miko,ok
1335350,haruna_(kancolle),4,9541,榛名,榛名改二; 榛名牛乳; 榛名,danbooru_api_other_names,high,copy,https://danbooru.donmai.us/wiki_pages/haruna_%28kancolle%29,ok
1433170,nero_claudius_(fate),4,9485,尼禄·克劳狄乌斯,尼禄·克劳狄乌斯; 尼祿.克勞狄烏斯; 尼禄,danbooru_api_other_names,high,copy,https://danbooru.donmai.us/wiki_pages/nero_claudius_%28fate%29,ok
94496,princess_zelda,4,9354,塞尔达公主,塞尔达; 薩爾達,danbooru_api_other_names,high,copy,https://danbooru.donmai.us/wiki_pages/princess_zelda,ok
384197,kagiyama_hina,4,9328,键山雏,鍵山雛(二次創作); 键山雏; 鍵山雛,danbooru_api_other_names,high,copy,https://danbooru.donmai.us/wiki_pages/kagiyama_hina,ok
2075918,inkling_player_character,4,9292,乌贼娘/乌贼族玩家角色,4号; 3号,danbooru_api_other_names,medium,copy,https://danbooru.donmai.us/wiki_pages/inkling_player_character,ok
391888,tifa_lockhart,4,9278,蒂法·洛克哈特,蒂法·洛克哈特; 蒂法,danbooru_api_other_names,high,copy,https://danbooru.donmai.us/wiki_pages/tifa_lockhart,ok
465977,hoshiguma_yuugi,4,9218,星熊勇仪,星熊勇儀; 星熊勇仪,danbooru_api_other_names,high,copy,https://danbooru.donmai.us/wiki_pages/hoshiguma_yuugi,ok
1351818,kashima_(kancolle),4,9133,鹿岛,三越鹿島; 鹿島風; 鹿島,danbooru_api_other_names,high,copy,https://danbooru.donmai.us/wiki_pages/kashima_%28kancolle%29,ok
700405,nishizumi_miho,4,8940,西住美穗,主将&次期主将; 隊長&次期隊長; 西住姉妹; 隊長組; 西住殿,danbooru_api_other_names,high,copy,https://danbooru.donmai.us/wiki_pages/nishizumi_miho,ok
465646,tohsaka_rin,4,8904,远坂凛,远坂凛; 遠坂凛,danbooru_api_other_names,high,copy,https://danbooru.donmai.us/wiki_pages/tohsaka_rin,ok
12299,wriggle_nightbug,4,8802,莉格露·奈特巴格,莉格露·奈特巴格; 莉格露,danbooru_api_other_names,high,copy,https://danbooru.donmai.us/wiki_pages/wriggle_nightbug,ok
9715,nagato_yuki,4,8684,长门有希,长门有希; 長門有希; 消失長門; 古長,danbooru_api_other_names,high,copy,https://danbooru.donmai.us/wiki_pages/nagato_yuki,ok
1333465,rem_(re:zero),4,8636,雷姆,雷姆; 蕾姆,danbooru_api_other_names,high,copy,https://danbooru.donmai.us/wiki_pages/rem_%28re%3Azero%29,ok
1479836,shirakami_fubuki,4,8635,白上吹雪,白上吹雪; 白雪稲穂,danbooru_api_other_names,high,copy,https://danbooru.donmai.us/wiki_pages/shirakami_fubuki,ok
1622755,asuna_(blue_archive),4,8632,一之濑明日奈,一之濑明日奈; 明日奈,danbooru_api_other_names,high,copy,https://danbooru.donmai.us/wiki_pages/asuna_%28blue_archive%29,ok
465688,shiki_eiki,4,8600,四季映姬·亚玛萨那度,四季映姬; 四季; 四季映姫,danbooru_api_other_names,high,copy,https://danbooru.donmai.us/wiki_pages/shiki_eiki,ok
12342,usami_renko,4,8579,宇佐见莲子,宇佐见莲子; 宇佐見蓮子; 蓮子; 莲子,danbooru_api_other_names,high,copy,https://danbooru.donmai.us/wiki_pages/usami_renko,ok
395918,misaka_mikoto,4,8470,御坂美琴,御坂美琴; 超電磁砲,danbooru_api_other_names,high,copy,https://danbooru.donmai.us/wiki_pages/misaka_mikoto,ok
12311,onozuka_komachi,4,8463,小野塚小町,小野塚小町; 小野冢小町,danbooru_api_other_names,high,copy,https://danbooru.donmai.us/wiki_pages/onozuka_komachi,ok
1380245,suzuya_(kancolle),4,8405,铃谷,鈴熊; 鈴谷,danbooru_api_other_names,high,copy,https://danbooru.donmai.us/wiki_pages/suzuya_%28kancolle%29,ok
455424,hirasawa_yui,4,8251,平泽唯,平沢唯; 平泽唯,danbooru_api_other_names,high,copy,https://danbooru.donmai.us/wiki_pages/hirasawa_yui,ok
506041,maribel_hearn,4,8249,梅莉贝莉·赫恩,玛艾露贝莉·赫恩; 梅莉,danbooru_api_other_names,medium,copy,https://danbooru.donmai.us/wiki_pages/maribel_hearn,ok
1733099,yae_miko,4,8153,八重神子,浮世笑百姿; 八重神子; 宮司,danbooru_api_other_names,high,copy,https://danbooru.donmai.us/wiki_pages/yae_miko,ok
1233711,imaizumi_kagerou,4,8134,今泉影狼,今泉影狼; 影狼,danbooru_api_other_names,high,copy,https://danbooru.donmai.us/wiki_pages/imaizumi_kagerou,ok
1964304,gotoh_hitori,4,8111,后藤一里,后藤一里; 後藤一里,danbooru_api_other_names,high,copy,https://danbooru.donmai.us/wiki_pages/gotoh_hitori,ok
1625332,yuuka_(blue_archive),4,8082,早濑优香,早濑优香; 优香,danbooru_api_other_names,high,copy,https://danbooru.donmai.us/wiki_pages/yuuka_%28blue_archive%29,ok
1600114,zhongli_(genshin_impact),4,8034,钟离,尘世闲游; 女体化鍾離; 摩拉克斯; 钟离(原神); 钟离; 鍾離(原神); 鍾離,danbooru_api_other_names,high,copy,https://danbooru.donmai.us/wiki_pages/zhongli_%28genshin_impact%29,ok
8327,ayanami_rei,4,7965,绫波丽,绫波丽; 黒波,danbooru_api_other_names,high,copy,https://danbooru.donmai.us/wiki_pages/ayanami_rei,ok
1531173,usada_pekora,4,7611,兔田佩克拉,兔田佩克拉; 水田兎月,danbooru_api_other_names,high,copy,https://danbooru.donmai.us/wiki_pages/usada_pekora,ok
378876,joseph_joestar,4,7552,乔瑟夫·乔斯达,乔瑟夫·乔斯达; 二乔,danbooru_api_other_names,high,copy,https://danbooru.donmai.us/wiki_pages/joseph_joestar,ok
1231258,matoi_ryuuko,4,7459,缠流子,纏流子; 缠流子,danbooru_api_other_names,high,copy,https://danbooru.donmai.us/wiki_pages/matoi_ryuuko,ok
1408636,jeanne_d'arc_(fate),4,7455,贞德,贞德; 貞德,danbooru_api_other_names,high,copy,https://danbooru.donmai.us/wiki_pages/jeanne_d%27arc_%28fate%29,ok
1599785,aether_(genshin_impact),4,7433,空,旅行者(男); 旅人(原神); 原神空; 空(原神); 空,danbooru_api_other_names,high,copy,https://danbooru.donmai.us/wiki_pages/aether_%28genshin_impact%29,ok
1648389,yor_briar,4,7187,约尔·布莱尔,约尔; 约儿,danbooru_api_other_names,medium,copy,https://danbooru.donmai.us/wiki_pages/yor_briar,ok
1525565,hoshimachi_suisei,4,7115,星街彗星,古河七星; 星街彗星,danbooru_api_other_names,high,copy,https://danbooru.donmai.us/wiki_pages/hoshimachi_suisei,ok
1277794,amatsukaze_(kancolle),4,7087,天津风,天津风; 天津風,danbooru_api_other_names,high,copy,https://danbooru.donmai.us/wiki_pages/amatsukaze_%28kancolle%29,ok
1596257,mona_(genshin_impact),4,7062,莫娜,阿斯托洛吉斯·莫娜·梅姬斯图斯; 星天水镜; 莫娜,danbooru_api_other_names,high,copy,https://danbooru.donmai.us/wiki_pages/mona_%28genshin_impact%29,ok
592977,nishikino_maki,4,7024,西木野真姬,西木野真姫,danbooru_api_other_names,high,copy,https://danbooru.donmai.us/wiki_pages/nishikino_maki,ok
1593596,ninomae_ina'nis,4,6999,一伊那尓栖,一伊那尓栖; 一伊那爾棲; 伊那尓栖,danbooru_api_other_names,medium,copy,https://danbooru.donmai.us/wiki_pages/ninomae_ina%27nis,ok
638538,kaku_seiga,4,6914,霍青娥,青娥娘々; 霍青娥,danbooru_api_other_names,high,copy,https://danbooru.donmai.us/wiki_pages/kaku_seiga,ok
593046,sonoda_umi,4,6883,园田海未,园田海未; 園田海未生誕祭; 園田海未,danbooru_api_other_names,high,copy,https://danbooru.donmai.us/wiki_pages/sonoda_umi,ok
1438816,okita_souji_(fate),4,6839,冲田总司,冲田总司; 沖田総司; 沖田総司(Fate),danbooru_api_other_names,high,copy,https://danbooru.donmai.us/wiki_pages/okita_souji_%28fate%29,ok
1600563,keqing_(genshin_impact),4,6830,刻晴,霆霓快雨; 刻晴(原神); 刻晴; 刻甘,danbooru_api_other_names,high,copy,https://danbooru.donmai.us/wiki_pages/keqing_%28genshin_impact%29,ok
1584981,shiroko_(blue_archive),4,6815,砂狼白子,白子(碧蓝档案); 砂狼白子,danbooru_api_other_names,high,copy,https://danbooru.donmai.us/wiki_pages/shiroko_%28blue_archive%29,ok
662185,shibuya_rin,4,6810,涩谷凛,渋谷凛; 渋谷凜,danbooru_api_other_names,high,copy,https://danbooru.donmai.us/wiki_pages/shibuya_rin,ok
503350,murasa_minamitsu,4,6732,村纱水蜜,村纱水蜜; 村紗水蜜,danbooru_api_other_names,high,copy,https://danbooru.donmai.us/wiki_pages/murasa_minamitsu,ok
1369674,lillie_(pokemon),4,6697,莉莉艾,莉莉爱; 莉莉艾,danbooru_api_other_names,high,copy,https://danbooru.donmai.us/wiki_pages/lillie_%28pokemon%29,ok
1285206,atago_(kancolle),4,6679,爱宕,爱宕; 愛宕; 爱宕(舰队Collection),danbooru_api_other_names,high,copy,https://danbooru.donmai.us/wiki_pages/atago_%28kancolle%29,ok
1585358,northern_ocean_princess,4,6674,北方栖姬,北方棲姫,danbooru_api_other_names,high,copy,https://danbooru.donmai.us/wiki_pages/northern_ocean_princess,ok
1495213,minato_aqua,4,6646,凑阿库娅,凑阿库娅; 阿夸,danbooru_api_other_names,high,copy,https://danbooru.donmai.us/wiki_pages/minato_aqua,ok
413645,nagae_iku,4,6428,永江衣玖,永江衣玖; 衣玖,danbooru_api_other_names,high,copy,https://danbooru.donmai.us/wiki_pages/nagae_iku,ok
54494,kujo_jotaro,4,6407,空条承太郎,空条承太郎; 空条Q太郎; 承太郎; 三乔; 承花,danbooru_api_other_names,high,copy,https://danbooru.donmai.us/wiki_pages/kujo_jotaro,ok
487910,joseph_joestar_(young),4,6351,乔瑟夫·乔斯达（年轻）,乔瑟夫·乔斯达(青年); 二乔(青年),danbooru_api_other_names,high,copy,https://danbooru.donmai.us/wiki_pages/joseph_joestar_%28young%29,ok
570051,ibaraki_kasen,4,6301,茨木华扇,茨木华扇; 茨木華扇; 茨華仙,danbooru_api_other_names,high,copy,https://danbooru.donmai.us/wiki_pages/ibaraki_kasen,ok
1424365,pyra_(xenoblade),4,6291,焰,吼姆拉; 焰,danbooru_api_other_names,high,copy,https://danbooru.donmai.us/wiki_pages/pyra_%28xenoblade%29,ok
13108,chun-li,4,6261,春丽,春丽; 春麗,danbooru_api_other_names,high,copy,https://danbooru.donmai.us/wiki_pages/chun-li,ok
7439,kinomoto_sakura,4,6112,木之本樱,木之本樱; 木之本桜,danbooru_api_other_names,high,copy,https://danbooru.donmai.us/wiki_pages/kinomoto_sakura,ok
1518952,nekomata_okayu,4,6097,猫又小粥,猫又小粥; 猫宮友架,danbooru_api_other_names,high,copy,https://danbooru.donmai.us/wiki_pages/nekomata_okayu,ok
1631124,kitakami_(kancolle),4,6096,北上,北上; 大北,danbooru_api_other_names,high,copy,https://danbooru.donmai.us/wiki_pages/kitakami_%28kancolle%29,ok
1435530,shuten_douji_(fate),4,6086,酒吞童子,酒呑童子; 酒呑童子(Fate); 酒吞童子(Fate),danbooru_api_other_names,high,copy,https://danbooru.donmai.us/wiki_pages/shuten_douji_%28fate%29,ok
1516925,makima_(chainsaw_man),4,6072,玛奇玛,支配恶魔; 玛奇玛; 瑪奇瑪,danbooru_api_other_names,high,copy,https://danbooru.donmai.us/wiki_pages/makima_%28chainsaw_man%29,ok
1649146,gilgamesh_(fate),4,6058,吉尔伽美什,吉尔伽美什; 吉爾伽美什,danbooru_api_other_names,high,copy,https://danbooru.donmai.us/wiki_pages/gilgamesh_%28fate%29,ok
638583,soga_no_tojiko,4,6039,苏我屠自古,苏我屠自古; 蘇我屠自古,danbooru_api_other_names,high,copy,https://danbooru.donmai.us/wiki_pages/soga_no_tojiko,ok
1605761,hina_(blue_archive),4,6010,空崎日奈,空崎日奈; 日奈,danbooru_api_other_names,high,copy,https://danbooru.donmai.us/wiki_pages/hina_%28blue_archive%29,ok
466360,may_(pokemon),4,6006,小遥,小遥; 小遙,danbooru_api_other_names,high,copy,https://danbooru.donmai.us/wiki_pages/may_%28pokemon%29,ok
10365,cloud_strife,4,6004,克劳德·斯特莱夫,克劳德·斯特莱夫; 克劳德,danbooru_api_other_names,high,copy,https://danbooru.donmai.us/wiki_pages/cloud_strife,ok
413652,kurodani_yamame,4,5991,黑谷山女,黑谷山女; 乳蜘蛛,danbooru_api_other_names,high,copy,https://danbooru.donmai.us/wiki_pages/kurodani_yamame,ok
619180,kasodani_kyouko,4,5982,幽谷响子,幽谷响子; 幽谷響子; 響子,danbooru_api_other_names,high,copy,https://danbooru.donmai.us/wiki_pages/kasodani_kyouko,ok
7438,matou_sakura,4,5971,间桐樱,间桐樱; 間桐桜; 士桜,danbooru_api_other_names,high,copy,https://danbooru.donmai.us/wiki_pages/matou_sakura,ok
619181,miyako_yoshika,4,5945,宫古芳香,宫古芳香; 宮古芳香,danbooru_api_other_names,high,copy,https://danbooru.donmai.us/wiki_pages/miyako_yoshika,ok
473328,kumoi_ichirin,4,5918,云居一轮,云居一轮; 雲居一輪,danbooru_api_other_names,high,copy,https://danbooru.donmai.us/wiki_pages/kumoi_ichirin,ok
717860,rosa_(pokemon),4,5882,鸣依,芽衣; 鸣依; 鸣和,danbooru_api_other_names,high,copy,https://danbooru.donmai.us/wiki_pages/rosa_%28pokemon%29,ok
1867985,toki_(blue_archive),4,5873,飞鸟马时,飞鸟马时; 小时,danbooru_api_other_names,high,copy,https://danbooru.donmai.us/wiki_pages/toki_%28blue_archive%29,ok
1631257,ooyodo_(kancolle),4,5854,大淀,大淀; 任務娘,danbooru_api_other_names,high,copy,https://danbooru.donmai.us/wiki_pages/ooyodo_%28kancolle%29,ok
1448304,astolfo_(fate),4,5808,阿斯托尔福,阿斯托尔福; 阿斯托爾福; 阿福(Fate),danbooru_api_other_names,high,copy,https://danbooru.donmai.us/wiki_pages/astolfo_%28fate%29,ok
1372463,darjeeling_(girls_und_panzer),4,5772,大吉岭,大吉岭; 田尻凛; 隊長組,danbooru_api_other_names,high,copy,https://danbooru.donmai.us/wiki_pages/darjeeling_%28girls_und_panzer%29,ok
1595272,venti_(genshin_impact),4,5678,温迪,高天的歌者; 温迪(原神); 温迪,danbooru_api_other_names,high,copy,https://danbooru.donmai.us/wiki_pages/venti_%28genshin_impact%29,ok
1549065,tokoyami_towa,4,5620,常暗永远,常暗永远; 常盤香菜,danbooru_api_other_names,high,copy,https://danbooru.donmai.us/wiki_pages/tokoyami_towa,ok
1243755,kijin_seija,4,5611,鬼人正邪,鬼人正邪; 正邪,danbooru_api_other_names,high,copy,https://danbooru.donmai.us/wiki_pages/kijin_seija,ok
1361469,mutsu_(kancolle),4,5538,陆奥,陆奥; 陸奥,danbooru_api_other_names,high,copy,https://danbooru.donmai.us/wiki_pages/mutsu_%28kancolle%29,ok
456152,kotobuki_tsumugi,4,5533,琴吹紬,琴吹紬; 琴吹䌷,danbooru_api_other_names,high,copy,https://danbooru.donmai.us/wiki_pages/kotobuki_tsumugi,ok
1572405,klee_(genshin_impact),4,5486,可莉,逃跑的太阳; 可莉,danbooru_api_other_names,high,copy,https://danbooru.donmai.us/wiki_pages/klee_%28genshin_impact%29,ok
1442946,texas_(arknights),4,5469,德克萨斯,双狼组; 德克萨斯; 德克薩斯,danbooru_api_other_names,high,copy,https://danbooru.donmai.us/wiki_pages/texas_%28arknights%29,ok
1630648,female_admiral_(kancolle),4,5463,女提督,女性提督; 提督,danbooru_api_other_names,high,copy,https://danbooru.donmai.us/wiki_pages/female_admiral_%28kancolle%29,ok
713720,nishizumi_maho,4,5450,西住真穗,黒森峰女学園; 西住姉妹; 隊長組,danbooru_api_other_names,high,copy,https://danbooru.donmai.us/wiki_pages/nishizumi_maho,ok
1631410,tatsuta_(kancolle),4,5434,龙田,鬼畜艦龍田; 龍田; 龙田,danbooru_api_other_names,high,copy,https://danbooru.donmai.us/wiki_pages/tatsuta_%28kancolle%29,ok
1651926,kamisato_ayaka,4,5404,神里绫华,神里绫华; 白鹭霜华; 神里綾華(原神); 神里綾華,danbooru_api_other_names,high,copy,https://danbooru.donmai.us/wiki_pages/kamisato_ayaka,ok
52967,princess_peach,4,5392,碧姬公主,碧琪公主; 碧姬公主; 桃子公主; 亀嫁,danbooru_api_other_names,high,copy,https://danbooru.donmai.us/wiki_pages/princess_peach,ok
1464562,minamoto_no_raikou_(fate),4,5372,源赖光,源頼光; 源賴光; 源赖光; 源頼光(Fate),danbooru_api_other_names,high,copy,https://danbooru.donmai.us/wiki_pages/minamoto_no_raikou_%28fate%29,ok
10658,emiya_shirou,4,5307,卫宫士郎,卫宫士郎; 衛宮士郎,danbooru_api_other_names,high,copy,https://danbooru.donmai.us/wiki_pages/emiya_shirou,ok
383424,aki_minoriko,4,5292,秋穰子,秋穣子; 秋穰子,danbooru_api_other_names,high,copy,https://danbooru.donmai.us/wiki_pages/aki_minoriko,ok
1328650,junko_(touhou),4,5237,纯狐,純狐; 纯狐,danbooru_api_other_names,high,copy,https://danbooru.donmai.us/wiki_pages/junko_%28touhou%29,ok
452021,hieda_no_akyuu,4,5214,稗田阿求,稗田阿求; 阿求,danbooru_api_other_names,high,copy,https://danbooru.donmai.us/wiki_pages/hieda_no_akyuu,ok
1610604,tartaglia_(genshin_impact),4,5184,达达利亚,达达利亚; 阿贾克斯; 公子,danbooru_api_other_names,high,copy,https://danbooru.donmai.us/wiki_pages/tartaglia_%28genshin_impact%29,ok
1631252,ooi_(kancolle),4,5131,大井,大井; 大北,danbooru_api_other_names,high,copy,https://danbooru.donmai.us/wiki_pages/ooi_%28kancolle%29,ok
405454,aerith_gainsborough,4,5112,爱丽丝·盖恩斯巴勒,爱丽丝·盖恩斯巴勒; 爱丽丝(最终幻想),danbooru_api_other_names,high,copy,https://danbooru.donmai.us/wiki_pages/aerith_gainsborough,ok
1564340,paimon_(genshin_impact),4,5111,派蒙,应急食品; 非常食(原神); 派蒙,danbooru_api_other_names,high,copy,https://danbooru.donmai.us/wiki_pages/paimon_%28genshin_impact%29,ok
1680295,mika_(blue_archive),4,5105,圣园未花,圣园弥香; 圣园未花; 聖園彌香; 未花,danbooru_api_other_names,high,copy,https://danbooru.donmai.us/wiki_pages/mika_%28blue_archive%29,ok
727352,anchovy_(girls_und_panzer),4,5084,安丘比,安斎千代美; 隊長組,danbooru_api_other_names,high,copy,https://danbooru.donmai.us/wiki_pages/anchovy_%28girls_und_panzer%29,ok
1641843,eula_(genshin_impact),4,5081,优菈,优菈·劳伦斯; 浪沫的旋舞; 优菈,danbooru_api_other_names,high,copy,https://danbooru.donmai.us/wiki_pages/eula_%28genshin_impact%29,ok
1507496,takao_(kancolle),4,5015,高雄,高雄; 高雄(舰队Collection),danbooru_api_other_names,high,copy,https://danbooru.donmai.us/wiki_pages/takao_%28kancolle%29,ok
1533307,shirogane_noel,4,5012,白银诺艾尔,白银诺艾尔; 銀鏡八重,danbooru_api_other_names,high,copy,https://danbooru.donmai.us/wiki_pages/shirogane_noel,ok
698982,asuna_(sao),4,4984,结城明日奈,結城明日奈; 亚丝娜,danbooru_api_other_names,high,copy,https://danbooru.donmai.us/wiki_pages/asuna_%28sao%29,ok
1862749,aris_(blue_archive),4,4939,天童爱丽丝,爱丽丝(碧蓝档案); 天童爱丽丝,danbooru_api_other_names,high,copy,https://danbooru.donmai.us/wiki_pages/aris_%28blue_archive%29,ok
1515171,sakura_miko,4,4933,樱巫女,樱巫女; 桜巫女; 櫻巫女; 四宮桜,danbooru_api_other_names,high,copy,https://danbooru.donmai.us/wiki_pages/sakura_miko,ok
1243757,sukuna_shinmyoumaru,4,4931,少名针妙丸,少名針妙丸; 少名针妙丸,danbooru_api_other_names,high,copy,https://danbooru.donmai.us/wiki_pages/sukuna_shinmyoumaru,ok
1821363,nahida_(genshin_impact),4,4924,纳西妲,白草净华; 小吉祥草王; 纳西妲; 布耶尔; 小草神; 草神,danbooru_api_other_names,high,copy,https://danbooru.donmai.us/wiki_pages/nahida_%28genshin_impact%29,ok
1646762,daiwa_scarlet_(umamusume),4,4923,大和赤骥,大和赤骥; 大和赤驥,danbooru_api_other_names,high,copy,https://danbooru.donmai.us/wiki_pages/daiwa_scarlet_%28umamusume%29,ok
1964798,furina_(genshin_impact),4,4919,芙宁娜,芙宁娜·德·枫丹; 不休独舞; 芙宁娜,danbooru_api_other_names,high,copy,https://danbooru.donmai.us/wiki_pages/furina_%28genshin_impact%29,ok
1734279,okita_souji_(koha-ace),4,4843,冲田总司（KOHA-ACE）,沖田総司; 沖田総司(fate); 沖田総司(FateGO),danbooru_api_other_names,high,copy,https://danbooru.donmai.us/wiki_pages/okita_souji_%28koha-ace%29,ok
1717604,shenhe_(genshin_impact),4,4835,申鹤,孤辰茕怀; 申鶴(原神); 申鹤; 申鶴,danbooru_api_other_names,high,copy,https://danbooru.donmai.us/wiki_pages/shenhe_%28genshin_impact%29,ok
1631308,souryuu_(kancolle),4,4827,苍龙,九九艦爆乳; 蒼龍,danbooru_api_other_names,high,copy,https://danbooru.donmai.us/wiki_pages/souryuu_%28kancolle%29,ok
1622591,koharu_(blue_archive),4,4810,下江小春,小春(碧蓝档案); 下江小春,danbooru_api_other_names,high,copy,https://danbooru.donmai.us/wiki_pages/koharu_%28blue_archive%29,ok
1658781,scaramouche_(genshin_impact),4,4798,散兵,国崩; 散兵,danbooru_api_other_names,high,copy,https://danbooru.donmai.us/wiki_pages/scaramouche_%28genshin_impact%29,ok
1526509,skadi_(arknights),4,4783,斯卡蒂,斯卡蒂; 蒂蒂,danbooru_api_other_names,high,copy,https://danbooru.donmai.us/wiki_pages/skadi_%28arknights%29,ok
700403,akiyama_yukari,4,4773,秋山优花里,秋山優花里; 秋山殿,danbooru_api_other_names,high,copy,https://danbooru.donmai.us/wiki_pages/akiyama_yukari,ok
1492223,taihou_(azur_lane),4,4758,大凤,大鳳; 大凤; 鹩,danbooru_api_other_names,high,copy,https://danbooru.donmai.us/wiki_pages/taihou_%28azur_lane%29,ok
1275727,samidare_(kancolle),4,4749,五月雨,毎日五月雨; 五月雨,danbooru_api_other_names,high,copy,https://danbooru.donmai.us/wiki_pages/samidare_%28kancolle%29,ok
383855,aki_shizuha,4,4736,秋静叶,秋静叶; 秋静葉,danbooru_api_other_names,high,copy,https://danbooru.donmai.us/wiki_pages/aki_shizuha,ok
1518950,inugami_korone,4,4735,戌神沁音,戌神沁音; 戌飼茜,danbooru_api_other_names,high,copy,https://danbooru.donmai.us/wiki_pages/inugami_korone,ok
1631484,yamashiro_(kancolle),4,4695,山城,小江戸美人戦艦; 山城,danbooru_api_other_names,high,copy,https://danbooru.donmai.us/wiki_pages/yamashiro_%28kancolle%29,ok
12295,letty_whiterock,4,4678,蕾蒂·霍瓦特洛克,蕾蒂·霍瓦特洛克; 蕾蒂,danbooru_api_other_names,high,copy,https://danbooru.donmai.us/wiki_pages/letty_whiterock,ok
1549061,amane_kanata,4,4622,天音彼方,天音彼方; 雨乃奏,danbooru_api_other_names,high,copy,https://danbooru.donmai.us/wiki_pages/amane_kanata,ok
21,suigintou,4,4617,水银灯,水银灯; 水銀灯; 水銀燈,danbooru_api_other_names,high,copy,https://danbooru.donmai.us/wiki_pages/suigintou,ok
1502759,ookami_mio,4,4604,大神澪,大神美緒; 大神澪; 神代美玖,danbooru_api_other_names,high,copy,https://danbooru.donmai.us/wiki_pages/ookami_mio,ok
1584986,hoshino_(blue_archive),4,4574,小鸟游星野,星野(碧蓝档案); 小鸟游星野,danbooru_api_other_names,high,copy,https://danbooru.donmai.us/wiki_pages/hoshino_%28blue_archive%29,ok
1500247,oozora_subaru,4,4572,大空昴,大空昴; 鵜飼薫,danbooru_api_other_names,high,copy,https://danbooru.donmai.us/wiki_pages/oozora_subaru,ok
1231257,kiryuuin_satsuki,4,4565,鬼龙院皐月,鬼龍院皐月; 鬼龙院皋月,danbooru_api_other_names,high,copy,https://danbooru.donmai.us/wiki_pages/kiryuuin_satsuki,ok
1631272,ro-500_(kancolle),4,4565,吕500,LO号; 呂500,danbooru_api_other_names,high,copy,https://danbooru.donmai.us/wiki_pages/ro-500_%28kancolle%29,ok
1328656,hecatia_lapislazuli,4,4546,赫卡提亚·拉碧斯拉祖利,赫卡提亚·拉碧斯拉祖利; 赫卡提亚,danbooru_api_other_names,high,copy,https://danbooru.donmai.us/wiki_pages/hecatia_lapislazuli,ok
1623068,karin_(blue_archive),4,4512,角楯花凛,角楯花凛; 花凛,danbooru_api_other_names,high,copy,https://danbooru.donmai.us/wiki_pages/karin_%28blue_archive%29,ok
422691,oshino_shinobu,4,4414,忍野忍,忍野忍; 忍,danbooru_api_other_names,high,copy,https://danbooru.donmai.us/wiki_pages/oshino_shinobu,ok
644424,nami_(one_piece),4,4385,娜美,小贼猫娜美; 娜美,danbooru_api_other_names,high,copy,https://danbooru.donmai.us/wiki_pages/nami_%28one_piece%29,ok
1440040,atago_(azur_lane),4,4344,爱宕,爱宕(碧蓝航线); 犬(碧蓝航线); 爱宕; 愛宕,danbooru_api_other_names,high,copy,https://danbooru.donmai.us/wiki_pages/atago_%28azur_lane%29,ok
1770073,nishikigi_chisato,4,4294,锦木千束,錦木千束; 千束泷奈; 锦木千束,danbooru_api_other_names,high,copy,https://danbooru.donmai.us/wiki_pages/nishikigi_chisato,ok
1350743,aqua_(konosuba),4,4288,阿库娅,水之女神; 阿库娅,danbooru_api_other_names,high,copy,https://danbooru.donmai.us/wiki_pages/aqua_%28konosuba%29,ok
1934883,oma_kokichi,4,4286,王马小吉,王马小吉; 王馬小吉; 最王,danbooru_api_other_names,high,copy,https://danbooru.donmai.us/wiki_pages/oma_kokichi,ok
472979,saber_alter,4,4265,黑Saber,阿尔托莉雅·潘德拉贡〔Alter〕; 阿爾托莉亞.潘德拉剛〔Alter〕,danbooru_api_other_names,high,copy,https://danbooru.donmai.us/wiki_pages/saber_alter,ok
1292960,midoriya_izuku,4,4252,绿谷出久,緑谷出久; 出久,danbooru_api_other_names,high,copy,https://danbooru.donmai.us/wiki_pages/midoriya_izuku,ok
1598280,xiao_(genshin_impact),4,4249,魈,护法夜叉; 金鹏; 魈(原神); 魈,danbooru_api_other_names,high,copy,https://danbooru.donmai.us/wiki_pages/xiao_%28genshin_impact%29,ok
1586173,yukihana_lamy,4,4241,雪花菈米,雪原冬花; 雪花菈米,danbooru_api_other_names,high,copy,https://danbooru.donmai.us/wiki_pages/yukihana_lamy,ok
1644978,agnes_tachyon_(umamusume),4,4239,爱丽速子,爱丽速子; 愛麗速子,danbooru_api_other_names,high,copy,https://danbooru.donmai.us/wiki_pages/agnes_tachyon_%28umamusume%29,ok
1586175,shishiro_botan,4,4216,狮白牡丹,狮白牡丹; 深見獅那,danbooru_api_other_names,high,copy,https://danbooru.donmai.us/wiki_pages/shishiro_botan,ok
1440089,prinz_eugen_(azur_lane),4,4210,欧根亲王,欧根亲王(碧蓝航线); 欧根亲王,danbooru_api_other_names,high,copy,https://danbooru.donmai.us/wiki_pages/prinz_eugen_%28azur_lane%29,ok
1719003,sakamata_chloe,4,4204,沙花叉克萝艾,沙花叉克萝伊; 飼育日記,danbooru_api_other_names,high,copy,https://danbooru.donmai.us/wiki_pages/sakamata_chloe,ok
1561704,higuchi_madoka,4,4165,樋口圆香,樋口円香; 円香,danbooru_api_other_names,high,copy,https://danbooru.donmai.us/wiki_pages/higuchi_madoka,ok
1646761,tokai_teio_(umamusume),4,4163,东海帝王,东海帝王; 东海帝皇; 東海帝王,danbooru_api_other_names,high,copy,https://danbooru.donmai.us/wiki_pages/tokai_teio_%28umamusume%29,ok
1629450,meltryllis_(fate),4,4162,梅尔特莉莉丝,溶解莉莉絲; 溶解莉莉丝,danbooru_api_other_names,high,copy,https://danbooru.donmai.us/wiki_pages/meltryllis_%28fate%29,ok
1435314,oyama_mahiro,4,4155,绪山真寻,緒山真尋; 绪山真寻,danbooru_api_other_names,high,copy,https://danbooru.donmai.us/wiki_pages/oyama_mahiro,ok
701382,hinata_hajime,4,4152,日向创,日向创; 日向創,danbooru_api_other_names,high,copy,https://danbooru.donmai.us/wiki_pages/hinata_hajime,ok
665166,takagaki_kaede,4,4133,高垣枫,高垣楓生誕祭; 高垣楓,danbooru_api_other_names,high,copy,https://danbooru.donmai.us/wiki_pages/takagaki_kaede,ok
1536480,formidable_(azur_lane),4,4129,可畏,可畏(碧蓝航线); 可畏,danbooru_api_other_names,high,copy,https://danbooru.donmai.us/wiki_pages/formidable_%28azur_lane%29,ok
1233049,sagisawa_fumika,4,4117,鹭泽文香,鷺沢文香; 鷲沢文香,danbooru_api_other_names,high,copy,https://danbooru.donmai.us/wiki_pages/sagisawa_fumika,ok
1569865,karyl_(princess_connect!),4,4076,凯露,百地希留耶; 凯露,danbooru_api_other_names,high,copy,https://danbooru.donmai.us/wiki_pages/karyl_%28princess_connect%21%29,ok
1515819,power_(chainsaw_man),4,4069,帕瓦,血之恶魔; 血之魔人; 帕瓦,danbooru_api_other_names,high,copy,https://danbooru.donmai.us/wiki_pages/power_%28chainsaw_man%29,ok
16266,son_goku,4,4066,孙悟空,孙悟空(龙珠); 悟空(龙珠); 孫悟空; 悟空; 孫悟空(GT); 孫悟空(DAIMA),danbooru_api_other_names,high,copy,https://danbooru.donmai.us/wiki_pages/son_goku,ok
1627707,miyamoto_musashi_(fate),4,3988,宫本武藏,宮本武蔵; 宮本武藏; 宮本武蔵(Fate),danbooru_api_other_names,high,copy,https://danbooru.donmai.us/wiki_pages/miyamoto_musashi_%28fate%29,ok
1328609,kishin_sagume,4,3942,稀神探女,稀神探女; 探女,danbooru_api_other_names,high,copy,https://danbooru.donmai.us/wiki_pages/kishin_sagume,ok
1649150,medusa_(rider)_(fate),4,3872,美杜莎（Rider）,美杜莎; 歌果,danbooru_api_other_names,high,copy,https://danbooru.donmai.us/wiki_pages/medusa_%28rider%29_%28fate%29,ok
1527899,kitagawa_marin,4,3869,喜多川海梦,喜多川海夢; 喜多川海梦; 海夢,danbooru_api_other_names,high,copy,https://danbooru.donmai.us/wiki_pages/kitagawa_marin,ok
1452466,ereshkigal_(fate),4,3850,艾蕾什基伽尔,埃列什基伽勒; 艾蕾,danbooru_api_other_names,high,copy,https://danbooru.donmai.us/wiki_pages/ereshkigal_%28fate%29,ok
1934951,saihara_shuichi,4,3849,最原终一,最原终一; 最原終一; 最王,danbooru_api_other_names,high,copy,https://danbooru.donmai.us/wiki_pages/saihara_shuichi,ok
1491767,murasaki_shion,4,3780,紫咲诗音,紫咲诗音,danbooru_api_other_names,high,copy,https://danbooru.donmai.us/wiki_pages/murasaki_shion,ok
8882,lily_white,4,3774,莉莉霍瓦特,莉莉白; 莉莉霍瓦特,danbooru_api_other_names,high,copy,https://danbooru.donmai.us/wiki_pages/lily_white,ok
670056,kuroki_tomoko,4,3767,黑木智子,黑木智子; 黒木智子; 黒木姉弟,danbooru_api_other_names,high,copy,https://danbooru.donmai.us/wiki_pages/kuroki_tomoko,ok
3030,mario,4,3760,马力欧,超级马里奥; 超级玛丽; 马里奥,danbooru_api_other_names,high,copy,https://danbooru.donmai.us/wiki_pages/mario,ok
1524374,lappland_(arknights),4,3725,拉普兰德,双狼组; 拉普兰德,danbooru_api_other_names,high,copy,https://danbooru.donmai.us/wiki_pages/lappland_%28arknights%29,ok
1493247,bowsette,4,3701,酷霸王姬,库巴公主; 库巴姬,danbooru_api_other_names,medium,copy,https://danbooru.donmai.us/wiki_pages/bowsette,ok
1549082,kiryu_coco,4,3693,桐生可可,桐生可可; 友人C; 桐生会FOREVER,danbooru_api_other_names,high,copy,https://danbooru.donmai.us/wiki_pages/kiryu_coco,ok
660302,ahri_(league_of_legends),4,3689,阿狸,阿狸; 阿璃,danbooru_api_other_names,high,copy,https://danbooru.donmai.us/wiki_pages/ahri_%28league_of_legends%29,ok
663994,kanzaki_ranko,4,3666,神崎兰子,神崎兰子; 神崎蘭子; 神埼蘭子,danbooru_api_other_names,high,copy,https://danbooru.donmai.us/wiki_pages/kanzaki_ranko,ok
11853,haruno_sakura,4,3632,春野樱,小樱(火影忍者); 春野樱,danbooru_api_other_names,high,copy,https://danbooru.donmai.us/wiki_pages/haruno_sakura,ok
1811190,nilou_(genshin_impact),4,3606,妮露,莲光落舞筵; 原神妮露; 妮露,danbooru_api_other_names,high,copy,https://danbooru.donmai.us/wiki_pages/nilou_%28genshin_impact%29,ok
1500444,commander_(azur_lane),4,3546,指挥官,指挥官(碧蓝航线); 指挥官; 指揮官; 司令官; 司令,danbooru_api_other_names,high,copy,https://danbooru.donmai.us/wiki_pages/commander_%28azur_lane%29,ok
1757377,yelan_(genshin_impact),4,3534,夜兰,兰生幽谷; 夜兰(原神); 夜兰; 夜蘭; 夜阑,danbooru_api_other_names,high,copy,https://danbooru.donmai.us/wiki_pages/yelan_%28genshin_impact%29,ok
1770074,inoue_takina,4,3521,井之上泷奈,蒲焼太郎; 井上泷奈,danbooru_api_other_names,high,copy,https://danbooru.donmai.us/wiki_pages/inoue_takina,ok
1630645,fairy_(kancolle),4,3511,妖精,装備妖精; 工廠妖精,danbooru_api_other_names,high,copy,https://danbooru.donmai.us/wiki_pages/fairy_%28kancolle%29,ok
1500246,nakiri_ayame,4,3506,百鬼绫目,百鬼絵巻; 百鬼綾目,danbooru_api_other_names,high,copy,https://danbooru.donmai.us/wiki_pages/nakiri_ayame,ok
1585359,seaport_princess,4,3498,港湾栖姬,爆乳大要塞; 港湾棲姫,danbooru_api_other_names,high,copy,https://danbooru.donmai.us/wiki_pages/seaport_princess,ok
1275725,naganami_(kancolle),4,3490,长波,長波; 乳波,danbooru_api_other_names,high,copy,https://danbooru.donmai.us/wiki_pages/naganami_%28kancolle%29,ok
1533296,shiranui_flare,4,3486,不知火芙蕾雅,白鳥火樽; 不知火芙蕾雅,danbooru_api_other_names,high,copy,https://danbooru.donmai.us/wiki_pages/shiranui_flare,ok
1582962,fischl_(genshin_impact),4,3486,菲谢尔,菲谢尔·冯·露弗施洛斯·那菲多特; 菲谢尔; 断罪皇女!!; 小艾咪; 艾咪,danbooru_api_other_names,high,copy,https://danbooru.donmai.us/wiki_pages/fischl_%28genshin_impact%29,ok
1584990,arona_(blue_archive),4,3485,阿洛娜,蓝色恶魔; 阿洛娜; 阿罗娜; 彩奈,danbooru_api_other_names,high,copy,https://danbooru.donmai.us/wiki_pages/arona_%28blue_archive%29,ok
1515818,denji_(chainsaw_man),4,3464,电次,电锯人; 电次,danbooru_api_other_names,high,copy,https://danbooru.donmai.us/wiki_pages/denji_%28chainsaw_man%29,ok
14152,kakyoin_noriaki,4,3455,花京院典明,花京院典明; 花京院; 承花,danbooru_api_other_names,high,copy,https://danbooru.donmai.us/wiki_pages/kakyoin_noriaki,ok
1480186,takarada_rikka,4,3429,宝多六花,宝多六花; 水着六花,danbooru_api_other_names,high,copy,https://danbooru.donmai.us/wiki_pages/takarada_rikka,ok
550231,gokou_ruri,4,3426,五更琉璃,黒猫(俺妹); 五更瑠璃,danbooru_api_other_names,high,copy,https://danbooru.donmai.us/wiki_pages/gokou_ruri,ok
1271042,kiana_kaslana,4,3422,琪亚娜·卡斯兰娜,琪亚娜·卡斯兰娜; 琪亚娜,danbooru_api_other_names,high,copy,https://danbooru.donmai.us/wiki_pages/kiana_kaslana,ok
1660592,hanako_(blue_archive),4,3418,浦和花子,花子(碧蓝档案); 浦和花子,danbooru_api_other_names,high,copy,https://danbooru.donmai.us/wiki_pages/hanako_%28blue_archive%29,ok
1893407,kisaki_(blue_archive),4,3414,龙华妃咲,妃咲会长; 龙华妃咲; 門主様; 妃咲,danbooru_api_other_names,medium,copy,https://danbooru.donmai.us/wiki_pages/kisaki_%28blue_archive%29,ok
1646759,silence_suzuka_(umamusume),4,3402,无声铃鹿,无声铃鹿; 無聲鈴鹿,danbooru_api_other_names,high,copy,https://danbooru.donmai.us/wiki_pages/silence_suzuka_%28umamusume%29,ok
413395,kujo_jolyne,4,3386,空条徐伦,空条徐倫; 空条徐伦; 徐倫; 六乔,danbooru_api_other_names,high,copy,https://danbooru.donmai.us/wiki_pages/kujo_jolyne,ok
1643885,mari_(blue_archive),4,3373,伊落玛丽,玛丽(碧蓝档案); 伊落玛丽,danbooru_api_other_names,high,copy,https://danbooru.donmai.us/wiki_pages/mari_%28blue_archive%29,ok
1533759,barbara_(genshin_impact),4,3364,芭芭拉,芭芭拉·佩奇; 芭芭拉(原神); 闪耀偶像; 芭芭拉,danbooru_api_other_names,high,copy,https://danbooru.donmai.us/wiki_pages/barbara_%28genshin_impact%29,ok
1509453,fu_hua,4,3335,符华,符华; 熾鳶; 炽翎; 符華,danbooru_api_other_names,high,copy,https://danbooru.donmai.us/wiki_pages/fu_hua,ok
1462685,kokkoro_(princess_connect!),4,3331,可可萝,可可萝; 可可蘿,danbooru_api_other_names,high,copy,https://danbooru.donmai.us/wiki_pages/kokkoro_%28princess_connect%21%29,ok
12296,lunasa_prismriver,4,3322,露娜萨·普莉兹姆利巴,露娜萨·普莉兹姆利巴; 露娜萨,danbooru_api_other_names,high,copy,https://danbooru.donmai.us/wiki_pages/lunasa_prismriver,ok
1580066,suzuran_(arknights),4,3307,铃兰,舟铃兰; 铃兰,danbooru_api_other_names,high,copy,https://danbooru.donmai.us/wiki_pages/suzuran_%28arknights%29,ok
413396,giorno_giovanna,4,3302,乔鲁诺·乔巴拿,乔鲁诺·乔巴纳; 汐华初流乃; 五乔; 茸茸,danbooru_api_other_names,high,copy,https://danbooru.donmai.us/wiki_pages/giorno_giovanna,ok
1054766,chloe_von_einzbern,4,3276,克洛伊·冯·爱因兹贝伦,小黑; 克洛伊,danbooru_api_other_names,high,copy,https://danbooru.donmai.us/wiki_pages/chloe_von_einzbern,ok
1499605,natsuiro_matsuri,4,3276,夏色祭,夏色祭; 夏乃華火; 若木春; 祭絵,danbooru_api_other_names,high,copy,https://danbooru.donmai.us/wiki_pages/natsuiro_matsuri,ok
1507493,maya_(kancolle),4,3273,摩耶,摩耶; 摩耶(舰队Collection),danbooru_api_other_names,high,copy,https://danbooru.donmai.us/wiki_pages/maya_%28kancolle%29,ok
1667136,ump45_(girls'_frontline),4,3266,UMP45,UMP45(少女前線); UMP姉妹,danbooru_api_other_names,high,copy,https://danbooru.donmai.us/wiki_pages/ump45_%28girls%27_frontline%29,ok
1599614,jean_(genshin_impact),4,3261,琴,琴·古恩希尔德; 蒲公英骑士; 琴(原神); 琴,danbooru_api_other_names,high,copy,https://danbooru.donmai.us/wiki_pages/jean_%28genshin_impact%29,ok
1644992,manhattan_cafe_(umamusume),4,3260,曼城茶座,曼城茶座; 曼城插座,danbooru_api_other_names,high,copy,https://danbooru.donmai.us/wiki_pages/manhattan_cafe_%28umamusume%29,ok
12355,uzumaki_naruto,4,3259,漩涡鸣人,九尾人柱力; 七代目火影; 漩涡鸣人; 鸣人,danbooru_api_other_names,high,copy,https://danbooru.donmai.us/wiki_pages/uzumaki_naruto,ok
1799218,trailblazer_(honkai:_star_rail),4,3258,开拓者,开拓者; 開拓者,danbooru_api_other_names,high,copy,https://danbooru.donmai.us/wiki_pages/trailblazer_%28honkai%3A_star_rail%29,ok
1292961,bakugou_katsuki,4,3250,爆豪胜己,爆豪勝己; 爆豪,danbooru_api_other_names,high,copy,https://danbooru.donmai.us/wiki_pages/bakugou_katsuki,ok
1631984,ako_(blue_archive),4,3242,天雨亚子,天雨亚子; 亚子,danbooru_api_other_names,high,copy,https://danbooru.donmai.us/wiki_pages/ako_%28blue_archive%29,ok
407911,jonathan_joestar,4,3237,乔纳森·乔斯达,乔纳森·乔斯达; 大乔,danbooru_api_other_names,high,copy,https://danbooru.donmai.us/wiki_pages/jonathan_joestar,ok
1678980,sangonomiya_kokomi,4,3226,珊瑚宫心海,珊瑚宫心海; 珊瑚宮心海; 真珠之智,danbooru_api_other_names,high,copy,https://danbooru.donmai.us/wiki_pages/sangonomiya_kokomi,ok
1442947,ch'en_(arknights),4,3225,陈,明日方舟陈; 星陈; 陈,danbooru_api_other_names,high,copy,https://danbooru.donmai.us/wiki_pages/ch%27en_%28arknights%29,ok
1317065,usami_sumireko,4,3218,宇佐见堇子,宇佐见堇子; 宇佐見菫子; 菫子,danbooru_api_other_names,high,copy,https://danbooru.donmai.us/wiki_pages/usami_sumireko,ok
1865359,rio_(blue_archive),4,3204,调月莉音,调月莉音; 调月莉央; 莉音,danbooru_api_other_names,medium,copy,https://danbooru.donmai.us/wiki_pages/rio_%28blue_archive%29,ok
1782915,ijichi_nijika,4,3192,伊地知虹夏,伊地知虹夏; 虹夏,danbooru_api_other_names,high,copy,https://danbooru.donmai.us/wiki_pages/ijichi_nijika,ok
1468120,nakano_nino,4,3168,中野二乃,长发二乃; 中野二乃,danbooru_api_other_names,high,copy,https://danbooru.donmai.us/wiki_pages/nakano_nino,ok
660098,futaba_anzu,4,3158,双叶杏,双葉杏(物理); 双葉杏,danbooru_api_other_names,high,copy,https://danbooru.donmai.us/wiki_pages/futaba_anzu,ok
1342592,shimada_arisu,4,3149,岛田爱里寿,島田愛里寿; 愛里寿; 島田愛里寿(GuP),danbooru_api_other_names,high,copy,https://danbooru.donmai.us/wiki_pages/shimada_arisu,ok
711691,motoori_kosuzu,4,3133,本居小铃,本居小铃; 本居小鈴,danbooru_api_other_names,high,copy,https://danbooru.donmai.us/wiki_pages/motoori_kosuzu,ok
1442945,exusiai_(arknights),4,3129,能天使,蕾缪乐; 能天使,danbooru_api_other_names,high,copy,https://danbooru.donmai.us/wiki_pages/exusiai_%28arknights%29,ok
13543,hyuuga_hinata,4,3115,日向雏田,日向雏田; 雏田,danbooru_api_other_names,high,copy,https://danbooru.donmai.us/wiki_pages/hyuuga_hinata,ok
1645002,nice_nature_(umamusume),4,3108,优秀素质,优秀素质; 優秀素質,danbooru_api_other_names,high,copy,https://danbooru.donmai.us/wiki_pages/nice_nature_%28umamusume%29,ok
1275713,akigumo_(kancolle),4,3088,秋云,秋雲先生; 秋雲,danbooru_api_other_names,high,copy,https://danbooru.donmai.us/wiki_pages/akigumo_%28kancolle%29,ok
1441167,ayanami_(azur_lane),4,3086,绫波,綾波; 柚,danbooru_api_other_names,high,copy,https://danbooru.donmai.us/wiki_pages/ayanami_%28azur_lane%29,ok
419123,shirogane_naoto,4,3085,白钟直斗,白鐘直斗; 白钟直斗,danbooru_api_other_names,high,copy,https://danbooru.donmai.us/wiki_pages/shirogane_naoto,ok
1792624,kafka_(honkai:_star_rail),4,3072,卡芙卡,卡芙卡; 卡夫卡,danbooru_api_other_names,high,copy,https://danbooru.donmai.us/wiki_pages/kafka_%28honkai%3A_star_rail%29,ok
1599722,aru_(blue_archive),4,3072,陆八魔亚瑠,陆八魔阿露; 阿露,danbooru_api_other_names,high,copy,https://danbooru.donmai.us/wiki_pages/aru_%28blue_archive%29,ok
527774,monkey_d._luffy,4,3059,蒙奇·D·路飞,草帽路飞; 草帽小子; 蒙奇·D·路飞,danbooru_api_other_names,high,copy,https://danbooru.donmai.us/wiki_pages/monkey_d._luffy,ok
1628204,momoi_(blue_archive),4,3009,才羽桃井,小桃(碧蓝档案); 王小桃; 才羽桃井; 桃井,danbooru_api_other_names,high,copy,https://danbooru.donmai.us/wiki_pages/momoi_%28blue_archive%29,ok
1462591,narmaya_(granblue_fantasy),4,3008,娜露梅,娜露梅亚; 奶刀,danbooru_api_other_names,high,copy,https://danbooru.donmai.us/wiki_pages/narmaya_%28granblue_fantasy%29,ok
682208,bridget_(guilty_gear),4,2999,布莉姬,布里吉特; 鰤,danbooru_api_other_names,high,copy,https://danbooru.donmai.us/wiki_pages/bridget_%28guilty_gear%29,ok
1452972,yorigami_shion,4,2996,依神紫苑,依神紫苑; 紫苑,danbooru_api_other_names,high,copy,https://danbooru.donmai.us/wiki_pages/yorigami_shion,ok
1768637,miyu_(blue_archive),4,2992,霞泽美游,霞泽美游; 美游; 美遊,danbooru_api_other_names,high,copy,https://danbooru.donmai.us/wiki_pages/miyu_%28blue_archive%29,ok
1919321,plana_(blue_archive),4,2977,普拉娜,普拉娜; 星奈,danbooru_api_other_names,high,copy,https://danbooru.donmai.us/wiki_pages/plana_%28blue_archive%29,ok
1283598,bronya_zaychik,4,2976,布洛妮娅·扎伊切克,布洛妮娅·扎伊切克; 布洛妮婭·扎伊切克; 布洛妮娅; 布洛妮婭,danbooru_api_other_names,high,copy,https://danbooru.donmai.us/wiki_pages/bronya_zaychik,ok
1595577,surtr_(arknights),4,2964,史尔特尔,史尔特尔; 42姐,danbooru_api_other_names,high,copy,https://danbooru.donmai.us/wiki_pages/surtr_%28arknights%29,ok
407910,higashikata_josuke,4,2963,东方仗助,東方仗助; 四乔; 仗億,danbooru_api_other_names,high,copy,https://danbooru.donmai.us/wiki_pages/higashikata_josuke,ok
1443053,nakano_miku,4,2960,中野三玖,中野三玖; 三玖,danbooru_api_other_names,high,copy,https://danbooru.donmai.us/wiki_pages/nakano_miku,ok
1630673,fusou_(kancolle),4,2946,扶桑,京美人戦艦; 扶桑,danbooru_api_other_names,high,copy,https://danbooru.donmai.us/wiki_pages/fusou_%28kancolle%29,ok
1852825,iono_(pokemon),4,2940,奇树,奇树; 奇樹,danbooru_api_other_names,high,copy,https://danbooru.donmai.us/wiki_pages/iono_%28pokemon%29,ok
1622307,hasumi_(blue_archive),4,2930,羽川莲实,羽川莲见; 莲见,danbooru_api_other_names,high,copy,https://danbooru.donmai.us/wiki_pages/hasumi_%28blue_archive%29,ok
1435236,oda_nobunaga_(fate),4,2927,织田信长,织田信长; 織田信長; 織田信長(Fate),danbooru_api_other_names,high,copy,https://danbooru.donmai.us/wiki_pages/oda_nobunaga_%28fate%29,ok
16122,nico_robin,4,2917,妮可·罗宾,恶魔之子(海贼王); 妮可·罗宾,danbooru_api_other_names,high,copy,https://danbooru.donmai.us/wiki_pages/nico_robin,ok
1675937,kaedehara_kazuha,4,2906,枫原万叶,红叶逐荒波; 枫原万叶; 楓原万葉(原神); 楓原万葉,danbooru_api_other_names,high,copy,https://danbooru.donmai.us/wiki_pages/kaedehara_kazuha,ok
1431828,elizabeth_bathory_(fate),4,2899,伊丽莎白·巴托里,伊莉莎白.巴托里; 伊丽莎白·巴托里,danbooru_api_other_names,high,copy,https://danbooru.donmai.us/wiki_pages/elizabeth_bathory_%28fate%29,ok
1629409,artoria_pendragon_(lancer)_(fate),4,2898,阿尔托莉雅·潘德拉贡（Lancer）,乳上; 乳王; 獅子王(Fate),danbooru_api_other_names,high,copy,https://danbooru.donmai.us/wiki_pages/artoria_pendragon_%28lancer%29_%28fate%29,ok
1515525,mayuzumi_fuyuko,4,2883,黛冬优子,冬优子; 黛冬優子,danbooru_api_other_names,high,copy,https://danbooru.donmai.us/wiki_pages/mayuzumi_fuyuko,ok
1682833,satono_diamond_(umamusume),4,2877,里见光钻,里见光钻; 里見光鑽,danbooru_api_other_names,high,copy,https://danbooru.donmai.us/wiki_pages/satono_diamond_%28umamusume%29,ok
1380244,kumano_(kancolle),4,2876,熊野,熊野; 鈴熊,danbooru_api_other_names,high,copy,https://danbooru.donmai.us/wiki_pages/kumano_%28kancolle%29,ok
344358,roronoa_zoro,4,2867,罗罗诺亚·索隆,罗罗诺亚·索隆; 海贼猎人,danbooru_api_other_names,high,copy,https://danbooru.donmai.us/wiki_pages/roronoa_zoro,ok
476837,holo,4,2853,赫萝,赫萝; 赫蘿,danbooru_api_other_names,high,copy,https://danbooru.donmai.us/wiki_pages/holo,ok
1262414,izumi_sagiri,4,2851,和泉纱雾,和泉纱雾; 和泉紗霧; 紗霧,danbooru_api_other_names,high,copy,https://danbooru.donmai.us/wiki_pages/izumi_sagiri,ok
1271044,raiden_mei,4,2828,雷电芽衣,雷电芽衣; 雷電芽衣; 芽衣,danbooru_api_other_names,high,copy,https://danbooru.donmai.us/wiki_pages/raiden_mei,ok
758462,kirigiri_kyoko,4,2827,雾切响子,雾切响子; 霧切響子; 霧切; 響子,danbooru_api_other_names,high,copy,https://danbooru.donmai.us/wiki_pages/kirigiri_kyoko,ok
1602944,mudrock_(arknights),4,2811,泥岩,明日方舟泥岩; 泥岩,danbooru_api_other_names,high,copy,https://danbooru.donmai.us/wiki_pages/mudrock_%28arknights%29,ok
1627620,kiyohime_(fate),4,2781,清姬,清姬; 清姫; 清姫(Fate),danbooru_api_other_names,high,copy,https://danbooru.donmai.us/wiki_pages/kiyohime_%28fate%29,ok
1664919,yoimiya_(genshin_impact),4,2771,宵宫,长野原宵宮; 琉焰华舞; 長野原宵宮; 宵宫; 宵宮(原神); 宵宮,danbooru_api_other_names,high,copy,https://danbooru.donmai.us/wiki_pages/yoimiya_%28genshin_impact%29,ok
1533761,amber_(genshin_impact),4,2748,安柏,飞行冠军; 安柏,danbooru_api_other_names,high,copy,https://danbooru.donmai.us/wiki_pages/amber_%28genshin_impact%29,ok
510605,makise_kurisu,4,2733,牧濑红莉栖,牧濑红莉栖; 牧瀬紅莉栖,danbooru_api_other_names,high,copy,https://danbooru.donmai.us/wiki_pages/makise_kurisu,ok
1387675,kamado_nezuko,4,2721,灶门祢豆子,灶门祢豆子; 竈門禰豆子,danbooru_api_other_names,high,copy,https://danbooru.donmai.us/wiki_pages/kamado_nezuko,ok
1682831,kitasan_black_(umamusume),4,2721,北部玄驹,北黑; 北部玄驹,danbooru_api_other_names,high,copy,https://danbooru.donmai.us/wiki_pages/kitasan_black_%28umamusume%29,ok
1452342,amamiya_ren,4,2717,雨宫莲,来栖暁; 雨宫莲; 主明; 雨宮蓮,danbooru_api_other_names,high,copy,https://danbooru.donmai.us/wiki_pages/amamiya_ren,ok
1465315,tomoe_gozen_(fate),4,2717,巴御前,巴御前; 巴御前(Fate),danbooru_api_other_names,high,copy,https://danbooru.donmai.us/wiki_pages/tomoe_gozen_%28fate%29,ok
1628203,midori_(blue_archive),4,2700,才羽绿,小绿(碧蓝档案); 才羽绿,danbooru_api_other_names,high,copy,https://danbooru.donmai.us/wiki_pages/midori_%28blue_archive%29,ok
1631126,kiyoshimo_(kancolle),4,2695,清霜,大戦艦清霜; 清霜,danbooru_api_other_names,high,copy,https://danbooru.donmai.us/wiki_pages/kiyoshimo_%28kancolle%29,ok
1682871,kazusa_(blue_archive),4,2684,杏山和纱,杏山和纱; 和纱,danbooru_api_other_names,high,copy,https://danbooru.donmai.us/wiki_pages/kazusa_%28blue_archive%29,ok
1337527,mika_(girls_und_panzer),4,2671,米卡,継続高校; 隊長組,danbooru_api_other_names,high,copy,https://danbooru.donmai.us/wiki_pages/mika_%28girls_und_panzer%29,ok
1964868,yamada_ryo,4,2670,山田凉,山田凉; 山田涼,danbooru_api_other_names,high,copy,https://danbooru.donmai.us/wiki_pages/yamada_ryo,ok
11053,houjou_satoko,4,2655,北条沙都子,北条沙都子; 豊穣沙都子,danbooru_api_other_names,high,copy,https://danbooru.donmai.us/wiki_pages/houjou_satoko,ok
1602206,qiqi_(genshin_impact),4,2624,七七,冻冻回魂夜; 七七(原神); 七七,danbooru_api_other_names,high,copy,https://danbooru.donmai.us/wiki_pages/qiqi_%28genshin_impact%29,ok
1631447,unryuu_(kancolle),4,2619,云龙,雲龍; 雲乳; 云龙,danbooru_api_other_names,high,copy,https://danbooru.donmai.us/wiki_pages/unryuu_%28kancolle%29,ok
1540881,w_(arknights),4,2604,W,明日方舟w; W(明日方舟),danbooru_api_other_names,high,copy,https://danbooru.donmai.us/wiki_pages/w_%28arknights%29,ok
499269,miyu_edelfelt,4,2577,美游·艾德费尔特,美游; 美遊,danbooru_api_other_names,high,copy,https://danbooru.donmai.us/wiki_pages/miyu_edelfelt,ok
414822,miyafuji_yoshika,4,2564,宫藤芳佳,宮藤芳佳; 淫獣宮藤,danbooru_api_other_names,high,copy,https://danbooru.donmai.us/wiki_pages/miyafuji_yoshika,ok
1193071,yuuki_makoto_(persona_3),4,2549,结城理,结城理; 有里湊; 汐見朔也; 結城理,danbooru_api_other_names,high,copy,https://danbooru.donmai.us/wiki_pages/yuuki_makoto_%28persona_3%29,ok
12112,emiya_kiritsugu,4,2532,卫宫切嗣,卫宫切嗣; 衛宮切嗣; 切嗣,danbooru_api_other_names,high,copy,https://danbooru.donmai.us/wiki_pages/emiya_kiritsugu,ok
1452975,yorigami_jo'on,4,2525,依神女苑,依神女苑; 女苑,danbooru_api_other_names,high,copy,https://danbooru.donmai.us/wiki_pages/yorigami_jo%27on,ok
1464778,nakano_yotsuba,4,2515,中野四叶,中野四叶; 中野四葉,danbooru_api_other_names,high,copy,https://danbooru.donmai.us/wiki_pages/nakano_yotsuba,ok
1596439,mutsuki_(blue_archive),4,2508,浅黄睦月,睦月(碧蓝档案); 浅黄睦月,danbooru_api_other_names,high,copy,https://danbooru.donmai.us/wiki_pages/mutsuki_%28blue_archive%29,ok
12297,merlin_prismriver,4,2465,梅露兰·普莉兹姆利巴,梅露兰·普莉兹姆利巴; 梅露兰,danbooru_api_other_names,high,copy,https://danbooru.donmai.us/wiki_pages/merlin_prismriver,ok
12564,uchiha_sasuke,4,2464,宇智波佐助,宇智波佐助; 二柱子; 佐助,danbooru_api_other_names,high,copy,https://danbooru.donmai.us/wiki_pages/uchiha_sasuke,ok
1627610,katsushika_hokusai_(fate),4,2448,葛饰北斋,葛飾北斎; 葛飾応為; 葛飾北斎(Fate),danbooru_api_other_names,high,copy,https://danbooru.donmai.us/wiki_pages/katsushika_hokusai_%28fate%29,ok
1432467,morgan_le_fay_(fate),4,2432,摩根,摩根·勒·菲; 摩根(fate),danbooru_api_other_names,high,copy,https://danbooru.donmai.us/wiki_pages/morgan_le_fay_%28fate%29,ok
1440202,enterprise_(azur_lane),4,2425,企业,企业(碧蓝航线); 企业,danbooru_api_other_names,high,copy,https://danbooru.donmai.us/wiki_pages/enterprise_%28azur_lane%29,ok
1598223,kayoko_(blue_archive),4,2416,鬼方佳代子,鬼方佳代子; 佳代子,danbooru_api_other_names,high,copy,https://danbooru.donmai.us/wiki_pages/kayoko_%28blue_archive%29,ok
1440020,takao_(azur_lane),4,2415,高雄,高雄(碧蓝航线); 獒(碧蓝航线); 高雄,danbooru_api_other_names,high,copy,https://danbooru.donmai.us/wiki_pages/takao_%28azur_lane%29,ok
12298,lyrica_prismriver,4,2406,莉莉卡·普莉兹姆利巴,莉莉卡·普莉兹姆利巴; 莉莉卡,danbooru_api_other_names,high,copy,https://danbooru.donmai.us/wiki_pages/lyrica_prismriver,ok
1758613,ui_(blue_archive),4,2399,古关忧,古关忧; 古関,danbooru_api_other_names,high,copy,https://danbooru.donmai.us/wiki_pages/ui_%28blue_archive%29,ok
1620953,hifumi_(blue_archive),4,2349,阿慈谷日富美,阿慈谷日富美; 日富美,danbooru_api_other_names,high,copy,https://danbooru.donmai.us/wiki_pages/hifumi_%28blue_archive%29,ok
1447375,tamamo_cat_(fate),4,2336,玉藻猫,玉藻猫; 玉藻貓,danbooru_api_other_names,high,copy,https://danbooru.donmai.us/wiki_pages/tamamo_cat_%28fate%29,ok
1432299,matara_okina,4,2332,摩多罗隐岐奈,摩多羅隠岐奈; 摩多罗隐岐奈; 隠岐奈; 隐岐奈,danbooru_api_other_names,high,copy,https://danbooru.donmai.us/wiki_pages/matara_okina,ok
1630695,haguro_(kancolle),4,2329,羽黑,羽黑; 羽黒,danbooru_api_other_names,high,copy,https://danbooru.donmai.us/wiki_pages/haguro_%28kancolle%29,ok
1255756,t-head_admiral,4,2325,T头提督,提督; T督,danbooru_api_other_names,medium,copy,https://danbooru.donmai.us/wiki_pages/t-head_admiral,ok
1440110,akagi_(azur_lane),4,2312,赤城,赤城(碧蓝航线); 赤城; 凰,danbooru_api_other_names,high,copy,https://danbooru.donmai.us/wiki_pages/akagi_%28azur_lane%29,ok
385134,ushiromiya_battler,4,2284,右代宫战人,右代宫战人; 战贝; 右代宮戦人; 战人,danbooru_api_other_names,high,copy,https://danbooru.donmai.us/wiki_pages/ushiromiya_battler,ok
99,shinku,4,2278,真红,真红; 真紅,danbooru_api_other_names,high,copy,https://danbooru.donmai.us/wiki_pages/shinku,ok
1624414,neru_(blue_archive),4,2274,美甘宁瑠,尼禄(碧蓝档案); 美甘尼禄,danbooru_api_other_names,high,copy,https://danbooru.donmai.us/wiki_pages/neru_%28blue_archive%29,ok
1586177,omaru_polka,4,2242,尾丸波尔卡,尾丸波尔卡; 尾森歩香,danbooru_api_other_names,high,copy,https://danbooru.donmai.us/wiki_pages/omaru_polka,ok
1667140,ump9_(girls'_frontline),4,2239,UMP9,莱娜(少女前线); 莱娜(少女前线2); UMP9(少女前線); UMP姉妹,danbooru_api_other_names,high,copy,https://danbooru.donmai.us/wiki_pages/ump9_%28girls%27_frontline%29,ok
1931043,stelle_(honkai:_star_rail),4,2234,星,星(崩坏:星穹铁道); 开拓者(女); 星,danbooru_api_other_names,high,copy,https://danbooru.donmai.us/wiki_pages/stelle_%28honkai%3A_star_rail%29,ok
1384409,akamatsu_kaede,4,2224,赤松枫,赤松枫; 赤松楓,danbooru_api_other_names,high,copy,https://danbooru.donmai.us/wiki_pages/akamatsu_kaede,ok
1440070,kaga_(azur_lane),4,2222,加贺,加贺(碧蓝航线); 加賀; 鸾,danbooru_api_other_names,high,copy,https://danbooru.donmai.us/wiki_pages/kaga_%28azur_lane%29,ok
1402355,kagari_atsuko,4,2206,篝敦子,亚可·卡嘉莉; 亚可; 篝敦子,danbooru_api_other_names,high,copy,https://danbooru.donmai.us/wiki_pages/kagari_atsuko,ok
1860581,wanderer_(genshin_impact),4,2194,流浪者,久世浮倾; 国崩; 放浪者(原神); 流浪者; 放浪者; 散兵,danbooru_api_other_names,high,copy,https://danbooru.donmai.us/wiki_pages/wanderer_%28genshin_impact%29,ok
1250847,junketsu,4,2190,纯洁,纯洁; 純潔,danbooru_api_other_names,high,copy,https://danbooru.donmai.us/wiki_pages/junketsu,ok
1789597,asakura_toru,4,2182,浅仓透,透(偶像大师); 浅仓透; 浅倉透,danbooru_api_other_names,high,copy,https://danbooru.donmai.us/wiki_pages/asakura_toru,ok
1388692,touhoku_kiritan,4,2174,东北切蒲英,东北切蒲英; 切蒲英,danbooru_api_other_names,high,copy,https://danbooru.donmai.us/wiki_pages/touhoku_kiritan,ok
1602199,ningguang_(genshin_impact),4,2166,凝光,掩月天权; 凝光(原神); 凝光,danbooru_api_other_names,high,copy,https://danbooru.donmai.us/wiki_pages/ningguang_%28genshin_impact%29,ok
171918,android_18,4,2164,人造人18号,人造人間18号; 人造人18号; 18号; 拉姿丽,danbooru_api_other_names,high,copy,https://danbooru.donmai.us/wiki_pages/android_18,ok
662472,takanashi_rikka,4,2161,小鸟游六花,小鸟游六花; 小鳥遊六花,danbooru_api_other_names,high,copy,https://danbooru.donmai.us/wiki_pages/takanashi_rikka,ok
1525545,fushiguro_megumi,4,2159,伏黑惠,伏黑惠; 伏黒恵,danbooru_api_other_names,high,copy,https://danbooru.donmai.us/wiki_pages/fushiguro_megumi,ok
1677019,baobhan_sith_(fate),4,2149,芭万·希,妖精骑士崔斯坦; 芭万·希,danbooru_api_other_names,high,copy,https://danbooru.donmai.us/wiki_pages/baobhan_sith_%28fate%29,ok
1408667,kochou_shinobu,4,2145,蝴蝶忍,蝴蝶忍; 虫柱,danbooru_api_other_names,high,copy,https://danbooru.donmai.us/wiki_pages/kochou_shinobu,ok
1488442,bb_(swimsuit_mooncancer)_(fate),4,2122,BB（泳装MoonCancer）,泳装BB; 水着BB; 泳裝BB; BB(水着),danbooru_api_other_names,high,copy,https://danbooru.donmai.us/wiki_pages/bb_%28swimsuit_mooncancer%29_%28fate%29,ok
1682888,saori_(blue_archive),4,2114,锭前纱织,纱织(碧蓝档案); 锭前纱织,danbooru_api_other_names,high,copy,https://danbooru.donmai.us/wiki_pages/saori_%28blue_archive%29,ok
1533460,lysithea_von_ordelia,4,2106,莉丝缇亚·冯·科迪利亚,莉丝缇亚·冯·科迪利亚; 莉丝缇亚,danbooru_api_other_names,high,copy,https://danbooru.donmai.us/wiki_pages/lysithea_von_ordelia,ok
1386288,harukawa_maki,4,2083,春川魔姬,春川魔姬; 春川魔姫,danbooru_api_other_names,high,copy,https://danbooru.donmai.us/wiki_pages/harukawa_maki,ok
1350741,darkness_(konosuba),4,2082,达克妮斯,达斯提尼斯·福特·拉拉蒂娜; 达克妮斯; 達克妮絲,danbooru_api_other_names,high,copy,https://danbooru.donmai.us/wiki_pages/darkness_%28konosuba%29,ok
1646767,twin_turbo_(umamusume),4,2077,双涡轮,双涡轮; 雙渦輪,danbooru_api_other_names,high,copy,https://danbooru.donmai.us/wiki_pages/twin_turbo_%28umamusume%29,ok
1670077,springfield_(girls'_frontline),4,2070,春田,春田(少女前线); 春田,danbooru_api_other_names,high,copy,https://danbooru.donmai.us/wiki_pages/springfield_%28girls%27_frontline%29,ok
1584985,nonomi_(blue_archive),4,2052,十六夜野乃美,十六夜野宫; 野宫,danbooru_api_other_names,high,copy,https://danbooru.donmai.us/wiki_pages/nonomi_%28blue_archive%29,ok
1827774,sanji_(one_piece),4,2051,山治,黑足山治; 文斯莫克·山治; 山治,danbooru_api_other_names,high,copy,https://danbooru.donmai.us/wiki_pages/sanji_%28one_piece%29,ok
1585360,battleship_princess,4,2050,战舰栖姬,戦艦棲姫,danbooru_api_other_names,high,copy,https://danbooru.donmai.us/wiki_pages/battleship_princess,ok
502807,shinki_(touhou),4,2048,神绮,魔界神; 神綺; 神绮,danbooru_api_other_names,high,copy,https://danbooru.donmai.us/wiki_pages/shinki_%28touhou%29,ok
1534338,kicchou_yachie,4,2042,吉吊八千慧,吉弔八千慧; 吉吊八千慧; 八千慧,danbooru_api_other_names,high,copy,https://danbooru.donmai.us/wiki_pages/kicchou_yachie,ok
1610754,yu_mei-ren_(fate),4,2041,虞美人,虞美人; 虞姬; 虞美人(Fate),danbooru_api_other_names,high,copy,https://danbooru.donmai.us/wiki_pages/yu_mei-ren_%28fate%29,ok
1472743,ibaraki_douji_(fate),4,2038,茨木童子,茨木童子; 茨木童子(Fate),danbooru_api_other_names,high,copy,https://danbooru.donmai.us/wiki_pages/ibaraki_douji_%28fate%29,ok
1227373,sessyoin_kiara,4,2032,杀生院祈荒,随喜自在第三外法快楽天; 杀生院祈荒; 杀生院; 殺生院祈荒,danbooru_api_other_names,high,copy,https://danbooru.donmai.us/wiki_pages/sessyoin_kiara,ok
16082,ryougi_shiki,4,2018,两仪式,両儀式; 兩儀式; 两仪式,danbooru_api_other_names,high,copy,https://danbooru.donmai.us/wiki_pages/ryougi_shiki,ok
1747952,miyako_(blue_archive),4,2018,月雪宫子,月雪宫子; 宫子,danbooru_api_other_names,high,copy,https://danbooru.donmai.us/wiki_pages/miyako_%28blue_archive%29,ok
1633650,yuzu_(blue_archive),4,2015,花冈柚子,柚子(碧蓝档案); 花冈柚子,danbooru_api_other_names,high,copy,https://danbooru.donmai.us/wiki_pages/yuzu_%28blue_archive%29,ok
1654886,kudamaki_tsukasa,4,2008,菅牧典,菅牧典; 管牧典,danbooru_api_other_names,high,copy,https://danbooru.donmai.us/wiki_pages/kudamaki_tsukasa,ok
1317049,seiran_(touhou),4,1992,清兰,清兰; 清蘭,danbooru_api_other_names,high,copy,https://danbooru.donmai.us/wiki_pages/seiran_%28touhou%29,ok
408655,kasane_teto,4,1988,重音Teto,零钻; 重音teto,danbooru_api_other_names,high,copy,https://danbooru.donmai.us/wiki_pages/kasane_teto,ok
1586174,momosuzu_nene,4,1977,桃铃音音,桃铃音音; 杏鈴音,danbooru_api_other_names,high,copy,https://danbooru.donmai.us/wiki_pages/momosuzu_nene,ok
1625330,hibiki_(blue_archive),4,1977,猫冢响,响(碧蓝档案); 猫冢响; 猫塚响,danbooru_api_other_names,high,copy,https://danbooru.donmai.us/wiki_pages/hibiki_%28blue_archive%29,ok
1644994,mayano_top_gun_(umamusume),4,1959,摩耶重炮,摩耶重炮; 重砲; 重炮,danbooru_api_other_names,high,copy,https://danbooru.donmai.us/wiki_pages/mayano_top_gun_%28umamusume%29,ok
1248475,jinx_(league_of_legends),4,1957,金克丝,金克丝; 吉茵珂絲,danbooru_api_other_names,high,copy,https://danbooru.donmai.us/wiki_pages/jinx_%28league_of_legends%29,ok
1605760,iori_(blue_archive),4,1948,银镜伊织,伊织(碧蓝档案); 银镜伊织,danbooru_api_other_names,high,copy,https://danbooru.donmai.us/wiki_pages/iori_%28blue_archive%29,ok
1634345,izuna_(blue_archive),4,1937,久田泉奈,久田泉奈; 泉奈,danbooru_api_other_names,high,copy,https://danbooru.donmai.us/wiki_pages/izuna_%28blue_archive%29,ok
1613891,albedo_(genshin_impact),4,1936,阿贝多,阿贝多; 白垩之子,danbooru_api_other_names,high,copy,https://danbooru.donmai.us/wiki_pages/albedo_%28genshin_impact%29,ok
1425456,seele_vollerei,4,1935,希儿·芙乐艾,希儿·芙乐艾; 希儿,danbooru_api_other_names,high,copy,https://danbooru.donmai.us/wiki_pages/seele_vollerei,ok
1596245,kaeya_(genshin_impact),4,1929,凯亚,寒风剑士; 凯亚,danbooru_api_other_names,high,copy,https://danbooru.donmai.us/wiki_pages/kaeya_%28genshin_impact%29,ok
1678981,kujou_sara,4,1927,九条裟罗,九条裟罗; 黑羽鸣镝; 九条裟羅,danbooru_api_other_names,high,copy,https://danbooru.donmai.us/wiki_pages/kujou_sara,ok
1838442,alhaitham_(genshin_impact),4,1919,艾尔海森,艾尔海森; 诲韬诤言; 知妙,danbooru_api_other_names,high,copy,https://danbooru.donmai.us/wiki_pages/alhaitham_%28genshin_impact%29,ok
713731,tedeza_rize,4,1910,天天座理世,天天座理世; 天々座理世,danbooru_api_other_names,high,copy,https://danbooru.donmai.us/wiki_pages/tedeza_rize,ok
1317200,endeavor_(boku_no_hero_academia),4,1909,安德瓦,轰炎司; 安德瓦; 轟炎司,danbooru_api_other_names,high,copy,https://danbooru.donmai.us/wiki_pages/endeavor_%28boku_no_hero_academia%29,ok
1630542,choukai_(kancolle),4,1902,鸟海,鳥海; 鸟海(舰队Collection),danbooru_api_other_names,high,copy,https://danbooru.donmai.us/wiki_pages/choukai_%28kancolle%29,ok
1522661,angelina_(arknights),4,1902,安洁莉娜,安心院安洁莉娜; 安洁莉娜; 安潔莉娜,danbooru_api_other_names,high,copy,https://danbooru.donmai.us/wiki_pages/angelina_%28arknights%29,ok
1268743,ujimatsu_chiya,4,1901,宇治松千夜,宇治松千夜生誕祭; 宇治松千夜; 千夜,danbooru_api_other_names,high,copy,https://danbooru.donmai.us/wiki_pages/ujimatsu_chiya,ok
596343,mima_(touhou),4,1883,魅魔,魅魔様; 魅魔,danbooru_api_other_names,high,copy,https://danbooru.donmai.us/wiki_pages/mima_%28touhou%29,ok
1629361,ushiwakamaru_(fate),4,1878,牛若丸,牛若丸; 牛若丸(Fate),danbooru_api_other_names,high,copy,https://danbooru.donmai.us/wiki_pages/ushiwakamaru_%28fate%29,ok
1577501,lisa_(genshin_impact),4,1872,丽莎,蔷薇魔女; 丽莎·敏兹; 丽莎,danbooru_api_other_names,high,copy,https://danbooru.donmai.us/wiki_pages/lisa_%28genshin_impact%29,ok
433649,johnny_joestar,4,1871,乔尼·乔斯达,乔纳森·乔斯达; 乔尼·乔斯达; 七乔,danbooru_api_other_names,high,copy,https://danbooru.donmai.us/wiki_pages/johnny_joestar,ok
1539717,reze_(chainsaw_man),4,1860,蕾塞,炸弹人; 蕾塞,danbooru_api_other_names,high,copy,https://danbooru.donmai.us/wiki_pages/reze_%28chainsaw_man%29,ok
301250,yae_sakura,4,1839,八重樱,八重樱; 八重桜,danbooru_api_other_names,high,copy,https://danbooru.donmai.us/wiki_pages/yae_sakura,ok
1734277,oda_nobunaga_(koha-ace),4,1832,织田信长（KOHA-ACE）,织田信长; 織田信長; 織田信長(Fate),danbooru_api_other_names,high,copy,https://danbooru.donmai.us/wiki_pages/oda_nobunaga_%28koha-ace%29,ok
1581062,shiomi_kotone,4,1829,汐见琴音,汐見琴音; 公子,danbooru_api_other_names,medium,copy,https://danbooru.donmai.us/wiki_pages/shiomi_kotone,ok
1459802,shirase_sakuya,4,1814,白濑咲耶,白瀬咲耶; 白濑咲耶,danbooru_api_other_names,high,copy,https://danbooru.donmai.us/wiki_pages/shirase_sakuya,ok
628777,yuzuriha_inori,4,1807,楪祈,楪祈; 祈妹,danbooru_api_other_names,high,copy,https://danbooru.donmai.us/wiki_pages/yuzuriha_inori,ok
1441509,andou_(girls_und_panzer),4,1803,安藤,安藤; 安押; 安藤(GuP),danbooru_api_other_names,high,copy,https://danbooru.donmai.us/wiki_pages/andou_%28girls_und_panzer%29,ok
1524993,saria_(arknights),4,1799,塞雷娅,赛雷娅; 塞雷娅; 博塞,danbooru_api_other_names,high,copy,https://danbooru.donmai.us/wiki_pages/saria_%28arknights%29,ok
1275721,kuroshio_(kancolle),4,1790,黑潮,黑潮; 黒潮,danbooru_api_other_names,high,copy,https://danbooru.donmai.us/wiki_pages/kuroshio_%28kancolle%29,ok
1735921,asashio_kai_ni_(kancolle),4,1783,朝潮改二,朝潮改二丁; 朝潮改二,danbooru_api_other_names,high,copy,https://danbooru.donmai.us/wiki_pages/asashio_kai_ni_%28kancolle%29,ok
1643688,azusa_(blue_archive),4,1781,白洲梓,梓(碧蓝档案); 白洲梓,danbooru_api_other_names,high,copy,https://danbooru.donmai.us/wiki_pages/azusa_%28blue_archive%29,ok
1626315,dusk_(arknights),4,1768,夕,明日方舟夕; 夕,danbooru_api_other_names,high,copy,https://danbooru.donmai.us/wiki_pages/dusk_%28arknights%29,ok
10146,koizumi_itsuki,4,1766,古泉一树,古泉一樹; 古泉; 古長,danbooru_api_other_names,high,copy,https://danbooru.donmai.us/wiki_pages/koizumi_itsuki,ok
1536889,kanroji_mitsuri,4,1759,甘露寺蜜璃,甘露寺蜜璃; 恋柱,danbooru_api_other_names,high,copy,https://danbooru.donmai.us/wiki_pages/kanroji_mitsuri,ok
386242,sakata_gintoki,4,1738,坂田银时,坂田银时; 坂田銀時; 銀時,danbooru_api_other_names,high,copy,https://danbooru.donmai.us/wiki_pages/sakata_gintoki,ok
1749629,chouzetsusaikawa_tenshi-chan,4,1721,超绝最可爱天使酱,超绝最可爱天使酱; 超絕最可愛天使醬; 超天酱; 超天醬,danbooru_api_other_names,high,copy,https://danbooru.donmai.us/wiki_pages/chouzetsusaikawa_tenshi-chan,ok
424944,hanamura_yousuke,4,1716,花村阳介,花村阳介; 花村陽介; 主花,danbooru_api_other_names,high,copy,https://danbooru.donmai.us/wiki_pages/hanamura_yousuke,ok
1549066,himemori_luna,4,1713,姬森璐娜,姬森璐娜; 姫川美月,danbooru_api_other_names,high,copy,https://danbooru.donmai.us/wiki_pages/himemori_luna,ok
1344593,matsuno_ichimatsu,4,1702,松野一松,松野一松; 一松,danbooru_api_other_names,high,copy,https://danbooru.donmai.us/wiki_pages/matsuno_ichimatsu,ok
1630499,arashio_(kancolle),4,1699,荒潮,荒潮改二; 荒潮,danbooru_api_other_names,high,copy,https://danbooru.donmai.us/wiki_pages/arashio_%28kancolle%29,ok
1533840,kurokoma_saki,4,1699,骊驹早鬼,驪駒早鬼; 黒駒早鬼; 早鬼,danbooru_api_other_names,high,copy,https://danbooru.donmai.us/wiki_pages/kurokoma_saki,ok
1682867,iroha_(blue_archive),4,1699,枣伊吕波,枣伊吕波; 伊吕波,danbooru_api_other_names,high,copy,https://danbooru.donmai.us/wiki_pages/iroha_%28blue_archive%29,ok
1554856,hayakawa_aki,4,1696,早川秋,枪之魔人; 早川秋,danbooru_api_other_names,high,copy,https://danbooru.donmai.us/wiki_pages/hayakawa_aki,ok
657914,tokisaki_kurumi,4,1693,时崎狂三,时崎狂三; 時崎狂三,danbooru_api_other_names,high,copy,https://danbooru.donmai.us/wiki_pages/tokisaki_kurumi,ok
1317067,ringo_(touhou),4,1693,铃瑚,铃瑚; 鈴瑚,danbooru_api_other_names,high,copy,https://danbooru.donmai.us/wiki_pages/ringo_%28touhou%29,ok
488853,kasumi_(doa),4,1692,霞,霞; 霞(DOA),danbooru_api_other_names,high,copy,https://danbooru.donmai.us/wiki_pages/kasumi_%28doa%29,ok
1298160,kotonoha_akane,4,1686,琴叶茜,琴叶姐妹; 琴叶茜; 琴葉姊妹; 琴葉姉妹; 琴葉茜,danbooru_api_other_names,high,copy,https://danbooru.donmai.us/wiki_pages/kotonoha_akane,ok
1597302,beidou_(genshin_impact),4,1676,北斗,无冕的龙王; 北斗(原神); 北斗,danbooru_api_other_names,high,copy,https://danbooru.donmai.us/wiki_pages/beidou_%28genshin_impact%29,ok
15221,hanyuu,4,1675,羽入,羽入生誕祭; 羽入,danbooru_api_other_names,high,copy,https://danbooru.donmai.us/wiki_pages/hanyuu,ok
1412756,theresa_apocalypse,4,1675,德丽莎·阿波卡利斯,德丽莎·阿波卡利斯; 德丽莎,danbooru_api_other_names,high,copy,https://danbooru.donmai.us/wiki_pages/theresa_apocalypse,ok
432714,trafalgar_law,4,1673,特拉法尔加·罗,特拉法尔加·D·瓦铁尔·罗; 特拉法尔加·罗; 死亡外科医生,danbooru_api_other_names,high,copy,https://danbooru.donmai.us/wiki_pages/trafalgar_law,ok
1410565,fujiwara_chika,4,1668,藤原千花,藤原书记; 藤原千花; 藤原書記,danbooru_api_other_names,high,copy,https://danbooru.donmai.us/wiki_pages/fujiwara_chika,ok
606667,kirino_ranmaru,4,1667,雾野兰丸,霧野蘭丸; 蘭拓蘭; 霧野; 蘭拓; 拓蘭; 蘭茜,danbooru_api_other_names,high,copy,https://danbooru.donmai.us/wiki_pages/kirino_ranmaru,ok
1654887,iizunamaru_megumu,4,1667,饭纲丸龙,饭纲丸龙; 飯綱丸龍,danbooru_api_other_names,high,copy,https://danbooru.donmai.us/wiki_pages/iizunamaru_megumu,ok
396068,watatsuki_no_yorihime,4,1661,绵月依姬,綿月依姫,danbooru_api_other_names,high,copy,https://danbooru.donmai.us/wiki_pages/watatsuki_no_yorihime,ok
1419028,komano_aunn,4,1661,高丽野阿吽,高丽野阿吽; 阿吽,danbooru_api_other_names,high,copy,https://danbooru.donmai.us/wiki_pages/komano_aunn,ok
436223,nanasaki_ai,4,1657,七咲逢,七咲逢; 七咲,danbooru_api_other_names,high,copy,https://danbooru.donmai.us/wiki_pages/nanasaki_ai,ok
1581646,noelle_(genshin_impact),4,1656,诺艾尔,诺艾尔; 未授勋之花,danbooru_api_other_names,high,copy,https://danbooru.donmai.us/wiki_pages/noelle_%28genshin_impact%29,ok
423669,saber_lily,4,1651,Saber Lily,阿尔托莉雅·潘德拉贡〔Lily〕; 阿爾托莉亞.潘德拉剛〔Lily〕,danbooru_api_other_names,high,copy,https://danbooru.donmai.us/wiki_pages/saber_lily,ok
1641844,yanfei_(genshin_impact),4,1647,烟绯,智明无邪; 烟绯; 煙緋,danbooru_api_other_names,high,copy,https://danbooru.donmai.us/wiki_pages/yanfei_%28genshin_impact%29,ok
593284,naegi_makoto,4,1638,苗木诚,苗木诚; 苗木誠,danbooru_api_other_names,high,copy,https://danbooru.donmai.us/wiki_pages/naegi_makoto,ok
1447804,oshida_(girls_und_panzer),4,1635,押田,押田; 安押; 押田(GuP),danbooru_api_other_names,high,copy,https://danbooru.donmai.us/wiki_pages/oshida_%28girls_und_panzer%29,ok
1407560,kizuna_ai,4,1634,绊爱,绊爱; 絆愛,danbooru_api_other_names,high,copy,https://danbooru.donmai.us/wiki_pages/kizuna_ai,ok
378207,matou_kariya,4,1631,间桐雁夜,当主雁夜; 間桐雁夜,danbooru_api_other_names,high,copy,https://danbooru.donmai.us/wiki_pages/matou_kariya,ok
432816,kishibe_rohan,4,1629,岸边露伴,荒木小号; 西北老汉; 岸边露伴,danbooru_api_other_names,high,copy,https://danbooru.donmai.us/wiki_pages/kishibe_rohan,ok
1631054,isuzu_(kancolle),4,1627,五十铃,五十铃; 五十鈴,danbooru_api_other_names,high,copy,https://danbooru.donmai.us/wiki_pages/isuzu_%28kancolle%29,ok
1667329,oberon_(fate),4,1619,奥伯龙,奥伯咕哒; 奥伯龙,danbooru_api_other_names,high,copy,https://danbooru.donmai.us/wiki_pages/oberon_%28fate%29,ok
1793083,silver_wolf_(honkai:_star_rail),4,1615,银狼,银狼; 銀狼,danbooru_api_other_names,high,copy,https://danbooru.donmai.us/wiki_pages/silver_wolf_%28honkai%3A_star_rail%29,ok
1810157,tighnari_(genshin_impact),4,1615,提纳里,提纳里; 浅蔚轻行,danbooru_api_other_names,high,copy,https://danbooru.donmai.us/wiki_pages/tighnari_%28genshin_impact%29,ok
1467946,haru_urara_(umamusume),4,1608,春乌拉拉,春乌拉拉; 春烏菈菈,danbooru_api_other_names,high,copy,https://danbooru.donmai.us/wiki_pages/haru_urara_%28umamusume%29,ok
1825474,ichika_(blue_archive),4,1601,仲正一花,仲正一花; 一花,danbooru_api_other_names,high,copy,https://danbooru.donmai.us/wiki_pages/ichika_%28blue_archive%29,ok
1525577,hoshiguma_(arknights),4,1578,星熊,星陈; 星熊,danbooru_api_other_names,high,copy,https://danbooru.donmai.us/wiki_pages/hoshiguma_%28arknights%29,ok
1629640,martha_(fate),4,1576,玛尔达,玛尔达; 瑪爾大,danbooru_api_other_names,high,copy,https://danbooru.donmai.us/wiki_pages/martha_%28fate%29,ok
427708,ushiromiya_ange,4,1569,右代宫缘寿,右代宫缘寿; 右代宮縁寿,danbooru_api_other_names,high,copy,https://danbooru.donmai.us/wiki_pages/ushiromiya_ange,ok
404724,kagura_(gintama),4,1567,神乐,神乐; 神楽(銀魂); 沖神兄; 神楽; 沖神,danbooru_api_other_names,high,copy,https://danbooru.donmai.us/wiki_pages/kagura_%28gintama%29,ok
592111,oshawott,4,1556,水水獭,水水獺; 水水獭,danbooru_api_other_names,high,copy,https://danbooru.donmai.us/wiki_pages/oshawott,ok
1667148,m4a1_(girls'_frontline),4,1551,M4A1,M4A1(少女前线); M4A1(少女前線),danbooru_api_other_names,high,copy,https://danbooru.donmai.us/wiki_pages/m4a1_%28girls%27_frontline%29,ok
1712705,adachi_rei,4,1546,足立蕾,零钻; 足立零,danbooru_api_other_names,medium,copy,https://danbooru.donmai.us/wiki_pages/adachi_rei,ok
374467,princess_daisy,4,1539,黛西公主,黛西公主; 菊花公主,danbooru_api_other_names,high,copy,https://danbooru.donmai.us/wiki_pages/princess_daisy,ok
1627803,yang_guifei_(fate),4,1532,杨贵妃,楊貴妃; 杨贵妃(Fate); 楊貴妃(Fate),danbooru_api_other_names,high,copy,https://danbooru.donmai.us/wiki_pages/yang_guifei_%28fate%29,ok
1644977,agnes_digital_(umamusume),4,1526,爱丽数码,爱丽数码; 愛麗數碼,danbooru_api_other_names,high,copy,https://danbooru.donmai.us/wiki_pages/agnes_digital_%28umamusume%29,ok
1627695,marie_antoinette_(fate),4,1525,玛丽·安托瓦内特,玛丽·安托瓦内特; 瑪莉.安東尼,danbooru_api_other_names,high,copy,https://danbooru.donmai.us/wiki_pages/marie_antoinette_%28fate%29,ok
1846970,rebecca_(cyberpunk),4,1525,丽贝卡,丽贝卡; 瑞贝卡,danbooru_api_other_names,high,copy,https://danbooru.donmai.us/wiki_pages/rebecca_%28cyberpunk%29,ok
1304225,mikazuki_munechika,4,1520,三日月宗近,三日月宗近(刀剣乱舞); 小狐三日; 三日月宗近,danbooru_api_other_names,high,copy,https://danbooru.donmai.us/wiki_pages/mikazuki_munechika,ok
126661,furukawa_nagisa,4,1519,古河渚,古河渚; 岡崎渚,danbooru_api_other_names,high,copy,https://danbooru.donmai.us/wiki_pages/furukawa_nagisa,ok
1307612,nishi_kinuyo,4,1518,西绢代,知波単学園; 西絹代; 隊長組; 西福,danbooru_api_other_names,high,copy,https://danbooru.donmai.us/wiki_pages/nishi_kinuyo,ok
1644970,grass_wonder_(umamusume),4,1514,草上飞,草上飞; 清楚系鎌倉武士; 草上飛,danbooru_api_other_names,high,copy,https://danbooru.donmai.us/wiki_pages/grass_wonder_%28umamusume%29,ok
54495,jean_pierre_polnareff,4,1511,简·皮耶尔·波鲁纳雷夫,简·皮耶尔·波鲁纳雷夫; 波鲁纳雷夫; 波波,danbooru_api_other_names,high,copy,https://danbooru.donmai.us/wiki_pages/jean_pierre_polnareff,ok
1533833,haniyasushin_keiki,4,1507,埴安神袿姬,埴安神袿姬; 埴安神袿姫; 袿姫,danbooru_api_other_names,high,copy,https://danbooru.donmai.us/wiki_pages/haniyasushin_keiki,ok
1677021,melusine_(fate),4,1504,妖精骑士兰斯洛特,妖精骑士兰斯洛特; 梅柳齐娜,danbooru_api_other_names,high,copy,https://danbooru.donmai.us/wiki_pages/melusine_%28fate%29,ok
1535146,schwarz_(arknights),4,1500,黑,黑(明日方舟); 黑,danbooru_api_other_names,high,copy,https://danbooru.donmai.us/wiki_pages/schwarz_%28arknights%29,ok
12208,shihouin_yoruichi,4,1493,四枫院夜一,四枫院夜一; 四楓院夜一,danbooru_api_other_names,high,copy,https://danbooru.donmai.us/wiki_pages/shihouin_yoruichi,ok
1644973,narita_brian_(umamusume),4,1492,成田白仁,成田白仁; 成田拜仁,danbooru_api_other_names,high,copy,https://danbooru.donmai.us/wiki_pages/narita_brian_%28umamusume%29,ok
1303947,kashuu_kiyomitsu,4,1489,加州清光,加州清光(刀剣乱舞); 加州清光; 沖田組; 清安; 安清,danbooru_api_other_names,high,copy,https://danbooru.donmai.us/wiki_pages/kashuu_kiyomitsu,ok
1298161,kotonoha_aoi,4,1475,琴叶葵,琴叶姐妹; 琴叶葵; 琴葉姉妹; 琴葉葵,danbooru_api_other_names,high,copy,https://danbooru.donmai.us/wiki_pages/kotonoha_aoi,ok
1374966,kamado_tanjirou,4,1468,灶门炭治郎,灶门炭治郎; 竈門炭治郎,danbooru_api_other_names,high,copy,https://danbooru.donmai.us/wiki_pages/kamado_tanjirou,ok
2008086,osakabehime_(fate),4,1464,刑部姬,刑部姬; 刑部姫; 刑部姫(Fate),danbooru_api_other_names,high,copy,https://danbooru.donmai.us/wiki_pages/osakabehime_%28fate%29,ok
12207,inoue_orihime,4,1461,井上织姬,黑崎织姬; 井上织姬; 井上織姫; 黒崎織姫,danbooru_api_other_names,high,copy,https://danbooru.donmai.us/wiki_pages/inoue_orihime,ok
1243753,tsukumo_benben,4,1452,九十九弁弁,九十九弁弁; 九十九弁々,danbooru_api_other_names,high,copy,https://danbooru.donmai.us/wiki_pages/tsukumo_benben,ok
1462508,tokino_sora,4,1449,时乃空,时乃空; 四月一日一花; 美空時乃,danbooru_api_other_names,high,copy,https://danbooru.donmai.us/wiki_pages/tokino_sora,ok
1589993,chongyun_(genshin_impact),4,1442,重云,雪融有踪; 重云(原神); 重云; 重雲,danbooru_api_other_names,high,copy,https://danbooru.donmai.us/wiki_pages/chongyun_%28genshin_impact%29,ok
7449,daidouji_tomoyo,4,1438,大道寺知世,大道寺知世; 知世,danbooru_api_other_names,high,copy,https://danbooru.donmai.us/wiki_pages/daidouji_tomoyo,ok
1768187,saki_(blue_archive),4,1434,空井咲,咲(碧蓝档案); 空井咲,danbooru_api_other_names,high,copy,https://danbooru.donmai.us/wiki_pages/saki_%28blue_archive%29,ok
1438046,android_21,4,1433,人造人21号,人造人間21号; 21号,danbooru_api_other_names,high,copy,https://danbooru.donmai.us/wiki_pages/android_21,ok
717606,yukinoshita_yukino,4,1428,雪之下雪乃,雪之下雪乃; 八雪,danbooru_api_other_names,high,copy,https://danbooru.donmai.us/wiki_pages/yukinoshita_yukino,ok
1827083,yoru_(chainsaw_man),4,1426,夜,战争恶魔; 夜(电锯人),danbooru_api_other_names,high,copy,https://danbooru.donmai.us/wiki_pages/yoru_%28chainsaw_man%29,ok
428824,bruno_bucciarati,4,1419,布鲁诺·布加拉提,布鲁诺·布加拉提; 布特里; 布姐,danbooru_api_other_names,high,copy,https://danbooru.donmai.us/wiki_pages/bruno_bucciarati,ok
1589994,xingqiu_(genshin_impact),4,1410,行秋,少年春衫薄; 行秋(原神); 行秋,danbooru_api_other_names,high,copy,https://danbooru.donmai.us/wiki_pages/xingqiu_%28genshin_impact%29,ok
101524,bowser,4,1407,酷霸王,库巴; 酷霸王; 亀嫁,danbooru_api_other_names,high,copy,https://danbooru.donmai.us/wiki_pages/bowser,ok
1522439,niwatari_kutaka,4,1404,庭渡久侘歌,庭渡久侘歌; 久侘歌,danbooru_api_other_names,high,copy,https://danbooru.donmai.us/wiki_pages/niwatari_kutaka,ok
1304908,yamato-no-kami_yasusada,4,1396,大和守安定,大和守安定; 沖田組; 清安; 安清,danbooru_api_other_names,high,copy,https://danbooru.donmai.us/wiki_pages/yamato-no-kami_yasusada,ok
1525546,kugisaki_nobara,4,1396,钉崎野蔷薇,釘崎野薔薇; 钉崎野蔷薇,danbooru_api_other_names,high,copy,https://danbooru.donmai.us/wiki_pages/kugisaki_nobara,ok
1432308,nishida_satono,4,1385,尔子田里乃,尔子田里乃; 爾子田里乃; 里乃,danbooru_api_other_names,high,copy,https://danbooru.donmai.us/wiki_pages/nishida_satono,ok
816414,joseph_joestar_(old),4,1384,乔瑟夫·乔斯达（老年）,乔瑟夫·乔斯达(老年); 二乔(老年); 老东西,danbooru_api_other_names,high,copy,https://danbooru.donmai.us/wiki_pages/joseph_joestar_%28old%29,ok
1753908,goldenglow_(arknights),4,1381,澄闪,澄闪; 澄閃,danbooru_api_other_names,high,copy,https://danbooru.donmai.us/wiki_pages/goldenglow_%28arknights%29,ok
16268,son_gohan,4,1373,孙悟饭,孙悟饭; 青年悟飯; 悟饭; 孫悟飯; 悟飯,danbooru_api_other_names,high,copy,https://danbooru.donmai.us/wiki_pages/son_gohan,ok
1713162,cyno_(genshin_impact),4,1368,赛诺,赛诺; 缄秘的裁遣,danbooru_api_other_names,high,copy,https://danbooru.donmai.us/wiki_pages/cyno_%28genshin_impact%29,ok
1407454,atalanta_(fate),4,1366,阿塔兰忒,阿塔兰忒; 阿塔蘭塔,danbooru_api_other_names,high,copy,https://danbooru.donmai.us/wiki_pages/atalanta_%28fate%29,ok
1841705,kaveh_(genshin_impact),4,1362,卡维,天穹之镜; 卡维; 知妙,danbooru_api_other_names,high,copy,https://danbooru.donmai.us/wiki_pages/kaveh_%28genshin_impact%29,ok
1307567,cagliostro_(granblue_fantasy),4,1348,卡莉奥丝特罗,卡莉奥斯特萝; 老男人,danbooru_api_other_names,high,copy,https://danbooru.donmai.us/wiki_pages/cagliostro_%28granblue_fantasy%29,ok
1498626,rita_rossweisse,4,1346,丽塔·洛丝薇瑟,丽塔·洛丝薇瑟; 丽塔,danbooru_api_other_names,high,copy,https://danbooru.donmai.us/wiki_pages/rita_rossweisse,ok
1432310,teireida_mai,4,1343,丁礼田舞,丁礼田舞; 舞,danbooru_api_other_names,high,copy,https://danbooru.donmai.us/wiki_pages/teireida_mai,ok
709319,yuigahama_yui,4,1340,由比滨结衣,由比滨结衣; 八結,danbooru_api_other_names,high,copy,https://danbooru.donmai.us/wiki_pages/yuigahama_yui,ok
1584984,serika_(blue_archive),4,1339,黑见芹香,黑见芹香; 芹香,danbooru_api_other_names,high,copy,https://danbooru.donmai.us/wiki_pages/serika_%28blue_archive%29,ok
1993491,shiroko_terror_(blue_archive),4,1336,白子 Terror,黑子(碧蓝档案); 砂狼黑子; 砂狼白子(恐怖),danbooru_api_other_names,medium,copy,https://danbooru.donmai.us/wiki_pages/shiroko_terror_%28blue_archive%29,ok
1567159,shinonome_ena,4,1330,东云绘名,东云绘名; 東雲絵名; 東雲繪名; 東雲姉弟; 彰絵名,danbooru_api_other_names,high,copy,https://danbooru.donmai.us/wiki_pages/shinonome_ena,ok
1511279,murasaki_shikibu_(fate),4,1329,紫式部,紫式部; 紫式部(Fate),danbooru_api_other_names,high,copy,https://danbooru.donmai.us/wiki_pages/murasaki_shikibu_%28fate%29,ok
1304230,tsurumaru_kuninaga,4,1327,鹤丸国永,鶴丸国永(刀剣乱舞); 鶴丸国永; 鹤丸国永,danbooru_api_other_names,high,copy,https://danbooru.donmai.us/wiki_pages/tsurumaru_kuninaga,ok
1690906,kamisato_ayato,4,1327,神里绫人,神里绫人; 磐祭叶守; 神里綾人; 綾人,danbooru_api_other_names,high,copy,https://danbooru.donmai.us/wiki_pages/kamisato_ayato,ok
1534340,joutouguu_mayumi,4,1326,杖刀偶磨弓,杖刀偶磨弓; 仗刀偶磨弓; 磨弓,danbooru_api_other_names,high,copy,https://danbooru.donmai.us/wiki_pages/joutouguu_mayumi,ok
421660,tsunade_(naruto),4,1323,纲手,千手纲手; 千手綱手; 纲手; 五代目火影; 綱手; 綱手(NARUTO),danbooru_api_other_names,high,copy,https://danbooru.donmai.us/wiki_pages/tsunade_%28naruto%29,ok
1567162,tenma_tsukasa,4,1323,天马司,天马司; 天馬兄妹; 天馬司; 司寧々; 類司; 彰司; 司類,danbooru_api_other_names,high,copy,https://danbooru.donmai.us/wiki_pages/tenma_tsukasa,ok
1779349,kanna_(blue_archive),4,1316,尾刃环奈,尾刃叶渚; 尾刃康娜,danbooru_api_other_names,high,copy,https://danbooru.donmai.us/wiki_pages/kanna_%28blue_archive%29,ok
1649113,gilles_de_rais_(caster)_(fate),4,1313,吉尔·德·雷（Caster）,吉尔·德·雷; 吉爾.德.萊斯,danbooru_api_other_names,high,copy,https://danbooru.donmai.us/wiki_pages/gilles_de_rais_%28caster%29_%28fate%29,ok
1392841,altera_(fate),4,1310,阿提拉,阿提拉; 阿蒂拉,danbooru_api_other_names,high,copy,https://danbooru.donmai.us/wiki_pages/altera_%28fate%29,ok
1368823,niijima_makoto,4,1309,新岛真,新岛真; 新島真,danbooru_api_other_names,high,copy,https://danbooru.donmai.us/wiki_pages/niijima_makoto,ok
9090,mizunashi_akari,4,1307,水无灯里,水无灯里; 水無灯里,danbooru_api_other_names,high,copy,https://danbooru.donmai.us/wiki_pages/mizunashi_akari,ok
1528128,himeno_(chainsaw_man),4,1298,姬野,姬野; 姫野,danbooru_api_other_names,high,copy,https://danbooru.donmai.us/wiki_pages/himeno_%28chainsaw_man%29,ok
1589614,pochita_(chainsaw_man),4,1295,波奇塔,电锯恶魔; 波奇塔,danbooru_api_other_names,high,copy,https://danbooru.donmai.us/wiki_pages/pochita_%28chainsaw_man%29,ok
672515,abe_nana,4,1288,安部菜菜,安部菜々; 阿部菜々,danbooru_api_other_names,high,copy,https://danbooru.donmai.us/wiki_pages/abe_nana,ok
681655,oikawa_shizuku,4,1286,及川雫,及川雫,danbooru_api_other_names,high,copy,https://danbooru.donmai.us/wiki_pages/oikawa_shizuku,ok
1705709,irene_(arknights),4,1284,艾丽妮,艾丽妮; 艾麗妮,danbooru_api_other_names,high,copy,https://danbooru.donmai.us/wiki_pages/irene_%28arknights%29,ok
1814441,arlecchino_(genshin_impact),4,1254,阿蕾奇诺,佩露薇利·雪奈茨芙娜; 阿蕾奇诺; 孤暝厄月; 仆人(原神); 召使(原神); 僕人; 召使,danbooru_api_other_names,high,copy,https://danbooru.donmai.us/wiki_pages/arlecchino_%28genshin_impact%29,ok
1594449,kashino_(azur_lane),4,1252,樫野,樫野; 㭴,danbooru_api_other_names,high,copy,https://danbooru.donmai.us/wiki_pages/kashino_%28azur_lane%29,ok
618147,honma_meiko,4,1250,本间芽衣子,本间芽衣子; 本間芽衣子,danbooru_api_other_names,high,copy,https://danbooru.donmai.us/wiki_pages/honma_meiko,ok
1305388,namazuo_toushirou,4,1245,鲶尾藤四郎,鯰尾藤四郎; 鯰骨,danbooru_api_other_names,high,copy,https://danbooru.donmai.us/wiki_pages/namazuo_toushirou,ok
1682879,seia_(blue_archive),4,1245,百合园圣娅,百合园圣亚; 百合园圣娅; 圣娅,danbooru_api_other_names,high,copy,https://danbooru.donmai.us/wiki_pages/seia_%28blue_archive%29,ok
1645008,smart_falcon_(umamusume),4,1235,醒目飞鹰,醒目飞鹰; 醒目飛鷹,danbooru_api_other_names,high,copy,https://danbooru.donmai.us/wiki_pages/smart_falcon_%28umamusume%29,ok
1810886,dehya_(genshin_impact),4,1234,迪希雅,炽鬃之狮; 迪希雅,danbooru_api_other_names,high,copy,https://danbooru.donmai.us/wiki_pages/dehya_%28genshin_impact%29,ok
1567160,akiyama_mizuki,4,1227,晓山瑞希,晓山瑞希; 屋上組; 暁山瑞希; 類瑞; 彰瑞; 瑞彰,danbooru_api_other_names,high,copy,https://danbooru.donmai.us/wiki_pages/akiyama_mizuki,ok
445831,green_(pokemon),4,1219,小蓝,小蓝; 初代没♀主,danbooru_api_other_names,medium,copy,https://danbooru.donmai.us/wiki_pages/green_%28pokemon%29,ok
1603873,mountain_(arknights),4,1218,山,明日方舟山; 山,danbooru_api_other_names,high,copy,https://danbooru.donmai.us/wiki_pages/mountain_%28arknights%29,ok
1305386,honebami_toushirou,4,1216,骨喰藤四郎,骨喰藤四郎; 鯰骨,danbooru_api_other_names,high,copy,https://danbooru.donmai.us/wiki_pages/honebami_toushirou,ok
1594283,shinano_(azur_lane),4,1214,信浓,信浓; 信濃; 鵗,danbooru_api_other_names,high,copy,https://danbooru.donmai.us/wiki_pages/shinano_%28azur_lane%29,ok
1622926,akane_(blue_archive),4,1214,室笠朱音,室笠朱音; 室笠茜,danbooru_api_other_names,high,copy,https://danbooru.donmai.us/wiki_pages/akane_%28blue_archive%29,ok
1644995,meisho_doto_(umamusume),4,1214,名将怒涛,名将怒涛; 名將戶仁,danbooru_api_other_names,high,copy,https://danbooru.donmai.us/wiki_pages/meisho_doto_%28umamusume%29,ok
8760,kusanagi_motoko,4,1208,草薙素子,草薙素子; 少佐,danbooru_api_other_names,high,copy,https://danbooru.donmai.us/wiki_pages/kusanagi_motoko,ok
1617664,rosaria_(genshin_impact),4,1204,罗莎莉亚,罗莎莉亚; 棘冠恩典,danbooru_api_other_names,high,copy,https://danbooru.donmai.us/wiki_pages/rosaria_%28genshin_impact%29,ok
1561721,ichikawa_hinana,4,1203,市川雏菜,市川雛菜; 市川雏菜,danbooru_api_other_names,high,copy,https://danbooru.donmai.us/wiki_pages/ichikawa_hinana,ok
1515913,reines_el-melloi_archisorte,4,1198,莱妮丝·埃尔梅罗·阿奇佐尔缇,莱妮丝; 司馬懿(Fate),danbooru_api_other_names,high,copy,https://danbooru.donmai.us/wiki_pages/reines_el-melloi_archisorte,ok
1572402,xiangling_(genshin_impact),4,1197,香菱,万民百味; 香菱(原神); 香菱,danbooru_api_other_names,high,copy,https://danbooru.donmai.us/wiki_pages/xiangling_%28genshin_impact%29,ok
1538944,sussurro_(arknights),4,1195,苏苏洛,苏苏洛; 蘇蘇洛,danbooru_api_other_names,high,copy,https://danbooru.donmai.us/wiki_pages/sussurro_%28arknights%29,ok
1630538,chitose_(kancolle),4,1192,千岁,千歳; 乳歳,danbooru_api_other_names,high,copy,https://danbooru.donmai.us/wiki_pages/chitose_%28kancolle%29,ok
425769,leafeon,4,1190,叶伊布,叶精灵; 叶伊布; 葉伊布; 葉精靈; 葉伊貝,danbooru_api_other_names,high,copy,https://danbooru.donmai.us/wiki_pages/leafeon,ok
1239071,tsukuyomi_shirabe,4,1188,月读调,並行世界調; 月読調; 月読調(Another),danbooru_api_other_names,high,copy,https://danbooru.donmai.us/wiki_pages/tsukuyomi_shirabe,ok
1334050,frisk_(undertale),4,1185,Frisk,x人类组; x猹福,danbooru_api_other_names,high,copy,https://danbooru.donmai.us/wiki_pages/frisk_%28undertale%29,ok
1487055,sasaki_saku,4,1184,笹木咲,笹木咲,danbooru_api_other_names,high,copy,https://danbooru.donmai.us/wiki_pages/sasaki_saku,ok
1600783,ryoumen_sukuna_(jujutsu_kaisen),4,1180,两面宿傩,両面宿儺; 两面宿傩; 宿儺; 宿傩,danbooru_api_other_names,high,copy,https://danbooru.donmai.us/wiki_pages/ryoumen_sukuna_%28jujutsu_kaisen%29,ok
420502,guido_mista,4,1178,盖多·米斯达,盖多·米斯达; 米4达,danbooru_api_other_names,high,copy,https://danbooru.donmai.us/wiki_pages/guido_mista,ok
745262,celestia_ludenberg,4,1174,塞蕾丝缇雅·罗登贝克,安広多恵子; 塞蕾丝缇雅,danbooru_api_other_names,high,copy,https://danbooru.donmai.us/wiki_pages/celestia_ludenberg,ok
1625351,eimi_(blue_archive),4,1173,和泉元英美,艾米(碧蓝档案); 和泉元艾米,danbooru_api_other_names,high,copy,https://danbooru.donmai.us/wiki_pages/eimi_%28blue_archive%29,ok
1305416,saniwa_(touken_ranbu),4,1167,审神者,審神者(刀剣乱舞); 審神者; 主×刀; 刀×主,danbooru_api_other_names,high,copy,https://danbooru.donmai.us/wiki_pages/saniwa_%28touken_ranbu%29,ok
396070,watatsuki_no_toyohime,4,1162,绵月丰姬,绵月丰姬; 綿月豊姫,danbooru_api_other_names,high,copy,https://danbooru.donmai.us/wiki_pages/watatsuki_no_toyohime,ok
1644984,fine_motion_(umamusume),4,1162,美妙姿势,美妙姿势; 美妙姿勢,danbooru_api_other_names,high,copy,https://danbooru.donmai.us/wiki_pages/fine_motion_%28umamusume%29,ok
1607439,arjuna_(fate),4,1161,阿周那,阿周那; 阿周那(Fate),danbooru_api_other_names,high,copy,https://danbooru.donmai.us/wiki_pages/arjuna_%28fate%29,ok
1548047,vikala_(granblue_fantasy),4,1160,碧卡拉,碧卡拉; 毗伽菈,danbooru_api_other_names,high,copy,https://danbooru.donmai.us/wiki_pages/vikala_%28granblue_fantasy%29,ok
1714815,himari_(blue_archive),4,1157,明星日鞠,明星日鞠; 日鞠,danbooru_api_other_names,high,copy,https://danbooru.donmai.us/wiki_pages/himari_%28blue_archive%29,ok
1440247,yamashiro_(azur_lane),4,1155,山城,山城; 鲼,danbooru_api_other_names,high,copy,https://danbooru.donmai.us/wiki_pages/yamashiro_%28azur_lane%29,ok
1452674,frankenstein's_monster_(fate),4,1154,弗兰肯斯坦,弗兰肯斯坦的怪物; 弗兰; 肯娘,danbooru_api_other_names,high,copy,https://danbooru.donmai.us/wiki_pages/frankenstein%27s_monster_%28fate%29,ok
1962844,neuvillette_(genshin_impact),4,1154,那维莱特,那维莱特; 谕告的潮音,danbooru_api_other_names,high,copy,https://danbooru.donmai.us/wiki_pages/neuvillette_%28genshin_impact%29,ok
12212,kurosaki_ichigo,4,1153,黑崎一护,黑崎一护; 黒崎一護,danbooru_api_other_names,high,copy,https://danbooru.donmai.us/wiki_pages/kurosaki_ichigo,ok
1760945,kuki_shinobu,4,1149,久岐忍,烦恼刈除; 久岐忍(原神); 久岐忍,danbooru_api_other_names,high,copy,https://danbooru.donmai.us/wiki_pages/kuki_shinobu,ok
688842,leon_s._kennedy,4,1147,里昂·S·肯尼迪,里昂·斯科特·肯尼迪; 里昂·S·肯尼迪,danbooru_api_other_names,high,copy,https://danbooru.donmai.us/wiki_pages/leon_s._kennedy,ok
661692,dante_(devil_may_cry),4,1137,但丁,托尼·雷德格雷夫; 但丁(鬼泣); 但丁,danbooru_api_other_names,high,copy,https://danbooru.donmai.us/wiki_pages/dante_%28devil_may_cry%29,ok
1932167,caelus_(honkai:_star_rail),4,1131,穹,穹(崩坏:星穹铁道); 开拓者(男); 穹,danbooru_api_other_names,high,copy,https://danbooru.donmai.us/wiki_pages/caelus_%28honkai%3A_star_rail%29,ok
1629366,xuangzang_sanzang_(fate),4,1130,玄奘三藏,玄奘三蔵; 玄奘三蔵(Fate),danbooru_api_other_names,high,copy,https://danbooru.donmai.us/wiki_pages/xuangzang_sanzang_%28fate%29,ok
1645009,super_creek_(umamusume),4,1128,超级小海湾,超級小海灣; 超級溪流,danbooru_api_other_names,high,copy,https://danbooru.donmai.us/wiki_pages/super_creek_%28umamusume%29,ok
1589903,yin_(darker_than_black),4,1122,银,银; 銀; 銀(DTB),danbooru_api_other_names,high,copy,https://danbooru.donmai.us/wiki_pages/yin_%28darker_than_black%29,ok
1598866,sucrose_(genshin_impact),4,1121,砂糖,无害甜度; 砂糖,danbooru_api_other_names,high,copy,https://danbooru.donmai.us/wiki_pages/sucrose_%28genshin_impact%29,ok
12213,matsumoto_rangiku,4,1118,松本乱菊,松本乱菊; 乱菊,danbooru_api_other_names,high,copy,https://danbooru.donmai.us/wiki_pages/matsumoto_rangiku,ok
1846972,lucy_(cyberpunk),4,1113,露西,露西(赛博朋克); 露西娜·栉名田,danbooru_api_other_names,high,copy,https://danbooru.donmai.us/wiki_pages/lucy_%28cyberpunk%29,ok
1606545,diona_(genshin_impact),4,1111,迪奥娜,猫尾特调; 迪奥娜·凯茨莱茵; 迪奥娜,danbooru_api_other_names,high,copy,https://danbooru.donmai.us/wiki_pages/diona_%28genshin_impact%29,ok
601489,maizono_sayaka,4,1108,舞园沙耶香,舞园沙耶香; 舞园,danbooru_api_other_names,high,copy,https://danbooru.donmai.us/wiki_pages/maizono_sayaka,ok
1304228,izumi-no-kami_kanesada,4,1105,和泉守兼定,和泉守兼定; 兼堀,danbooru_api_other_names,high,copy,https://danbooru.donmai.us/wiki_pages/izumi-no-kami_kanesada,ok
1720788,lynette_(genshin_impact),4,1104,琳妮特,琳妮特·雪奈茨芙娜; 原神琳妮特; 丽影绮行; 琳妮特,danbooru_api_other_names,high,copy,https://danbooru.donmai.us/wiki_pages/lynette_%28genshin_impact%29,ok
1926018,luo_xiaohei,4,1102,罗小黑,罗小黑; 羅小黑; 小黑; 羅小黒; 小黒,danbooru_api_other_names,high,copy,https://danbooru.donmai.us/wiki_pages/luo_xiaohei,ok
1500657,hayasaka_ai,4,1098,早坂爱,早坂爱; 早坂愛,danbooru_api_other_names,high,copy,https://danbooru.donmai.us/wiki_pages/hayasaka_ai,ok
435392,boa_hancock,4,1093,波雅·汉库克,波雅·汉库克; 女帝(海贼王),danbooru_api_other_names,high,copy,https://danbooru.donmai.us/wiki_pages/boa_hancock,ok
597292,fujisaki_chihiro,4,1093,不二咲千寻,不二咲千尋,danbooru_api_other_names,high,copy,https://danbooru.donmai.us/wiki_pages/fujisaki_chihiro,ok
423518,berserker_(fate/zero),4,1090,狂战士,兰斯洛特; 蘭斯洛特,danbooru_api_other_names,high,copy,https://danbooru.donmai.us/wiki_pages/berserker_%28fate%2Fzero%29,ok
1447393,alina_gray,4,1089,阿莉娜·格雷,阿莉娜格雷; 阿莉娜·格雷,danbooru_api_other_names,high,copy,https://danbooru.donmai.us/wiki_pages/alina_gray,ok
1177793,katou_megumi,4,1079,加藤惠,加藤恵; 加藤惠,danbooru_api_other_names,high,copy,https://danbooru.donmai.us/wiki_pages/katou_megumi,ok
1316824,spider-gwen,4,1073,蜘蛛格温,蜘蛛格温; 蜘蛛女侠,danbooru_api_other_names,high,copy,https://danbooru.donmai.us/wiki_pages/spider-gwen,ok
1243761,tsukumo_yatsuhashi,4,1064,九十九八桥,九十九八桥; 九十九八橋,danbooru_api_other_names,high,copy,https://danbooru.donmai.us/wiki_pages/tsukumo_yatsuhashi,ok
1412049,mitake_ran,4,1062,美竹兰,美竹兰; 美竹蘭,danbooru_api_other_names,high,copy,https://danbooru.donmai.us/wiki_pages/mitake_ran,ok
1525261,platinum_(arknights),4,1062,白金,白金(明日方舟); 白金,danbooru_api_other_names,high,copy,https://danbooru.donmai.us/wiki_pages/platinum_%28arknights%29,ok
1155353,kars_(jojo),4,1060,卡兹,究极生物; JO级生物; 卡兹,danbooru_api_other_names,high,copy,https://danbooru.donmai.us/wiki_pages/kars_%28jojo%29,ok
1403111,sucy_manbavaran,4,1060,苏西·曼芭芭兰,苏西·曼芭芭拉; 苏西,danbooru_api_other_names,high,copy,https://danbooru.donmai.us/wiki_pages/sucy_manbavaran,ok
1455448,nagato_(azur_lane),4,1059,长门,長門; 鲨,danbooru_api_other_names,high,copy,https://danbooru.donmai.us/wiki_pages/nagato_%28azur_lane%29,ok
1423942,eris_greyrat,4,1048,艾莉丝·伯雷亚斯·格雷拉特,艾莉丝(无职转生); 艾莉丝·格雷拉特,danbooru_api_other_names,high,copy,https://danbooru.donmai.us/wiki_pages/eris_greyrat,ok
1344209,roxy_migurdia,4,1045,洛琪希·米格路迪亚,洛克希; 洛琪希,danbooru_api_other_names,high,copy,https://danbooru.donmai.us/wiki_pages/roxy_migurdia,ok
1722586,abigail_williams_(traveling_outfit)_(fate),4,1045,阿比盖尔·威廉姆斯（旅装）,英霊旅装; 英霊紀行,danbooru_api_other_names,high,copy,https://danbooru.donmai.us/wiki_pages/abigail_williams_%28traveling_outfit%29_%28fate%29,ok
1631530,collei_(genshin_impact),4,1039,柯莱,柯莱; 萃念初蘖,danbooru_api_other_names,high,copy,https://danbooru.donmai.us/wiki_pages/collei_%28genshin_impact%29,ok
1646030,daitaku_helios_(umamusume),4,1036,大拓太阳神,大拓太陽神; 大德太陽,danbooru_api_other_names,high,copy,https://danbooru.donmai.us/wiki_pages/daitaku_helios_%28umamusume%29,ok
1314604,sakurajima_mai,4,1034,樱岛麻衣,樱岛麻衣; 桜島麻衣; 櫻島麻衣,danbooru_api_other_names,high,copy,https://danbooru.donmai.us/wiki_pages/sakurajima_mai,ok
1304904,horikawa_kunihiro,4,1025,堀川国广,堀川国广; 堀川国広; 兼堀,danbooru_api_other_names,high,copy,https://danbooru.donmai.us/wiki_pages/horikawa_kunihiro,ok
1524346,pramanix_(arknights),4,1018,初雪,明日方舟初雪; 初雪,danbooru_api_other_names,high,copy,https://danbooru.donmai.us/wiki_pages/pramanix_%28arknights%29,ok
1506004,amagi_(azur_lane),4,1015,天城,天城; 鳐,danbooru_api_other_names,high,copy,https://danbooru.donmai.us/wiki_pages/amagi_%28azur_lane%29,ok
713607,sawa_azusa,4,1009,泽梓,主将&次期主将; 澤梓; 澤梓(GuP),danbooru_api_other_names,high,copy,https://danbooru.donmai.us/wiki_pages/sawa_azusa,ok
1340376,murata_himeko,4,1008,无量塔姬子,无量塔姬子; 血色玫瑰; 無量塔; 姬子; 無量塔姫子; 姫子,danbooru_api_other_names,high,copy,https://danbooru.donmai.us/wiki_pages/murata_himeko,ok
1660762,new_jersey_(azur_lane),4,1007,新泽西,花园; 新泽西,danbooru_api_other_names,high,copy,https://danbooru.donmai.us/wiki_pages/new_jersey_%28azur_lane%29,ok
376441,arle_nadja,4,1006,阿露露·娜佳,亚鲁鲁·娜嘉; 亞魯魯,danbooru_api_other_names,high,copy,https://danbooru.donmai.us/wiki_pages/arle_nadja,ok
1489740,aki_rosenthal,4,1006,亚绮·罗森塔尔,亚绮·罗森塔尔; 茨咲希,danbooru_api_other_names,high,copy,https://danbooru.donmai.us/wiki_pages/aki_rosenthal,ok
472784,japan_(hetalia),4,1005,日本,本田菊; 本田桜,danbooru_api_other_names,high,copy,https://danbooru.donmai.us/wiki_pages/japan_%28hetalia%29,ok
1701951,arataki_itto,4,1005,荒泷一斗,荒泷天下第一斗; 荒泷一斗; 花坂豪快; 荒瀧一斗,danbooru_api_other_names,high,copy,https://danbooru.donmai.us/wiki_pages/arataki_itto,ok
1600590,haruka_(blue_archive),4,1004,伊草遥香,伊草遥香; 遥香,danbooru_api_other_names,high,copy,https://danbooru.donmai.us/wiki_pages/haruka_%28blue_archive%29,ok
1479271,rengoku_kyoujurou,4,994,炼狱杏寿郎,炼狱杏寿郎; 煉獄杏寿郎; 炎柱,danbooru_api_other_names,high,copy,https://danbooru.donmai.us/wiki_pages/rengoku_kyoujurou,ok
439615,misaka_imouto,4,993,御坂妹妹,御坂妹妹; 御坂妹,danbooru_api_other_names,high,copy,https://danbooru.donmai.us/wiki_pages/misaka_imouto,ok
12095,aozaki_aoko,4,992,苍崎青子,蒼崎青子; 苍崎青子,danbooru_api_other_names,high,copy,https://danbooru.donmai.us/wiki_pages/aozaki_aoko,ok
1567150,kusanagi_nene,4,989,草薙宁宁,草薙寧寧; 草薙宁宁; 草薙寧々; 類寧々; 司寧々; 彰寧々; 寧々彰; 杏寧々,danbooru_api_other_names,high,copy,https://danbooru.donmai.us/wiki_pages/kusanagi_nene,ok
1567152,kamishiro_rui,4,986,神代类,神代类; 屋上組; 神代類; 類寧々; 類司; 類彰; 類冬; 類瑞; 司類,danbooru_api_other_names,high,copy,https://danbooru.donmai.us/wiki_pages/kamishiro_rui,ok
533538,hisui_(tsukihime),4,985,翡翠,翡翠; 翡翠(月姫),danbooru_api_other_names,high,copy,https://danbooru.donmai.us/wiki_pages/hisui_%28tsukihime%29,ok
2026769,employee_(project_moon),4,985,职员,脑叶公司oc; 自職員,danbooru_api_other_names,medium,copy,https://danbooru.donmai.us/wiki_pages/employee_%28project_moon%29,ok
665521,ogata_chieri,4,968,绪方智绘里,緒方智絵里; 緒方智恵理,danbooru_api_other_names,high,copy,https://danbooru.donmai.us/wiki_pages/ogata_chieri,ok
662826,himejima_akeno,4,966,姬岛朱乃,姬岛朱乃; 姫島朱乃,danbooru_api_other_names,high,copy,https://danbooru.donmai.us/wiki_pages/himejima_akeno,ok
428825,narancia_ghirga,4,958,纳兰迦·吉尔伽,纳兰迦·吉尔卡; 小飞机,danbooru_api_other_names,high,copy,https://danbooru.donmai.us/wiki_pages/narancia_ghirga,ok
1665128,gorou_(genshin_impact),4,957,五郎,戎犬锵锵; 五郎,danbooru_api_other_names,high,copy,https://danbooru.donmai.us/wiki_pages/gorou_%28genshin_impact%29,ok
1373495,airfield_princess,4,955,飞行场姬,飛行場姫,danbooru_api_other_names,high,copy,https://danbooru.donmai.us/wiki_pages/airfield_princess,ok
1704666,natsu_(blue_archive),4,954,柚鸟夏,夏(碧蓝档案); 柚鸟夏,danbooru_api_other_names,high,copy,https://danbooru.donmai.us/wiki_pages/natsu_%28blue_archive%29,ok
508153,okabe_rintarou,4,952,冈部伦太郎,岡部倫太郎; 冈部伦太郎; 鳳凰院凶真; 凤凰院凶真,danbooru_api_other_names,high,copy,https://danbooru.donmai.us/wiki_pages/okabe_rintarou,ok
1461094,shizuka_rin,4,951,静凛,静凛; 凛Art,danbooru_api_other_names,high,copy,https://danbooru.donmai.us/wiki_pages/shizuka_rin,ok
1476820,yozora_mel,4,951,夜空梅露,如月星夜; 夜空梅露,danbooru_api_other_names,high,copy,https://danbooru.donmai.us/wiki_pages/yozora_mel,ok
1672682,type_95_(girls'_frontline),4,946,95式,QBZ-95(少女前線); 95式自動歩槍; 95式,danbooru_api_other_names,high,copy,https://danbooru.donmai.us/wiki_pages/type_95_%28girls%27_frontline%29,ok
1676518,thoma_(genshin_impact),4,943,托马,渡来介者; 托马,danbooru_api_other_names,high,copy,https://danbooru.donmai.us/wiki_pages/thoma_%28genshin_impact%29,ok
416104,eva_02,4,941,新世纪福音战士2号机,弐号機; 2号機; EVA弐号機; EVA2号機,danbooru_api_other_names,high,copy,https://danbooru.donmai.us/wiki_pages/eva_02,ok
425936,doujima_nanako,4,940,堂岛菜菜子,堂岛菜菜子; 堂島菜々子,danbooru_api_other_names,high,copy,https://danbooru.donmai.us/wiki_pages/doujima_nanako,ok
1672711,suomi_(girls'_frontline),4,938,索米,索米(少女前線); KP31(少女前線); 索米; 索米KP/-31,danbooru_api_other_names,high,copy,https://danbooru.donmai.us/wiki_pages/suomi_%28girls%27_frontline%29,ok
1439979,graf_zeppelin_(azur_lane),4,938,齐柏林伯爵,齐柏林伯爵; 齐柏林,danbooru_api_other_names,high,copy,https://danbooru.donmai.us/wiki_pages/graf_zeppelin_%28azur_lane%29,ok
384609,tony_tony_chopper,4,935,托尼托尼·乔巴,托尼托尼·乔巴; 乔巴,danbooru_api_other_names,high,copy,https://danbooru.donmai.us/wiki_pages/tony_tony_chopper,ok
1769566,moe_(blue_archive),4,935,风仓萌绘,风仓萌绘; 萌绘,danbooru_api_other_names,high,copy,https://danbooru.donmai.us/wiki_pages/moe_%28blue_archive%29,ok
466281,phoenix_wright,4,933,成步堂龙一,成歩堂龍一; 成步堂龙一,danbooru_api_other_names,high,copy,https://danbooru.donmai.us/wiki_pages/phoenix_wright,ok
1815153,mitaka_asa,4,931,三鹰朝,战争魔人; 三鹰朝,danbooru_api_other_names,high,copy,https://danbooru.donmai.us/wiki_pages/mitaka_asa,ok
1835548,reisa_(blue_archive),4,926,宇泽玲纱,宇泽玲纱; 玲纱,danbooru_api_other_names,high,copy,https://danbooru.donmai.us/wiki_pages/reisa_%28blue_archive%29,ok
606666,shindou_takuto,4,916,神童拓人,神童拓人; 天京拓; 蘭拓蘭; 蘭拓; 拓蘭; 拓天,danbooru_api_other_names,high,copy,https://danbooru.donmai.us/wiki_pages/shindou_takuto,ok
1578300,taihou_(enraptured_companion)_(azur_lane),4,916,大凤（恋慕的伴侣）,恋慕伴侣; 戀慕伴侶,danbooru_api_other_names,medium,copy,https://danbooru.donmai.us/wiki_pages/taihou_%28enraptured_companion%29_%28azur_lane%29,ok
1654873,himemushi_momoyo,4,912,姬虫百百世,姬虫百百世; 姫虫百々世,danbooru_api_other_names,high,copy,https://danbooru.donmai.us/wiki_pages/himemushi_momoyo,ok
654784,lord_el-melloi_ii,4,907,君主·埃尔梅罗二世,诸葛孔明; 諸葛孔明; 埃尔梅罗II世; 埃爾梅羅II世,danbooru_api_other_names,high,copy,https://danbooru.donmai.us/wiki_pages/lord_el-melloi_ii,ok
1304226,hotarumaru,4,906,萤丸,蛍丸; 萤丸,danbooru_api_other_names,high,copy,https://danbooru.donmai.us/wiki_pages/hotarumaru,ok
1763570,malenia_blade_of_miquella,4,898,米凯拉的锋刃玛莲妮亚,圣树双子; 玛莲妮亚,danbooru_api_other_names,high,copy,https://danbooru.donmai.us/wiki_pages/malenia_blade_of_miquella,ok
1468152,roboco-san,4,898,萝卜子,萝卜子; 械塚幸,danbooru_api_other_names,high,copy,https://danbooru.donmai.us/wiki_pages/roboco-san,ok
1630540,chiyoda_(kancolle),4,896,千代田,千代田; 乳代田,danbooru_api_other_names,high,copy,https://danbooru.donmai.us/wiki_pages/chiyoda_%28kancolle%29,ok
1386435,yumeno_himiko,4,895,梦野秘密子,夢野秘密子; 梦野秘密子,danbooru_api_other_names,high,copy,https://danbooru.donmai.us/wiki_pages/yumeno_himiko,ok
1934875,amami_rantaro,4,894,天海兰太郎,天海兰太郎; 天海蘭太郎,danbooru_api_other_names,high,copy,https://danbooru.donmai.us/wiki_pages/amami_rantaro,ok
1439994,akashi_(azur_lane),4,894,明石,明石; 茗,danbooru_api_other_names,high,copy,https://danbooru.donmai.us/wiki_pages/akashi_%28azur_lane%29,ok
1734145,ling_(arknights),4,889,令,明日方舟令; 令,danbooru_api_other_names,high,copy,https://danbooru.donmai.us/wiki_pages/ling_%28arknights%29,ok
1679660,ibuki_(blue_archive),4,883,丹花伊吹,伊吹(碧蓝档案); 丹花伊吹,danbooru_api_other_names,high,copy,https://danbooru.donmai.us/wiki_pages/ibuki_%28blue_archive%29,ok
16001,iwakura_lain,4,882,岩仓玲音,岩倉玲音; 玲音,danbooru_api_other_names,high,copy,https://danbooru.donmai.us/wiki_pages/iwakura_lain,ok
1522437,feater_(arknights),4,880,食铁兽,食铁兽; 万笙笙,danbooru_api_other_names,high,copy,https://danbooru.donmai.us/wiki_pages/feater_%28arknights%29,ok
2026828,don_quixote_(project_moon),4,876,堂吉诃德,堂吉诃德; 唐吉诃德,danbooru_api_other_names,high,copy,https://danbooru.donmai.us/wiki_pages/don_quixote_%28project_moon%29,ok
1386439,iruma_miu,4,875,入间美兔,入间美兔; 入間美兎,danbooru_api_other_names,high,copy,https://danbooru.donmai.us/wiki_pages/iruma_miu,ok
14899,yamamura_sadako,4,874,山村贞子,山村貞子; 貞子,danbooru_api_other_names,high,copy,https://danbooru.donmai.us/wiki_pages/yamamura_sadako,ok
1680296,nagisa_(blue_archive),4,873,桐藤渚,渚(碧蓝档案); 桐藤渚,danbooru_api_other_names,high,copy,https://danbooru.donmai.us/wiki_pages/nagisa_%28blue_archive%29,ok
1205702,kirishima_touka,4,871,雾岛董香,霧嶋董香; 霧島董香,danbooru_api_other_names,high,copy,https://danbooru.donmai.us/wiki_pages/kirishima_touka,ok
1439976,kisaragi_(azur_lane),4,869,如月,如月; 樟,danbooru_api_other_names,high,copy,https://danbooru.donmai.us/wiki_pages/kisaragi_%28azur_lane%29,ok
487247,araragi_tsukihi,4,868,阿良良木月火,阿良良木月火; 阿良々木月火,danbooru_api_other_names,high,copy,https://danbooru.donmai.us/wiki_pages/araragi_tsukihi,ok
1782427,bb_(swimsuit_mooncancer)_(second_ascension)_(fate),4,867,BB（泳装MoonCancer第二再临）,水着BB; BB(水着),danbooru_api_other_names,high,copy,https://danbooru.donmai.us/wiki_pages/bb_%28swimsuit_mooncancer%29_%28second_ascension%29_%28fate%29,ok
390798,eva_01,4,866,新世纪福音战士初号机,初号機; EVA初号機,danbooru_api_other_names,high,copy,https://danbooru.donmai.us/wiki_pages/eva_01,ok
1667168,dinergate_(girls'_frontline),4,865,兵蚁,狗(少女前线); 兵蚁,danbooru_api_other_names,medium,copy,https://danbooru.donmai.us/wiki_pages/dinergate_%28girls%27_frontline%29,ok
1551985,sirius_(azure_horizons)_(azur_lane),4,865,天狼星（碧波青云）,碧波青云; 碧波青雲,danbooru_api_other_names,medium,copy,https://danbooru.donmai.us/wiki_pages/sirius_%28azure_horizons%29_%28azur_lane%29,ok
1667171,g36_(girls'_frontline),4,864,G36,G36(少女前線); 桑朵莱希; 桑朵萊希,danbooru_api_other_names,high,copy,https://danbooru.donmai.us/wiki_pages/g36_%28girls%27_frontline%29,ok
1667232,rpk-16_(girls'_frontline),4,857,RPK-16,RPK16(少女前線); RPK-16(少女前線),danbooru_api_other_names,high,copy,https://danbooru.donmai.us/wiki_pages/rpk-16_%28girls%27_frontline%29,ok
452145,miyanaga_saki,4,856,宫永咲,宮永咲,danbooru_api_other_names,high,copy,https://danbooru.donmai.us/wiki_pages/miyanaga_saki,ok
410025,cinnamoroll,4,853,大耳狗,大耳狗; 肉桂狗; 玉桂狗,danbooru_api_other_names,high,copy,https://danbooru.donmai.us/wiki_pages/cinnamoroll,ok
1680386,senji_muramasa_(fate),4,853,千子村正,千子村正; 千子村正(Fate),danbooru_api_other_names,high,copy,https://danbooru.donmai.us/wiki_pages/senji_muramasa_%28fate%29,ok
1522750,projekt_red_(arknights),4,853,红,明日方舟红; 舟红; 红,danbooru_api_other_names,high,copy,https://danbooru.donmai.us/wiki_pages/projekt_red_%28arknights%29,ok
1631293,sakawa_(kancolle),4,851,酒匂,酒匂,danbooru_api_other_names,high,copy,https://danbooru.donmai.us/wiki_pages/sakawa_%28kancolle%29,ok
439179,mohammed_avdol,4,850,穆罕默德·阿布德尔,穆罕默德·阿布德尔; 阿布德尔; 阿布嘟嘟,danbooru_api_other_names,high,copy,https://danbooru.donmai.us/wiki_pages/mohammed_avdol,ok
1667202,kalina_(girls'_frontline),4,847,卡琳娜,格琳娜(少女前线); 格琳娜; 格林娜,danbooru_api_other_names,high,copy,https://danbooru.donmai.us/wiki_pages/kalina_%28girls%27_frontline%29,ok
1924186,kirara_(genshin_impact),4,847,绮良良,檐宇猫游; 绮良良; 綺良々,danbooru_api_other_names,high,copy,https://danbooru.donmai.us/wiki_pages/kirara_%28genshin_impact%29,ok
1962907,navia_(genshin_impact),4,846,娜维娅,娜维娅·卡萨帕; 明花蔓舵; 娜维娅,danbooru_api_other_names,high,copy,https://danbooru.donmai.us/wiki_pages/navia_%28genshin_impact%29,ok
1665104,sayu_(genshin_impact),4,845,早柚,忍里之貉; 早柚(原神); 早柚,danbooru_api_other_names,high,copy,https://danbooru.donmai.us/wiki_pages/sayu_%28genshin_impact%29,ok
1335210,chara_(undertale),4,841,Chara,x人类组; x猹福,danbooru_api_other_names,high,copy,https://danbooru.donmai.us/wiki_pages/chara_%28undertale%29,ok
545377,pannacotta_fugo,4,838,潘纳科达·福葛,潘纳科达·福葛; 福葛,danbooru_api_other_names,high,copy,https://danbooru.donmai.us/wiki_pages/pannacotta_fugo,ok
1440255,yuudachi_(azur_lane),4,835,夕立,夕立; 椿,danbooru_api_other_names,high,copy,https://danbooru.donmai.us/wiki_pages/yuudachi_%28azur_lane%29,ok
1764563,fiammetta_(arknights),4,833,菲亚梅塔,苦难陈述者; 菲亚梅塔; 菲尼克斯; 苦難陳述者,danbooru_api_other_names,high,copy,https://danbooru.donmai.us/wiki_pages/fiammetta_%28arknights%29,ok
428827,trish_una,4,829,特莉休·乌纳,特莉休·乌纳; 特里休,danbooru_api_other_names,high,copy,https://danbooru.donmai.us/wiki_pages/trish_una,ok
1479269,tomioka_giyuu,4,824,富冈义勇,富冈义勇; 富岡義勇; 冨岡義勇; 水柱,danbooru_api_other_names,high,copy,https://danbooru.donmai.us/wiki_pages/tomioka_giyuu,ok
1374967,agatsuma_zenitsu,4,823,我妻善逸,我妻善逸; 善子,danbooru_api_other_names,high,copy,https://danbooru.donmai.us/wiki_pages/agatsuma_zenitsu,ok
1668461,kaf_(kamitsubaki_studio),4,822,花谱,花譜美術部; 花譜; 花谱,danbooru_api_other_names,high,copy,https://danbooru.donmai.us/wiki_pages/kaf_%28kamitsubaki_studio%29,ok
1353706,mumei_(kabaneri),4,818,无名,無名; 穂積,danbooru_api_other_names,high,copy,https://danbooru.donmai.us/wiki_pages/mumei_%28kabaneri%29,ok
1820726,hokko_tarumae_(umamusume),4,818,北幸樽前,北港火山(赛马娘); 北幸樽前; 北港火山,danbooru_api_other_names,high,copy,https://danbooru.donmai.us/wiki_pages/hokko_tarumae_%28umamusume%29,ok
1302247,sawamura_spencer_eriri,4,817,泽村·斯潘塞·英梨梨,英莉莉; 英梨梨,danbooru_api_other_names,high,copy,https://danbooru.donmai.us/wiki_pages/sawamura_spencer_eriri,ok
1730677,bronya_zaychik_(silverwing:_n-ex),4,813,布洛妮娅·扎伊切克（次生银翼）,次生银翼; 大鸭鸭,danbooru_api_other_names,high,copy,https://danbooru.donmai.us/wiki_pages/bronya_zaychik_%28silverwing%3A_n-ex%29,ok
506315,yumeko_(touhou),4,812,梦子,夢子; 夢子(東方project),danbooru_api_other_names,high,copy,https://danbooru.donmai.us/wiki_pages/yumeko_%28touhou%29,ok
1522438,ushizaki_urumi,4,812,牛崎润美,牛崎潤美; 潤美,danbooru_api_other_names,high,copy,https://danbooru.donmai.us/wiki_pages/ushizaki_urumi,ok
1567156,aoyagi_touya,4,811,青柳冬弥,青柳冬弥; 青柳冬彌; 冬彰; 彰冬; 冬杏; 冬咲希,danbooru_api_other_names,high,copy,https://danbooru.donmai.us/wiki_pages/aoyagi_touya,ok
1972284,ado_(utaite),4,810,Ado,Ado誕生日; Ado心臓,danbooru_api_other_names,high,copy,https://danbooru.donmai.us/wiki_pages/ado_%28utaite%29,ok
1931458,jingliu_(honkai:_star_rail),4,806,镜流,镜流; 鏡流,danbooru_api_other_names,high,copy,https://danbooru.donmai.us/wiki_pages/jingliu_%28honkai%3A_star_rail%29,ok
1631348,shinshuu_maru_(kancolle),4,805,神州丸,神州丸; 神洲丸,danbooru_api_other_names,high,copy,https://danbooru.donmai.us/wiki_pages/shinshuu_maru_%28kancolle%29,ok
1567155,shinonome_akito,4,805,东云彰人,東雲彰人; 东云彰人; 東雲姉弟; 彰絵名; 彰志歩; 志歩彰; 彰寧々; 寧々彰; 冬彰; 彰冬; 彰杏; 彰司,danbooru_api_other_names,high,copy,https://danbooru.donmai.us/wiki_pages/shinonome_akito,ok
1555021,sei_shounagon_(fate),4,803,清少纳言,清少納言; 諾子; 清少納言(Fate),danbooru_api_other_names,high,copy,https://danbooru.donmai.us/wiki_pages/sei_shounagon_%28fate%29,ok
1720787,lyney_(genshin_impact),4,800,林尼,林尼·雪奈茨维奇; 惑光幻戏; 原神林尼; 林尼,danbooru_api_other_names,high,copy,https://danbooru.donmai.us/wiki_pages/lyney_%28genshin_impact%29,ok
1682885,atsuko_(blue_archive),4,798,秤敦子,秤亚津子; 亚津子,danbooru_api_other_names,high,copy,https://danbooru.donmai.us/wiki_pages/atsuko_%28blue_archive%29,ok
935917,hakurei_reimu_(pc-98),4,797,博丽灵梦（PC-98）,旧作霊夢; 博麗靈夢,danbooru_api_other_names,high,copy,https://danbooru.donmai.us/wiki_pages/hakurei_reimu_%28pc-98%29,ok
1237385,akaboshi_koume,4,795,赤星小梅,黒森峰女学園; 赤星小梅,danbooru_api_other_names,high,copy,https://danbooru.donmai.us/wiki_pages/akaboshi_koume,ok
1600299,blemishine_(arknights),4,795,瑕光,玛莉娅·临光; 瑕光,danbooru_api_other_names,high,copy,https://danbooru.donmai.us/wiki_pages/blemishine_%28arknights%29,ok
1452662,suzuka_gozen_(fate),4,790,铃鹿御前,鈴鹿御前; 鈴鹿御前(Fate),danbooru_api_other_names,high,copy,https://danbooru.donmai.us/wiki_pages/suzuka_gozen_%28fate%29,ok
387301,perona,4,789,佩罗娜,幽灵公主(海贼王); 佩罗娜,danbooru_api_other_names,high,copy,https://danbooru.donmai.us/wiki_pages/perona,ok
1441359,shoukaku_(azur_lane),4,785,翔鹤,翔鶴; 鹬,danbooru_api_other_names,high,copy,https://danbooru.donmai.us/wiki_pages/shoukaku_%28azur_lane%29,ok
1306594,ichigo_hitofuri,4,784,一期一振,一期一振; 一兄,danbooru_api_other_names,high,copy,https://danbooru.donmai.us/wiki_pages/ichigo_hitofuri,ok
1605833,klein_moretti,4,784,克莱恩·莫雷蒂,我们最爱克莱恩; 克莱恩·莫雷蒂; 愚者(诡秘之主); 周明瑞; 愚世,danbooru_api_other_names,medium,copy,https://danbooru.donmai.us/wiki_pages/klein_moretti,ok
1645005,sakura_bakushin_o_(umamusume),4,781,樱花进王,樱花进王; 驀進王,danbooru_api_other_names,high,copy,https://danbooru.donmai.us/wiki_pages/sakura_bakushin_o_%28umamusume%29,ok
1398097,sora_ginko,4,779,空银子,空银子; 空銀子; 姉弟子,danbooru_api_other_names,high,copy,https://danbooru.donmai.us/wiki_pages/sora_ginko,ok
1596254,razor_(genshin_impact),4,773,雷泽,狼少年; 雷泽,danbooru_api_other_names,high,copy,https://danbooru.donmai.us/wiki_pages/razor_%28genshin_impact%29,ok
1794300,shikanoin_heizou,4,769,鹿野院平藏,鹿野院平蔵; 心朝乂安,danbooru_api_other_names,high,copy,https://danbooru.donmai.us/wiki_pages/shikanoin_heizou,ok
16323,char_aznable,4,764,夏亚·阿兹纳布尔,夏亚·阿兹纳布尔; 夏亞·阿茲納布爾; 馬沙·亞斯洛布,danbooru_api_other_names,high,copy,https://danbooru.donmai.us/wiki_pages/char_aznable,ok
432818,hirose_koichi,4,763,广濑康一,广濑康一; 広瀬康一,danbooru_api_other_names,high,copy,https://danbooru.donmai.us/wiki_pages/hirose_koichi,ok
1443050,zuikaku_(azur_lane),4,763,瑞鹤,瑞鶴; 鹤,danbooru_api_other_names,high,copy,https://danbooru.donmai.us/wiki_pages/zuikaku_%28azur_lane%29,ok
1678851,mizuki_(arknights),4,762,水月,舟水月; 水月,danbooru_api_other_names,high,copy,https://danbooru.donmai.us/wiki_pages/mizuki_%28arknights%29,ok
1649138,heracles_(fate),4,756,赫拉克勒斯,赫拉克勒斯; 海格力斯,danbooru_api_other_names,high,copy,https://danbooru.donmai.us/wiki_pages/heracles_%28fate%29,ok
1627797,wu_zetian_(fate),4,756,武则天,武則天; 武則天(Fate),danbooru_api_other_names,high,copy,https://danbooru.donmai.us/wiki_pages/wu_zetian_%28fate%29,ok
1627167,stheno_(fate),4,755,斯忒诺,斯忒诺; 絲忒諾,danbooru_api_other_names,high,copy,https://danbooru.donmai.us/wiki_pages/stheno_%28fate%29,ok
1644974,taiki_shuttle_(umamusume),4,755,大树快车,大树快车; 大樹快車,danbooru_api_other_names,high,copy,https://danbooru.donmai.us/wiki_pages/taiki_shuttle_%28umamusume%29,ok
1847558,layla_(genshin_impact),4,753,莱依拉,莱依拉; 绮思晚星,danbooru_api_other_names,high,copy,https://danbooru.donmai.us/wiki_pages/layla_%28genshin_impact%29,ok
410729,absol,4,752,阿勃梭鲁,阿勃梭魯; 阿勃梭鲁,danbooru_api_other_names,high,copy,https://danbooru.donmai.us/wiki_pages/absol,ok
2026869,hong_lu_(project_moon),4,751,鸿璐,贾宝玉; 鸿璐,danbooru_api_other_names,high,copy,https://danbooru.donmai.us/wiki_pages/hong_lu_%28project_moon%29,ok
400328,okita_sougo,4,750,冲田总悟,冲田总悟; 沖田総悟; 沖神兄; 沖神,danbooru_api_other_names,high,copy,https://danbooru.donmai.us/wiki_pages/okita_sougo,ok
466277,maya_fey,4,749,绫里真宵,綾里真宵; 绫里真宵,danbooru_api_other_names,high,copy,https://danbooru.donmai.us/wiki_pages/maya_fey,ok
1646429,fukuda_haru,4,748,福田春,知波単学園; 福田; 西福; 福田(Gup),danbooru_api_other_names,high,copy,https://danbooru.donmai.us/wiki_pages/fukuda_haru,ok
15646,usopp,4,747,乌索普,狙击之王; 乌索普; GOD乌索普,danbooru_api_other_names,high,copy,https://danbooru.donmai.us/wiki_pages/usopp,ok
1304907,gokotai,4,747,五虎退,五虎退(刀剣乱舞); 五虎退,danbooru_api_other_names,high,copy,https://danbooru.donmai.us/wiki_pages/gokotai,ok
1793076,himeko_(honkai:_star_rail),4,739,姬子,姬子; 姫子,danbooru_api_other_names,high,copy,https://danbooru.donmai.us/wiki_pages/himeko_%28honkai%3A_star_rail%29,ok
420633,santa_claus,4,736,圣诞老人,圣诞老人; 三太九郎,danbooru_api_other_names,high,copy,https://danbooru.donmai.us/wiki_pages/santa_claus,ok
664407,himekawa_yuki,4,735,姬川友纪,姫川友紀,danbooru_api_other_names,high,copy,https://danbooru.donmai.us/wiki_pages/himekawa_yuki,ok
1859641,faruzan_(genshin_impact),4,735,珐露珊,机逐封秘; 珐露珊,danbooru_api_other_names,high,copy,https://danbooru.donmai.us/wiki_pages/faruzan_%28genshin_impact%29,ok
421517,portgas_d._ace,4,734,波特卡斯·D·艾斯,波特卡斯·D·艾斯; 火拳艾斯,danbooru_api_other_names,high,copy,https://danbooru.donmai.us/wiki_pages/portgas_d._ace,ok
1782428,bb_(swimsuit_mooncancer)_(third_ascension)_(fate),4,734,BB（泳装MoonCancer第三再临）,水着BB; BB(水着),danbooru_api_other_names,high,copy,https://danbooru.donmai.us/wiki_pages/bb_%28swimsuit_mooncancer%29_%28third_ascension%29_%28fate%29,ok
1962856,wriothesley_(genshin_impact),4,732,莱欧斯利,莱欧斯利; 寂罪的密使,danbooru_api_other_names,high,copy,https://danbooru.donmai.us/wiki_pages/wriothesley_%28genshin_impact%29,ok
432820,nijimura_okuyasu,4,730,虹村亿泰,虹村亿泰; 虹村億泰; 億泰; 仗億,danbooru_api_other_names,high,copy,https://danbooru.donmai.us/wiki_pages/nijimura_okuyasu,ok
404920,sage_(dq3),4,729,贤者,女賢者; 女賢者(DQ3); 賢者,danbooru_api_other_names,medium,copy,https://danbooru.donmai.us/wiki_pages/sage_%28dq3%29,ok
1305382,kogitsunemaru,4,729,小狐丸,小狐三日; 小狐丸,danbooru_api_other_names,high,copy,https://danbooru.donmai.us/wiki_pages/kogitsunemaru,ok
1731177,yun_jin_(genshin_impact),4,728,云堇,红毹婵娟; 云堇; 云菫; 雲菫,danbooru_api_other_names,high,copy,https://danbooru.donmai.us/wiki_pages/yun_jin_%28genshin_impact%29,ok
1377218,otomachi_una,4,723,音街鳗,音衔鳗; 音街鳗,danbooru_api_other_names,high,copy,https://danbooru.donmai.us/wiki_pages/otomachi_una,ok
1529378,sakata_kintoki_(fate),4,716,坂田金时,坂田金时; 坂田金時; 坂田金時(Fate),danbooru_api_other_names,high,copy,https://danbooru.donmai.us/wiki_pages/sakata_kintoki_%28fate%29,ok
1667169,negev_(girls'_frontline),4,711,内格夫,内格夫; Negev(少女前線),danbooru_api_other_names,high,copy,https://danbooru.donmai.us/wiki_pages/negev_%28girls%27_frontline%29,ok
713611,utsugi_yuuki,4,708,宇津木优季,宇津木優木; 宇津木優季,danbooru_api_other_names,high,copy,https://danbooru.donmai.us/wiki_pages/utsugi_yuuki,ok
1689852,hatsutori_hajime,4,706,初鸟创,初鸟创; 鸟亲子; 初鳥創; 宇初; 初宇,danbooru_api_other_names,medium,copy,https://danbooru.donmai.us/wiki_pages/hatsutori_hajime,ok
1722734,bronya_rand,4,706,布洛妮娅·兰德,布洛妮娅; 布洛妮婭,danbooru_api_other_names,high,copy,https://danbooru.donmai.us/wiki_pages/bronya_rand,ok
1631186,minegumo_(kancolle),4,699,峰云,胸雲; 峯雲,danbooru_api_other_names,high,copy,https://danbooru.donmai.us/wiki_pages/minegumo_%28kancolle%29,ok
1500529,rindou_mikoto,4,697,龙胆尊,尊春画; 竜胆尊; 尊絵巻; SKB部,danbooru_api_other_names,high,copy,https://danbooru.donmai.us/wiki_pages/rindou_mikoto,ok
1530200,shining_(arknights),4,697,闪灵,闪灵(水着); 闪灵,danbooru_api_other_names,high,copy,https://danbooru.donmai.us/wiki_pages/shining_%28arknights%29,ok
1553038,gravel_(arknights),4,696,砾,砾; 礫,danbooru_api_other_names,high,copy,https://danbooru.donmai.us/wiki_pages/gravel_%28arknights%29,ok
1652773,gladiia_(arknights),4,696,歌蕾蒂娅,歌蕾蒂亚; 歌蕾蒂娅,danbooru_api_other_names,high,copy,https://danbooru.donmai.us/wiki_pages/gladiia_%28arknights%29,ok
1617254,fuuka_(blue_archive),4,693,爱清枫香,爱清风华; 爱清枫香; 枫香,danbooru_api_other_names,high,copy,https://danbooru.donmai.us/wiki_pages/fuuka_%28blue_archive%29,ok
1962930,clorinde_(genshin_impact),4,688,克洛琳德,克洛琳德; 秉烛狝影,danbooru_api_other_names,high,copy,https://danbooru.donmai.us/wiki_pages/clorinde_%28genshin_impact%29,ok
1507455,himesaka_noa,4,687,姬坂乃爱,姫坂乃愛,danbooru_api_other_names,high,copy,https://danbooru.donmai.us/wiki_pages/himesaka_noa,ok
1577018,rosa_(arknights),4,685,早露,早露; 早凛,danbooru_api_other_names,high,copy,https://danbooru.donmai.us/wiki_pages/rosa_%28arknights%29,ok
1411715,okusawa_misaki,4,683,奥泽美咲,奥沢美咲; 奥泽美咲,danbooru_api_other_names,high,copy,https://danbooru.donmai.us/wiki_pages/okusawa_misaki,ok
437350,ayatsuji_tsukasa,4,682,绚辻词,絢辻詞,danbooru_api_other_names,high,copy,https://danbooru.donmai.us/wiki_pages/ayatsuji_tsukasa,ok
1454529,okada_izou_(fate),4,682,冈田以藏,岡田以蔵; 岡田以蔵(Fate),danbooru_api_other_names,high,copy,https://danbooru.donmai.us/wiki_pages/okada_izou_%28fate%29,ok
1622476,tsurugi_(blue_archive),4,682,剑先鹤城,剑先鹤城; 剑先弦生; 鹤城,danbooru_api_other_names,high,copy,https://danbooru.donmai.us/wiki_pages/tsurugi_%28blue_archive%29,ok
1625322,maki_(blue_archive),4,681,小涂真纪,小涂真纪; 真纪,danbooru_api_other_names,high,copy,https://danbooru.donmai.us/wiki_pages/maki_%28blue_archive%29,ok
1482284,oda_nobukatsu_(fate),4,678,织田信胜,織田信勝; 織田信勝(Fate),danbooru_api_other_names,high,copy,https://danbooru.donmai.us/wiki_pages/oda_nobukatsu_%28fate%29,ok
1505254,uesugi_fuutarou,4,676,上杉风太郎,上杉风太郎; 上杉風太郎,danbooru_api_other_names,high,copy,https://danbooru.donmai.us/wiki_pages/uesugi_fuutarou,ok
1443600,romani_archaman,4,673,罗马尼·阿其曼,罗马尼·阿基曼; 罗曼,danbooru_api_other_names,high,copy,https://danbooru.donmai.us/wiki_pages/romani_archaman,ok
2042242,xianyun_(genshin_impact),4,673,闲云,留云借风真君; 闲云; 鸾音鹤信; 閒雲; 閑雲,danbooru_api_other_names,high,copy,https://danbooru.donmai.us/wiki_pages/xianyun_%28genshin_impact%29,ok
1524990,zima_(arknights),4,671,凛冬,凛冬; 早凛,danbooru_api_other_names,high,copy,https://danbooru.donmai.us/wiki_pages/zima_%28arknights%29,ok
1733501,vertin_(reverse:1999),4,662,维尔汀,维尔汀; 維爾汀,danbooru_api_other_names,high,copy,https://danbooru.donmai.us/wiki_pages/vertin_%28reverse%3A1999%29,ok
1465798,morinaka_kazaki,4,661,森中花咲,森中花咲,danbooru_api_other_names,high,copy,https://danbooru.donmai.us/wiki_pages/morinaka_kazaki,ok
1955335,saki_(swimsuit)_(blue_archive),4,658,空井咲（泳装）,空井咲(泳装),danbooru_api_other_names,high,copy,https://danbooru.donmai.us/wiki_pages/saki_%28swimsuit%29_%28blue_archive%29,ok
1419936,minato_yukina,4,656,凑友希那,湊友希那; 凑友希那,danbooru_api_other_names,high,copy,https://danbooru.donmai.us/wiki_pages/minato_yukina,ok
1643067,hinata_(blue_archive),4,654,若叶日向,日向(碧蓝档案); 若叶日向,danbooru_api_other_names,high,copy,https://danbooru.donmai.us/wiki_pages/hinata_%28blue_archive%29,ok
1644969,fuji_kiseki_(umamusume),4,651,富士奇石,富士奇蹟; 富士奇石,danbooru_api_other_names,high,copy,https://danbooru.donmai.us/wiki_pages/fuji_kiseki_%28umamusume%29,ok
1387119,kiyohime_(swimsuit_lancer)_(fate),4,650,清姬（泳装Lancer）,清姫(水着),danbooru_api_other_names,high,copy,https://danbooru.donmai.us/wiki_pages/kiyohime_%28swimsuit_lancer%29_%28fate%29,ok
1645012,tosen_jordan_(umamusume),4,650,东商乔丹,東瀛佐敦; 島川喬登,danbooru_api_other_names,high,copy,https://danbooru.donmai.us/wiki_pages/tosen_jordan_%28umamusume%29,ok
1723652,aurora_(arknights),4,648,极光,舟极光; 极光,danbooru_api_other_names,high,copy,https://danbooru.donmai.us/wiki_pages/aurora_%28arknights%29,ok
1284942,midway_princess,4,645,中间栖姬,中間棲姫,danbooru_api_other_names,high,copy,https://danbooru.donmai.us/wiki_pages/midway_princess,ok
1386296,chabashira_tenko,4,644,茶柱转子,茶柱转子; 茶柱転子,danbooru_api_other_names,high,copy,https://danbooru.donmai.us/wiki_pages/chabashira_tenko,ok
1692684,sakurako_(blue_archive),4,641,歌住樱子,歌住樱子; 樱子,danbooru_api_other_names,high,copy,https://danbooru.donmai.us/wiki_pages/sakurako_%28blue_archive%29,ok
1622083,serina_(blue_archive),4,637,鹫见芹奈,鹫见芹娜; 鹫见芹奈,danbooru_api_other_names,high,copy,https://danbooru.donmai.us/wiki_pages/serina_%28blue_archive%29,ok
1608817,junko_(blue_archive),4,627,赤司淳子,赤司淳子; 赤司纯子,danbooru_api_other_names,high,copy,https://danbooru.donmai.us/wiki_pages/junko_%28blue_archive%29,ok
2024289,shuro_(blue_archive),4,618,箭吹朱罗,箭吹棕榈; 棕榈,danbooru_api_other_names,medium,copy,https://danbooru.donmai.us/wiki_pages/shuro_%28blue_archive%29,ok
1759963,aston_machan_(umamusume),4,616,真弓快车,真弓快车; 奧斯頓真弓,danbooru_api_other_names,high,copy,https://danbooru.donmai.us/wiki_pages/aston_machan_%28umamusume%29,ok
