tag_id,name,category,count,zh_name,zh_name_2,source,confidence,note,donmai_url,api_status
9999999,general,9,1589178,,,danbooru_api_no_chinese,low,auth_failed_used_anonymous,https://danbooru.donmai.us/wiki_pages/general,ok
9999998,sensitive,9,3994361,,,danbooru_api_no_chinese,low,auth_failed_used_anonymous,https://danbooru.donmai.us/wiki_pages/sensitive,ok
9999997,questionable,9,892496,,,danbooru_api_no_chinese,low,auth_failed_used_anonymous,https://danbooru.donmai.us/wiki_pages/questionable,ok
9999996,explicit,9,706509,,,danbooru_api_no_chinese,low,auth_failed_used_anonymous,https://danbooru.donmai.us/wiki_pages/explicit,ok
1875867,upper_teeth_only,0,104994,,,danbooru_api_no_chinese,low,auth_failed_used_anonymous,https://danbooru.donmai.us/wiki_pages/upper_teeth_only,ok
492682,red_necktie,0,56695,,,danbooru_api_no_chinese,low,auth_failed_used_anonymous,https://danbooru.donmai.us/wiki_pages/red_necktie,ok
82326,?,0,53804,,,danbooru_api_no_chinese,low,auth_failed_used_anonymous,https://danbooru.donmai.us/wiki_pages/%3F,ok
1281370,red_bowtie,0,50092,,,danbooru_api_no_chinese,low,,https://danbooru.donmai.us/wiki_pages/red_bowtie,ok
534982,^^^,0,46548,,,danbooru_api_no_chinese,low,,https://danbooru.donmai.us/wiki_pages/%5E%5E%5E,ok
647129,black_necktie,0,46085,,,danbooru_api_no_chinese,low,,https://danbooru.donmai.us/wiki_pages/black_necktie,ok
566116,scar_on_face,0,41520,,,danbooru_api_no_chinese,low,,https://danbooru.donmai.us/wiki_pages/scar_on_face,ok
1388801,red_neckerchief,0,38847,,,danbooru_api_no_chinese,low,,https://danbooru.donmai.us/wiki_pages/red_neckerchief,ok
536573,colored_sclera,0,34468,,,danbooru_api_no_chinese,low,,https://danbooru.donmai.us/wiki_pages/colored_sclera,ok
1303583,blue_necktie,0,32614,,,danbooru_api_no_chinese,low,,https://danbooru.donmai.us/wiki_pages/blue_necktie,ok
475004,swim_ring,0,30767,,,danbooru_api_no_chinese,low,,https://danbooru.donmai.us/wiki_pages/swim_ring,ok
1636487,one-hour_drawing_challenge,0,29539,,,danbooru_api_no_chinese,low,,https://danbooru.donmai.us/wiki_pages/one-hour_drawing_challenge,ok
474995,brown_pantyhose,0,28910,,,danbooru_api_no_chinese,low,,https://danbooru.donmai.us/wiki_pages/brown_pantyhose,ok
1320204,black_bowtie,0,27993,,,danbooru_api_no_chinese,low,,https://danbooru.donmai.us/wiki_pages/black_bowtie,ok
1278062,hand_in_own_hair,0,27986,,,danbooru_api_no_chinese,low,,https://danbooru.donmai.us/wiki_pages/hand_in_own_hair,ok
718476,mini_person,0,25810,,,danbooru_api_no_chinese,low,,https://danbooru.donmai.us/wiki_pages/mini_person,ok
1835738,blue_one-piece_swimsuit,0,25047,,,danbooru_api_no_chinese,low,,https://danbooru.donmai.us/wiki_pages/blue_one-piece_swimsuit,ok
1644111,official_alternate_hairstyle,0,23485,,,danbooru_api_no_chinese,low,,https://danbooru.donmai.us/wiki_pages/official_alternate_hairstyle,ok
1256698,partially_fingerless_gloves,0,23421,,,danbooru_api_no_chinese,low,,https://danbooru.donmai.us/wiki_pages/partially_fingerless_gloves,ok
1312862,blue_bowtie,0,22618,,,danbooru_api_no_chinese,low,,https://danbooru.donmai.us/wiki_pages/blue_bowtie,ok
1814875,eyebrows_hidden_by_hair,0,22440,,,danbooru_api_no_chinese,low,,https://danbooru.donmai.us/wiki_pages/eyebrows_hidden_by_hair,ok
566923,hugging_object,0,21328,,,danbooru_api_no_chinese,low,,https://danbooru.donmai.us/wiki_pages/hugging_object,ok
1835743,black_one-piece_swimsuit,0,19759,,,danbooru_api_no_chinese,low,,https://danbooru.donmai.us/wiki_pages/black_one-piece_swimsuit,ok
1354790,yellow_ascot,0,18730,,,danbooru_api_no_chinese,low,,https://danbooru.donmai.us/wiki_pages/yellow_ascot,ok
531754,long_bangs,0,17941,,,danbooru_api_no_chinese,low,,https://danbooru.donmai.us/wiki_pages/long_bangs,ok
1622419,straight-on,0,17435,,,danbooru_api_no_chinese,low,HTTP 0: <urlopen error [SSL: UNEXPECTED_EOF_WHILE_READING] EOF occurred in violation of protocol (_ssl.c:1028)>,https://danbooru.donmai.us/wiki_pages/straight-on,error
444095,tail_ornament,0,17264,,,danbooru_api_no_chinese,low,,https://danbooru.donmai.us/wiki_pages/tail_ornament,ok
474819,brown_thighhighs,0,17110,,,danbooru_api_no_chinese,low,,https://danbooru.donmai.us/wiki_pages/brown_thighhighs,ok
1618371,body_fur,0,16011,,,danbooru_api_no_chinese,low,,https://danbooru.donmai.us/wiki_pages/body_fur,ok
1862786,reaching_towards_viewer,0,15994,,,danbooru_api_no_chinese,low,,https://danbooru.donmai.us/wiki_pages/reaching_towards_viewer,ok
479176,bird_wings,0,15857,,,danbooru_api_no_chinese,low,,https://danbooru.donmai.us/wiki_pages/bird_wings,ok
1374209,food-themed_hair_ornament,0,15303,,,danbooru_api_no_chinese,low,,https://danbooru.donmai.us/wiki_pages/food-themed_hair_ornament,ok
469224,blue_thighhighs,0,14930,,,danbooru_api_no_chinese,low,,https://danbooru.donmai.us/wiki_pages/blue_thighhighs,ok
1447858,feather_hair_ornament,0,14590,,,danbooru_api_no_chinese,low,,https://danbooru.donmai.us/wiki_pages/feather_hair_ornament,ok
576287,blood_on_clothes,0,14528,,,danbooru_api_no_chinese,low,,https://danbooru.donmai.us/wiki_pages/blood_on_clothes,ok
1804525,bridal_garter,0,14094,,,danbooru_api_no_chinese,low,,https://danbooru.donmai.us/wiki_pages/bridal_garter,not_found
1685910,painting_(medium),0,13693,,,danbooru_api_no_chinese,low,,https://danbooru.donmai.us/wiki_pages/painting_%28medium%29,ok
377169,stuffed_rabbit,0,13566,,,danbooru_api_no_chinese,low,,https://danbooru.donmai.us/wiki_pages/stuffed_rabbit,ok
525152,white_fur,0,13469,,,danbooru_api_no_chinese,low,,https://danbooru.donmai.us/wiki_pages/white_fur,ok
1609981,uneven_legwear,0,13299,,,danbooru_api_no_chinese,low,,https://danbooru.donmai.us/wiki_pages/uneven_legwear,ok
473213,red_thighhighs,0,12958,,,danbooru_api_no_chinese,low,,https://danbooru.donmai.us/wiki_pages/red_thighhighs,ok
480027,purple_thighhighs,0,12947,,,danbooru_api_no_chinese,low,,https://danbooru.donmai.us/wiki_pages/purple_thighhighs,ok
675233,open_cardigan,0,12941,,,danbooru_api_no_chinese,low,,https://danbooru.donmai.us/wiki_pages/open_cardigan,ok
464726,tight_clothes,0,12700,,,danbooru_api_no_chinese,low,,https://danbooru.donmai.us/wiki_pages/tight_clothes,ok
1388797,blue_neckerchief,0,12674,,,danbooru_api_no_chinese,low,,https://danbooru.donmai.us/wiki_pages/blue_neckerchief,ok
666816,hand_on_own_head,0,12313,,,danbooru_api_no_chinese,low,,https://danbooru.donmai.us/wiki_pages/hand_on_own_head,ok
1393212,yellow_neckerchief,0,12250,,,danbooru_api_no_chinese,low,,https://danbooru.donmai.us/wiki_pages/yellow_neckerchief,ok
1685196,hakama_short_skirt,0,12172,,,danbooru_api_no_chinese,low,,https://danbooru.donmai.us/wiki_pages/hakama_short_skirt,ok
1302741,red_ascot,0,12149,,,danbooru_api_no_chinese,low,,https://danbooru.donmai.us/wiki_pages/red_ascot,ok
589024,arm_strap,0,12071,,,danbooru_api_no_chinese,low,,https://danbooru.donmai.us/wiki_pages/arm_strap,ok
462351,animal_nose,0,11539,,,danbooru_api_no_chinese,low,,https://danbooru.donmai.us/wiki_pages/animal_nose,ok
728807,animification,0,11364,,,danbooru_api_no_chinese,low,,https://danbooru.donmai.us/wiki_pages/animification,ok
1278539,long_sideburns,0,11313,,,danbooru_api_no_chinese,low,,https://danbooru.donmai.us/wiki_pages/long_sideburns,ok
1369553,blunt_ends,0,10788,,,danbooru_api_no_chinese,low,,https://danbooru.donmai.us/wiki_pages/blunt_ends,ok
1749079,sample_watermark,0,10710,,,danbooru_api_no_chinese,low,,https://danbooru.donmai.us/wiki_pages/sample_watermark,ok
547384,tail_raised,0,10702,,,danbooru_api_no_chinese,low,,https://danbooru.donmai.us/wiki_pages/tail_raised,ok
1355714,crescent_hat_ornament,0,10296,,,danbooru_api_no_chinese,low,,https://danbooru.donmai.us/wiki_pages/crescent_hat_ornament,ok
1041483,split_mouth,0,10176,,,danbooru_api_no_chinese,low,,https://danbooru.donmai.us/wiki_pages/split_mouth,ok
724764,hand_on_own_thigh,0,10138,,,danbooru_api_no_chinese,low,,https://danbooru.donmai.us/wiki_pages/hand_on_own_thigh,ok
1392820,black_neckerchief,0,10123,,,danbooru_api_no_chinese,low,,https://danbooru.donmai.us/wiki_pages/black_neckerchief,ok
462735,old,0,10057,,,danbooru_api_no_chinese,low,,https://danbooru.donmai.us/wiki_pages/old,ok
483436,fish_tail,0,9995,,,danbooru_api_no_chinese,low,,https://danbooru.donmai.us/wiki_pages/fish_tail,ok
1689923,pectoral_cleavage,0,9907,,,danbooru_api_no_chinese,low,,https://danbooru.donmai.us/wiki_pages/pectoral_cleavage,ok
1431068,holding_stuffed_toy,0,9869,,,danbooru_api_no_chinese,low,,https://danbooru.donmai.us/wiki_pages/holding_stuffed_toy,ok
1375840,rabbit_hair_ornament,0,9742,,,danbooru_api_no_chinese,low,,https://danbooru.donmai.us/wiki_pages/rabbit_hair_ornament,ok
1701063,holding_another's_wrist,0,9710,,,danbooru_api_no_chinese,low,,https://danbooru.donmai.us/wiki_pages/holding_another%27s_wrist,ok
1320534,pink_bowtie,0,9638,,,danbooru_api_no_chinese,low,,https://danbooru.donmai.us/wiki_pages/pink_bowtie,ok
1238881,yellow_necktie,0,9603,,,danbooru_api_no_chinese,low,,https://danbooru.donmai.us/wiki_pages/yellow_necktie,ok
681480,light_frown,0,9559,,,danbooru_api_no_chinese,low,,https://danbooru.donmai.us/wiki_pages/light_frown,ok
1320207,white_bowtie,0,9144,,,danbooru_api_no_chinese,low,,https://danbooru.donmai.us/wiki_pages/white_bowtie,ok
1390702,multicolored_jacket,0,8997,,,danbooru_api_no_chinese,low,,https://danbooru.donmai.us/wiki_pages/multicolored_jacket,ok
1312164,green_necktie,0,8924,,,danbooru_api_no_chinese,low,,https://danbooru.donmai.us/wiki_pages/green_necktie,ok
1415843,white_ascot,0,8670,,,danbooru_api_no_chinese,low,,https://danbooru.donmai.us/wiki_pages/white_ascot,ok
2089747,argyle_clothes,0,8516,,,danbooru_api_no_chinese,low,,https://danbooru.donmai.us/wiki_pages/argyle_clothes,ok
1496184,tassel_earrings,0,8511,,,danbooru_api_no_chinese,low,,https://danbooru.donmai.us/wiki_pages/tassel_earrings,ok
1465099,black_sports_bra,0,8492,,,danbooru_api_no_chinese,low,,https://danbooru.donmai.us/wiki_pages/black_sports_bra,ok
1304069,yellow_bowtie,0,8471,,,danbooru_api_no_chinese,low,,https://danbooru.donmai.us/wiki_pages/yellow_bowtie,ok
375594,pink_thighhighs,0,8462,,,danbooru_api_no_chinese,low,,https://danbooru.donmai.us/wiki_pages/pink_thighhighs,ok
1363856,star_hat_ornament,0,8461,,,danbooru_api_no_chinese,low,,https://danbooru.donmai.us/wiki_pages/star_hat_ornament,ok
1326641,purple_bowtie,0,8421,,,danbooru_api_no_chinese,low,,https://danbooru.donmai.us/wiki_pages/purple_bowtie,ok
382729,striped_pantyhose,0,8211,,,danbooru_api_no_chinese,low,,https://danbooru.donmai.us/wiki_pages/striped_pantyhose,ok
1318935,aqua_necktie,0,8195,,,danbooru_api_no_chinese,low,,https://danbooru.donmai.us/wiki_pages/aqua_necktie,ok
1661326,content_rating,0,8043,,,danbooru_api_no_chinese,low,,https://danbooru.donmai.us/wiki_pages/content_rating,ok
1948371,nervous_sweating,0,7962,,,danbooru_api_no_chinese,low,,https://danbooru.donmai.us/wiki_pages/nervous_sweating,ok
1316985,shark_tail,0,7907,,,danbooru_api_no_chinese,low,,https://danbooru.donmai.us/wiki_pages/shark_tail,ok
640090,red_eyeshadow,0,7890,,,danbooru_api_no_chinese,low,,https://danbooru.donmai.us/wiki_pages/red_eyeshadow,ok
564515,vertical-striped_thighhighs,0,7865,,,danbooru_api_no_chinese,low,,https://danbooru.donmai.us/wiki_pages/vertical-striped_thighhighs,ok
1637638,heart_brooch,0,7846,,,danbooru_api_no_chinese,low,,https://danbooru.donmai.us/wiki_pages/heart_brooch,ok
1770616,blue_gemstone,0,7778,,,danbooru_api_no_chinese,low,,https://danbooru.donmai.us/wiki_pages/blue_gemstone,not_found
1684829,heads_together,0,7741,,,danbooru_api_no_chinese,low,,https://danbooru.donmai.us/wiki_pages/heads_together,ok
492465,grey_thighhighs,0,7737,,,danbooru_api_no_chinese,low,,https://danbooru.donmai.us/wiki_pages/grey_thighhighs,ok
1733109,jaggy_lines,0,7721,,,danbooru_api_no_chinese,low,,https://danbooru.donmai.us/wiki_pages/jaggy_lines,ok
1782390,traditional_bowtie,0,7617,,,danbooru_api_no_chinese,low,,https://danbooru.donmai.us/wiki_pages/traditional_bowtie,ok
797417,ear_bow,0,7552,,,danbooru_api_no_chinese,low,,https://danbooru.donmai.us/wiki_pages/ear_bow,ok
1389146,white_neckerchief,0,7364,,,danbooru_api_no_chinese,low,,https://danbooru.donmai.us/wiki_pages/white_neckerchief,ok
695377,planted,0,7267,,,danbooru_api_no_chinese,low,,https://danbooru.donmai.us/wiki_pages/planted,ok
1827216,cube_hair_ornament,0,7168,,,danbooru_api_no_chinese,low,,https://danbooru.donmai.us/wiki_pages/cube_hair_ornament,ok
706041,cross-shaped_pupils,0,7103,,,danbooru_api_no_chinese,low,,https://danbooru.donmai.us/wiki_pages/cross-shaped_pupils,ok
710095,striped_bowtie,0,7095,,,danbooru_api_no_chinese,low,,https://danbooru.donmai.us/wiki_pages/striped_bowtie,ok
647130,white_necktie,0,7082,,,danbooru_api_no_chinese,low,,https://danbooru.donmai.us/wiki_pages/white_necktie,ok
569436,blood_on_hands,0,7032,,,danbooru_api_no_chinese,low,,https://danbooru.donmai.us/wiki_pages/blood_on_hands,not_found
1669073,official_alternate_hair_length,0,6926,,,danbooru_api_no_chinese,low,,https://danbooru.donmai.us/wiki_pages/official_alternate_hair_length,ok
511691,sweater_lift,0,6890,,,danbooru_api_no_chinese,low,,https://danbooru.donmai.us/wiki_pages/sweater_lift,ok
1875949,lower_teeth_only,0,6637,,,danbooru_api_no_chinese,low,,https://danbooru.donmai.us/wiki_pages/lower_teeth_only,ok
1483713,multiple_rings,0,6626,,,danbooru_api_no_chinese,low,,https://danbooru.donmai.us/wiki_pages/multiple_rings,ok
665797,hand_on_own_ass,0,6565,,,danbooru_api_no_chinese,low,,https://danbooru.donmai.us/wiki_pages/hand_on_own_ass,ok
1394528,single_sidelock,0,6556,,,danbooru_api_no_chinese,low,,https://danbooru.donmai.us/wiki_pages/single_sidelock,ok
474204,frilled_thighhighs,0,6524,,,danbooru_api_no_chinese,low,,https://danbooru.donmai.us/wiki_pages/frilled_thighhighs,ok
1312163,purple_necktie,0,6504,,,danbooru_api_no_chinese,low,,https://danbooru.donmai.us/wiki_pages/purple_necktie,ok
1397752,two-tone_shirt,0,6486,,,danbooru_api_no_chinese,low,,https://danbooru.donmai.us/wiki_pages/two-tone_shirt,ok
1335474,sleeves_past_elbows,0,6441,,,danbooru_api_no_chinese,low,,https://danbooru.donmai.us/wiki_pages/sleeves_past_elbows,not_found
1399176,two-tone_fur,0,6428,,,danbooru_api_no_chinese,low,,https://danbooru.donmai.us/wiki_pages/two-tone_fur,ok
1915972,medium_bangs,0,6351,,,danbooru_api_no_chinese,low,,https://danbooru.donmai.us/wiki_pages/medium_bangs,ok
375037,striped_socks,0,6294,,,danbooru_api_no_chinese,low,,https://danbooru.donmai.us/wiki_pages/striped_socks,ok
1531697,mismatched_pupils,0,6291,,,danbooru_api_no_chinese,low,,https://danbooru.donmai.us/wiki_pages/mismatched_pupils,ok
1234394,see-through_shirt,0,6210,,,danbooru_api_no_chinese,low,,https://danbooru.donmai.us/wiki_pages/see-through_shirt,ok
672073,brown_fur,0,6154,,,danbooru_api_no_chinese,low,,https://danbooru.donmai.us/wiki_pages/brown_fur,ok
1972174,holding_removed_eyewear,0,6149,,,danbooru_api_no_chinese,low,,https://danbooru.donmai.us/wiki_pages/holding_removed_eyewear,ok
564680,print_pantyhose,0,6147,,,danbooru_api_no_chinese,low,,https://danbooru.donmai.us/wiki_pages/print_pantyhose,ok
568650,grey_pantyhose,0,6124,,,danbooru_api_no_chinese,low,,https://danbooru.donmai.us/wiki_pages/grey_pantyhose,ok
1385298,animal_ear_headphones,0,6049,,,danbooru_api_no_chinese,low,,https://danbooru.donmai.us/wiki_pages/animal_ear_headphones,ok
1313101,green_bowtie,0,5983,,,danbooru_api_no_chinese,low,,https://danbooru.donmai.us/wiki_pages/green_bowtie,ok
379182,energy,0,5857,,,danbooru_api_no_chinese,low,,https://danbooru.donmai.us/wiki_pages/energy,ok
1413412,obijime,0,5834,,,danbooru_api_no_chinese,low,,https://danbooru.donmai.us/wiki_pages/obijime,ok
1555383,fur-trimmed_headwear,0,5830,,,danbooru_api_no_chinese,low,,https://danbooru.donmai.us/wiki_pages/fur-trimmed_headwear,ok
1285261,pink_necktie,0,5800,,,danbooru_api_no_chinese,low,,https://danbooru.donmai.us/wiki_pages/pink_necktie,ok
673216,toeless_footwear,0,5797,,,danbooru_api_no_chinese,low,,https://danbooru.donmai.us/wiki_pages/toeless_footwear,ok
473292,blue_socks,0,5750,,,danbooru_api_no_chinese,low,,https://danbooru.donmai.us/wiki_pages/blue_socks,ok
675901,frilled_hat,0,5727,,,danbooru_api_no_chinese,low,,https://danbooru.donmai.us/wiki_pages/frilled_hat,ok
547742,open_hands,0,5722,,,danbooru_api_no_chinese,low,,https://danbooru.donmai.us/wiki_pages/open_hands,ok
1632773,heart-shaped_chocolate,0,5627,,,danbooru_api_no_chinese,low,,https://danbooru.donmai.us/wiki_pages/heart-shaped_chocolate,ok
494868,black_cloak,0,5610,,,danbooru_api_no_chinese,low,,https://danbooru.donmai.us/wiki_pages/black_cloak,ok
473251,print_thighhighs,0,5527,,,danbooru_api_no_chinese,low,,https://danbooru.donmai.us/wiki_pages/print_thighhighs,ok
517481,winter_coat,0,5519,,,danbooru_api_no_chinese,low,,https://danbooru.donmai.us/wiki_pages/winter_coat,ok
1406853,serval_print,0,5512,,,danbooru_api_no_chinese,low,,https://danbooru.donmai.us/wiki_pages/serval_print,ok
1437532,two-tone_jacket,0,5478,,,danbooru_api_no_chinese,low,,https://danbooru.donmai.us/wiki_pages/two-tone_jacket,ok
500990,torn_dress,0,5397,,,danbooru_api_no_chinese,low,,https://danbooru.donmai.us/wiki_pages/torn_dress,ok
1373278,black_ascot,0,5391,,,danbooru_api_no_chinese,low,,https://danbooru.donmai.us/wiki_pages/black_ascot,ok
1770615,red_gemstone,0,5356,,,danbooru_api_no_chinese,low,,https://danbooru.donmai.us/wiki_pages/red_gemstone,not_found
2006749,unworn_jacket,0,5338,,,danbooru_api_no_chinese,low,,https://danbooru.donmai.us/wiki_pages/unworn_jacket,ok
1235097,blood_on_weapon,0,5307,,,danbooru_api_no_chinese,low,,https://danbooru.donmai.us/wiki_pages/blood_on_weapon,ok
548543,arm_hair,0,5299,,,danbooru_api_no_chinese,low,,https://danbooru.donmai.us/wiki_pages/arm_hair,ok
1400488,pink_neckerchief,0,5280,,,danbooru_api_no_chinese,low,,https://danbooru.donmai.us/wiki_pages/pink_neckerchief,ok
1291900,yellow_fur,0,5235,,,danbooru_api_no_chinese,low,,https://danbooru.donmai.us/wiki_pages/yellow_fur,ok
394795,baggy_pants,0,5225,,,danbooru_api_no_chinese,low,,https://danbooru.donmai.us/wiki_pages/baggy_pants,ok
2006753,unworn_mask,0,5210,,,danbooru_api_no_chinese,low,,https://danbooru.donmai.us/wiki_pages/unworn_mask,ok
1341593,bandaged_hand,0,5202,,,danbooru_api_no_chinese,low,,https://danbooru.donmai.us/wiki_pages/bandaged_hand,ok
1396558,frilled_hair_tubes,0,5180,,,danbooru_api_no_chinese,low,,https://danbooru.donmai.us/wiki_pages/frilled_hair_tubes,ok
1582503,scar_on_chest,0,5159,,,danbooru_api_no_chinese,low,,https://danbooru.donmai.us/wiki_pages/scar_on_chest,ok
1528415,roswaal_mansion_maid_uniform,0,5137,,,danbooru_api_no_chinese,low,,https://danbooru.donmai.us/wiki_pages/roswaal_mansion_maid_uniform,ok
1636976,footwear_bow,0,5112,,,danbooru_api_no_chinese,low,,https://danbooru.donmai.us/wiki_pages/footwear_bow,ok
667663,elbow_rest,0,5076,,,danbooru_api_no_chinese,low,,https://danbooru.donmai.us/wiki_pages/elbow_rest,ok
1477193,lightning_bolt_symbol,0,5075,,,danbooru_api_no_chinese,low,,https://danbooru.donmai.us/wiki_pages/lightning_bolt_symbol,ok
570382,hands_in_hair,0,5042,,,danbooru_api_no_chinese,low,,https://danbooru.donmai.us/wiki_pages/hands_in_hair,ok
1950723,unconventional_maid,0,5031,,,danbooru_api_no_chinese,low,,https://danbooru.donmai.us/wiki_pages/unconventional_maid,ok
663513,brown_bag,0,5027,,,danbooru_api_no_chinese,low,,https://danbooru.donmai.us/wiki_pages/brown_bag,ok
1376523,weibo_username,0,5026,,,danbooru_api_no_chinese,low,,https://danbooru.donmai.us/wiki_pages/weibo_username,ok
492359,towel_on_head,0,5009,,,danbooru_api_no_chinese,low,,https://danbooru.donmai.us/wiki_pages/towel_on_head,ok
1670357,furry_with_non-furry,0,5004,,,danbooru_api_no_chinese,low,,https://danbooru.donmai.us/wiki_pages/furry_with_non-furry,ok
1320211,orange_bowtie,0,4977,,,danbooru_api_no_chinese,low,,https://danbooru.donmai.us/wiki_pages/orange_bowtie,ok
1524489,looking_at_object,0,4968,,,danbooru_api_no_chinese,low,,https://danbooru.donmai.us/wiki_pages/looking_at_object,ok
1794320,bow-shaped_hair,0,4948,,,danbooru_api_no_chinese,low,,https://danbooru.donmai.us/wiki_pages/bow-shaped_hair,ok
716981,holding_own_arm,0,4851,,,danbooru_api_no_chinese,low,,https://danbooru.donmai.us/wiki_pages/holding_own_arm,ok
1229660,multiple_horns,0,4828,,,danbooru_api_no_chinese,low,,https://danbooru.donmai.us/wiki_pages/multiple_horns,ok
374379,hairy,0,4805,,,danbooru_api_no_chinese,low,,https://danbooru.donmai.us/wiki_pages/hairy,ok
644588,long_eyelashes,0,4797,,,danbooru_api_no_chinese,low,,https://danbooru.donmai.us/wiki_pages/long_eyelashes,ok
1376935,blue_ascot,0,4768,,,danbooru_api_no_chinese,low,,https://danbooru.donmai.us/wiki_pages/blue_ascot,ok
540428,arm_around_shoulder,0,4724,,,danbooru_api_no_chinese,low,,https://danbooru.donmai.us/wiki_pages/arm_around_shoulder,ok
652486,v-fin,0,4722,,,danbooru_api_no_chinese,low,,https://danbooru.donmai.us/wiki_pages/v-fin,ok
1219136,hand_on_own_arm,0,4705,,,danbooru_api_no_chinese,low,,https://danbooru.donmai.us/wiki_pages/hand_on_own_arm,ok
1619425,crescent_pin,0,4699,,,danbooru_api_no_chinese,low,,https://danbooru.donmai.us/wiki_pages/crescent_pin,ok
403942,earpiece,0,4689,,,danbooru_api_no_chinese,low,,https://danbooru.donmai.us/wiki_pages/earpiece,ok
474982,white_robe,0,4678,,,danbooru_api_no_chinese,low,,https://danbooru.donmai.us/wiki_pages/white_robe,ok
461372,mobile_suit,0,4662,,,danbooru_api_no_chinese,low,,https://danbooru.donmai.us/wiki_pages/mobile_suit,ok
507697,purple_pantyhose,0,4659,,,danbooru_api_no_chinese,low,,https://danbooru.donmai.us/wiki_pages/purple_pantyhose,ok
1489840,white_horns,0,4659,,,danbooru_api_no_chinese,low,,https://danbooru.donmai.us/wiki_pages/white_horns,ok
636788,frilled_pillow,0,4633,,,danbooru_api_no_chinese,low,,https://danbooru.donmai.us/wiki_pages/frilled_pillow,ok
468460,torn_skirt,0,4619,,,danbooru_api_no_chinese,low,,https://danbooru.donmai.us/wiki_pages/torn_skirt,ok
1141250,black_fur,0,4595,,,danbooru_api_no_chinese,low,,https://danbooru.donmai.us/wiki_pages/black_fur,ok
1437301,black_bag,0,4563,,,danbooru_api_no_chinese,low,,https://danbooru.donmai.us/wiki_pages/black_bag,ok
1385010,kissing_cheek,0,4559,,,danbooru_api_no_chinese,low,,https://danbooru.donmai.us/wiki_pages/kissing_cheek,ok
1582500,scar_on_arm,0,4557,,,danbooru_api_no_chinese,low,,https://danbooru.donmai.us/wiki_pages/scar_on_arm,ok
1258092,ribbon-trimmed_legwear,0,4541,,,danbooru_api_no_chinese,low,,https://danbooru.donmai.us/wiki_pages/ribbon-trimmed_legwear,ok
1411341,hooded_capelet,0,4538,,,danbooru_api_no_chinese,low,,https://danbooru.donmai.us/wiki_pages/hooded_capelet,ok
1421703,small_horns,0,4517,,,danbooru_api_no_chinese,low,,https://danbooru.donmai.us/wiki_pages/small_horns,ok
1766885,demon_slayer_uniform,0,4499,,,danbooru_api_no_chinese,low,,https://danbooru.donmai.us/wiki_pages/demon_slayer_uniform,ok
560677,arm_rest,0,4494,,,danbooru_api_no_chinese,low,,https://danbooru.donmai.us/wiki_pages/arm_rest,ok
883683,white_feathers,0,4452,,,danbooru_api_no_chinese,low,,https://danbooru.donmai.us/wiki_pages/white_feathers,ok
1478255,dangle_earrings,0,4414,,,danbooru_api_no_chinese,low,,https://danbooru.donmai.us/wiki_pages/dangle_earrings,ok
1235204,bike_shorts_under_skirt,0,4394,,,danbooru_api_no_chinese,low,,https://danbooru.donmai.us/wiki_pages/bike_shorts_under_skirt,ok
1257314,idol_clothes,0,4263,,,danbooru_api_no_chinese,low,,https://danbooru.donmai.us/wiki_pages/idol_clothes,ok
1312165,orange_necktie,0,4262,,,danbooru_api_no_chinese,low,,https://danbooru.donmai.us/wiki_pages/orange_necktie,ok
493348,christmas_ornaments,0,4259,,,danbooru_api_no_chinese,low,,https://danbooru.donmai.us/wiki_pages/christmas_ornaments,ok
634638,text_background,0,4242,,,danbooru_api_no_chinese,low,,https://danbooru.donmai.us/wiki_pages/text_background,ok
609122,multiple_belts,0,4228,,,danbooru_api_no_chinese,low,,https://danbooru.donmai.us/wiki_pages/multiple_belts,ok
1322421,bandaid_on_cheek,0,4203,,,danbooru_api_no_chinese,low,,https://danbooru.donmai.us/wiki_pages/bandaid_on_cheek,ok
1530508,scar_on_nose,0,4175,,,danbooru_api_no_chinese,low,,https://danbooru.donmai.us/wiki_pages/scar_on_nose,ok
758409,taur,0,4162,,,danbooru_api_no_chinese,low,,https://danbooru.donmai.us/wiki_pages/taur,ok
1253174,employee_uniform,0,4158,,,danbooru_api_no_chinese,low,,https://danbooru.donmai.us/wiki_pages/employee_uniform,ok
676138,asymmetrical_footwear,0,4124,,,danbooru_api_no_chinese,low,,https://danbooru.donmai.us/wiki_pages/asymmetrical_footwear,ok
1770614,green_gemstone,0,4113,,,danbooru_api_no_chinese,low,,https://danbooru.donmai.us/wiki_pages/green_gemstone,not_found
558384,on_grass,0,4060,,,danbooru_api_no_chinese,low,,https://danbooru.donmai.us/wiki_pages/on_grass,ok
2006752,unworn_bra,0,4053,,,danbooru_api_no_chinese,low,,https://danbooru.donmai.us/wiki_pages/unworn_bra,ok
769705,holding_another's_arm,0,4047,,,danbooru_api_no_chinese,low,,https://danbooru.donmai.us/wiki_pages/holding_another%27s_arm,ok
1612103,milestone_celebration,0,4045,,,danbooru_api_no_chinese,low,,https://danbooru.donmai.us/wiki_pages/milestone_celebration,ok
549346,blue_pantyhose,0,4041,,,danbooru_api_no_chinese,low,,https://danbooru.donmai.us/wiki_pages/blue_pantyhose,ok
590039,animal_feet,0,4030,,,danbooru_api_no_chinese,low,,https://danbooru.donmai.us/wiki_pages/animal_feet,ok
1435434,two-tone_skirt,0,4029,,,danbooru_api_no_chinese,low,,https://danbooru.donmai.us/wiki_pages/two-tone_skirt,ok
1319620,wing_hair_ornament,0,4026,,,danbooru_api_no_chinese,low,,https://danbooru.donmai.us/wiki_pages/wing_hair_ornament,ok
520227,cowlick,0,4025,,,danbooru_api_no_chinese,low,,https://danbooru.donmai.us/wiki_pages/cowlick,ok
1227710,tail_through_clothes,0,3990,,,danbooru_api_no_chinese,low,,https://danbooru.donmai.us/wiki_pages/tail_through_clothes,ok
1517305,presenting_armpit,0,3976,,,danbooru_api_no_chinese,low,,https://danbooru.donmai.us/wiki_pages/presenting_armpit,not_found
1888618,fairy_(sao),0,3962,,,danbooru_api_no_chinese,low,,https://danbooru.donmai.us/wiki_pages/fairy_%28sao%29,ok
1436828,obiage,0,3923,,,danbooru_api_no_chinese,low,,https://danbooru.donmai.us/wiki_pages/obiage,ok
1805482,non-humanoid_robot,0,3917,,,danbooru_api_no_chinese,low,,https://danbooru.donmai.us/wiki_pages/non-humanoid_robot,ok
1441884,rectangular_eyewear,0,3910,,,danbooru_api_no_chinese,low,,https://danbooru.donmai.us/wiki_pages/rectangular_eyewear,ok
1371311,aqua_bowtie,0,3895,,,danbooru_api_no_chinese,low,,https://danbooru.donmai.us/wiki_pages/aqua_bowtie,ok
1316028,american_flag_legwear,0,3867,,,danbooru_api_no_chinese,low,,https://danbooru.donmai.us/wiki_pages/american_flag_legwear,ok
585305,ear_ribbon,0,3837,,,danbooru_api_no_chinese,low,,https://danbooru.donmai.us/wiki_pages/ear_ribbon,ok
1400382,barbell_piercing,0,3836,,,danbooru_api_no_chinese,low,,https://danbooru.donmai.us/wiki_pages/barbell_piercing,ok
743282,layered_clothes,0,3806,,,danbooru_api_no_chinese,low,,https://danbooru.donmai.us/wiki_pages/layered_clothes,ok
1451190,white_wrist_cuffs,0,3759,,,danbooru_api_no_chinese,low,,https://danbooru.donmai.us/wiki_pages/white_wrist_cuffs,ok
1319452,hand_on_another's_arm,0,3725,,,danbooru_api_no_chinese,low,,https://danbooru.donmai.us/wiki_pages/hand_on_another%27s_arm,ok
1839475,chips_(food),0,3723,,,danbooru_api_no_chinese,low,,https://danbooru.donmai.us/wiki_pages/chips_%28food%29,ok
2065896,diagonal-striped_clothes,0,3718,,,danbooru_api_no_chinese,low,,https://danbooru.donmai.us/wiki_pages/diagonal-striped_clothes,ok
409293,open_dress,0,3700,,,danbooru_api_no_chinese,low,,https://danbooru.donmai.us/wiki_pages/open_dress,ok
1304169,au_ra,0,3697,,,danbooru_api_no_chinese,low,,https://danbooru.donmai.us/wiki_pages/au_ra,ok
1450243,weibo_logo,0,3687,,,danbooru_api_no_chinese,low,,https://danbooru.donmai.us/wiki_pages/weibo_logo,ok
653049,red_eyeliner,0,3670,,,danbooru_api_no_chinese,low,,https://danbooru.donmai.us/wiki_pages/red_eyeliner,ok
685091,hand_on_another's_back,0,3665,,,danbooru_api_no_chinese,low,,https://danbooru.donmai.us/wiki_pages/hand_on_another%27s_back,ok
1399079,holding_drink,0,3664,,,danbooru_api_no_chinese,low,,https://danbooru.donmai.us/wiki_pages/holding_drink,ok
1623670,diamond_button,0,3606,,,danbooru_api_no_chinese,low,,https://danbooru.donmai.us/wiki_pages/diamond_button,ok
1413751,print_bowtie,0,3606,,,danbooru_api_no_chinese,low,,https://danbooru.donmai.us/wiki_pages/print_bowtie,ok
1422860,two-tone_swimsuit,0,3574,,,danbooru_api_no_chinese,low,,https://danbooru.donmai.us/wiki_pages/two-tone_swimsuit,ok
1427966,yellow_cardigan,0,3563,,,danbooru_api_no_chinese,low,,https://danbooru.donmai.us/wiki_pages/yellow_cardigan,ok
1365001,black_robe,0,3554,,,danbooru_api_no_chinese,low,,https://danbooru.donmai.us/wiki_pages/black_robe,ok
1471518,horseshoe_ornament,0,3554,,,danbooru_api_no_chinese,low,,https://danbooru.donmai.us/wiki_pages/horseshoe_ornament,ok
462978,??,0,3553,,,danbooru_api_no_chinese,low,,https://danbooru.donmai.us/wiki_pages/%3F%3F,ok
1579047,rabbit_pose,0,3550,,,danbooru_api_no_chinese,low,,https://danbooru.donmai.us/wiki_pages/rabbit_pose,ok
1791866,holding_smoking_pipe,0,3545,,,danbooru_api_no_chinese,low,,https://danbooru.donmai.us/wiki_pages/holding_smoking_pipe,ok
1472233,high-waist_shorts,0,3518,,,danbooru_api_no_chinese,low,,https://danbooru.donmai.us/wiki_pages/high-waist_shorts,ok
473427,green_thighhighs,0,3516,,,danbooru_api_no_chinese,low,,https://danbooru.donmai.us/wiki_pages/green_thighhighs,ok
1403286,black_mask,0,3513,,,danbooru_api_no_chinese,low,,https://danbooru.donmai.us/wiki_pages/black_mask,ok
1383796,rabbit_hood,0,3509,,,danbooru_api_no_chinese,low,,https://danbooru.donmai.us/wiki_pages/rabbit_hood,ok
548668,excalibur_(fate/stay_night),0,3507,,,danbooru_api_no_chinese,low,,https://danbooru.donmai.us/wiki_pages/excalibur_%28fate%2Fstay_night%29,ok
514768,grey_sky,0,3489,,,danbooru_api_no_chinese,low,,https://danbooru.donmai.us/wiki_pages/grey_sky,ok
1342976,rabbit_print,0,3487,,,danbooru_api_no_chinese,low,,https://danbooru.donmai.us/wiki_pages/rabbit_print,ok
647907,dragon_print,0,3477,,,danbooru_api_no_chinese,low,,https://danbooru.donmai.us/wiki_pages/dragon_print,ok
465416,sleeveless_sweater,0,3470,,,danbooru_api_no_chinese,low,,https://danbooru.donmai.us/wiki_pages/sleeveless_sweater,ok
602690,stuffed_cat,0,3469,,,danbooru_api_no_chinese,low,,https://danbooru.donmai.us/wiki_pages/stuffed_cat,ok
473206,grey_socks,0,3465,,,danbooru_api_no_chinese,low,,https://danbooru.donmai.us/wiki_pages/grey_socks,ok
682862,hand_on_another's_hip,0,3450,,,danbooru_api_no_chinese,low,,https://danbooru.donmai.us/wiki_pages/hand_on_another%27s_hip,ok
1976321,animal_ear_piercing,0,3434,,,danbooru_api_no_chinese,low,,https://danbooru.donmai.us/wiki_pages/animal_ear_piercing,ok
1514281,shark_hair_ornament,0,3434,,,danbooru_api_no_chinese,low,,https://danbooru.donmai.us/wiki_pages/shark_hair_ornament,ok
490993,colored_tongue,0,3433,,,danbooru_api_no_chinese,low,,https://danbooru.donmai.us/wiki_pages/colored_tongue,ok
1448570,gold_earrings,0,3419,,,danbooru_api_no_chinese,low,,https://danbooru.donmai.us/wiki_pages/gold_earrings,ok
1430633,two-tone_bikini,0,3417,,,danbooru_api_no_chinese,low,,https://danbooru.donmai.us/wiki_pages/two-tone_bikini,ok
1697967,tassel_hair_ornament,0,3413,,,danbooru_api_no_chinese,low,,https://danbooru.donmai.us/wiki_pages/tassel_hair_ornament,ok
629659,food_on_head,0,3405,,,danbooru_api_no_chinese,low,,https://danbooru.donmai.us/wiki_pages/food_on_head,ok
539295,feather_hair,0,3403,,,danbooru_api_no_chinese,low,,https://danbooru.donmai.us/wiki_pages/feather_hair,ok
615041,finger_to_cheek,0,3400,,,danbooru_api_no_chinese,low,,https://danbooru.donmai.us/wiki_pages/finger_to_cheek,ok
1402835,scene_reference,0,3380,,,danbooru_api_no_chinese,low,,https://danbooru.donmai.us/wiki_pages/scene_reference,ok
1488457,grey_horns,0,3371,,,danbooru_api_no_chinese,low,,https://danbooru.donmai.us/wiki_pages/grey_horns,ok
528325,red_pantyhose,0,3360,,,danbooru_api_no_chinese,low,,https://danbooru.donmai.us/wiki_pages/red_pantyhose,ok
1402052,white_cloak,0,3357,,,danbooru_api_no_chinese,low,,https://danbooru.donmai.us/wiki_pages/white_cloak,ok
458132,winged_hat,0,3331,,,danbooru_api_no_chinese,low,,https://danbooru.donmai.us/wiki_pages/winged_hat,ok
1613301,obliques,0,3323,,,danbooru_api_no_chinese,low,,https://danbooru.donmai.us/wiki_pages/obliques,ok
1422416,twitter_logo,0,3307,,,danbooru_api_no_chinese,low,,https://danbooru.donmai.us/wiki_pages/twitter_logo,ok
1463294,holding_controller,0,3297,,,danbooru_api_no_chinese,low,,https://danbooru.donmai.us/wiki_pages/holding_controller,ok
1480168,white_sports_bra,0,3268,,,danbooru_api_no_chinese,low,,https://danbooru.donmai.us/wiki_pages/white_sports_bra,ok
1383769,dot_mouth,0,3260,,,danbooru_api_no_chinese,low,,https://danbooru.donmai.us/wiki_pages/dot_mouth,ok
2025868,cellphone_photo,0,3254,,,danbooru_api_no_chinese,low,,https://danbooru.donmai.us/wiki_pages/cellphone_photo,ok
1484339,diagonal-striped_bow,0,3254,,,danbooru_api_no_chinese,low,,https://danbooru.donmai.us/wiki_pages/diagonal-striped_bow,ok
1163924,blue_fur,0,3248,,,danbooru_api_no_chinese,low,,https://danbooru.donmai.us/wiki_pages/blue_fur,ok
1119065,heart-shaped_pillow,0,3240,,,danbooru_api_no_chinese,low,,https://danbooru.donmai.us/wiki_pages/heart-shaped_pillow,ok
665809,hugging_doll,0,3239,,,danbooru_api_no_chinese,low,,https://danbooru.donmai.us/wiki_pages/hugging_doll,ok
2006755,unworn_helmet,0,3239,,,danbooru_api_no_chinese,low,,https://danbooru.donmai.us/wiki_pages/unworn_helmet,ok
586819,energy_wings,0,3236,,,danbooru_api_no_chinese,low,,https://danbooru.donmai.us/wiki_pages/energy_wings,ok
574719,multicolored_swimsuit,0,3233,,,danbooru_api_no_chinese,low,,https://danbooru.donmai.us/wiki_pages/multicolored_swimsuit,ok
713394,hand_on_another's_thigh,0,3230,,,danbooru_api_no_chinese,low,,https://danbooru.donmai.us/wiki_pages/hand_on_another%27s_thigh,ok
1551114,covered_abs,0,3220,,,danbooru_api_no_chinese,low,,https://danbooru.donmai.us/wiki_pages/covered_abs,ok
1475838,blue_overalls,0,3219,,,danbooru_api_no_chinese,low,,https://danbooru.donmai.us/wiki_pages/blue_overalls,ok
515468,head-mounted_display,0,3209,,,danbooru_api_no_chinese,low,,https://danbooru.donmai.us/wiki_pages/head-mounted_display,ok
520473,beard_stubble,0,3201,,,danbooru_api_no_chinese,low,,https://danbooru.donmai.us/wiki_pages/beard_stubble,ok
1326377,black_corset,0,3183,,,danbooru_api_no_chinese,low,,https://danbooru.donmai.us/wiki_pages/black_corset,ok
816551,jackal_ears,0,3174,,,danbooru_api_no_chinese,low,,https://danbooru.donmai.us/wiki_pages/jackal_ears,ok
1637933,evolutionary_line,0,3172,,,danbooru_api_no_chinese,low,,https://danbooru.donmai.us/wiki_pages/evolutionary_line,ok
1627141,gae_bolg_(fate),0,3164,,,danbooru_api_no_chinese,low,,https://danbooru.donmai.us/wiki_pages/gae_bolg_%28fate%29,ok
1928414,high_side_ponytail,0,3160,,,danbooru_api_no_chinese,low,,https://danbooru.donmai.us/wiki_pages/high_side_ponytail,ok
471577,red_socks,0,3156,,,danbooru_api_no_chinese,low,,https://danbooru.donmai.us/wiki_pages/red_socks,ok
1261354,feather_trim,0,3144,,,danbooru_api_no_chinese,low,,https://danbooru.donmai.us/wiki_pages/feather_trim,ok
699975,shoulder_spikes,0,3122,,,danbooru_api_no_chinese,low,,https://danbooru.donmai.us/wiki_pages/shoulder_spikes,ok
1328016,o-ring_choker,0,3118,,,danbooru_api_no_chinese,low,,https://danbooru.donmai.us/wiki_pages/o-ring_choker,ok
1582499,scar_on_forehead,0,3115,,,danbooru_api_no_chinese,low,,https://danbooru.donmai.us/wiki_pages/scar_on_forehead,ok
610726,shared_clothes,0,3112,,,danbooru_api_no_chinese,low,,https://danbooru.donmai.us/wiki_pages/shared_clothes,ok
1258390,holding_leash,0,3108,,,danbooru_api_no_chinese,low,,https://danbooru.donmai.us/wiki_pages/holding_leash,ok
1474162,gekkoukan_high_school_uniform,0,3108,,,danbooru_api_no_chinese,low,,https://danbooru.donmai.us/wiki_pages/gekkoukan_high_school_uniform,ok
699142,diamond-shaped_pupils,0,3095,,,danbooru_api_no_chinese,low,,https://danbooru.donmai.us/wiki_pages/diamond-shaped_pupils,ok
1386147,holding_hammer,0,3080,,,danbooru_api_no_chinese,low,,https://danbooru.donmai.us/wiki_pages/holding_hammer,ok
2006756,unworn_shirt,0,3080,,,danbooru_api_no_chinese,low,,https://danbooru.donmai.us/wiki_pages/unworn_shirt,ok
575698,torn_cape,0,3073,,,danbooru_api_no_chinese,low,,https://danbooru.donmai.us/wiki_pages/torn_cape,ok
1793456,cooperative_fellatio,0,3063,,,danbooru_api_no_chinese,low,,https://danbooru.donmai.us/wiki_pages/cooperative_fellatio,ok
673057,matching_outfits,0,3060,,,danbooru_api_no_chinese,low,,https://danbooru.donmai.us/wiki_pages/matching_outfits,ok
1457889,red_armband,0,3055,,,danbooru_api_no_chinese,low,,https://danbooru.donmai.us/wiki_pages/red_armband,ok
1723482,flame-tipped_tail,0,3052,,,danbooru_api_no_chinese,low,,https://danbooru.donmai.us/wiki_pages/flame-tipped_tail,ok
653053,strapless_shirt,0,3050,,,danbooru_api_no_chinese,low,,https://danbooru.donmai.us/wiki_pages/strapless_shirt,ok
1482386,tiger_boy,0,3047,,,danbooru_api_no_chinese,low,,https://danbooru.donmai.us/wiki_pages/tiger_boy,ok
615392,hair_horns,0,3046,,,danbooru_api_no_chinese,low,,https://danbooru.donmai.us/wiki_pages/hair_horns,ok
645791,patterned_background,0,3030,,,danbooru_api_no_chinese,low,,https://danbooru.donmai.us/wiki_pages/patterned_background,ok
1856853,asticassia_school_uniform,0,3024,,,danbooru_api_no_chinese,low,,https://danbooru.donmai.us/wiki_pages/asticassia_school_uniform,ok
1521615,skin_fangs,0,3018,,,danbooru_api_no_chinese,low,,https://danbooru.donmai.us/wiki_pages/skin_fangs,ok
484124,deer_ears,0,3015,,,danbooru_api_no_chinese,low,,https://danbooru.donmai.us/wiki_pages/deer_ears,ok
549590,uneven_gloves,0,3013,,,danbooru_api_no_chinese,low,,https://danbooru.donmai.us/wiki_pages/uneven_gloves,ok
1499947,looking_over_eyewear,0,3004,,,danbooru_api_no_chinese,low,,https://danbooru.donmai.us/wiki_pages/looking_over_eyewear,ok
1234797,foot_up,0,2995,,,danbooru_api_no_chinese,low,,https://danbooru.donmai.us/wiki_pages/foot_up,ok
1344462,blue_apron,0,2982,,,danbooru_api_no_chinese,low,,https://danbooru.donmai.us/wiki_pages/blue_apron,ok
1305007,chest_belt,0,2982,,,danbooru_api_no_chinese,low,,https://danbooru.donmai.us/wiki_pages/chest_belt,ok
1307801,feather_earrings,0,2962,,,danbooru_api_no_chinese,low,,https://danbooru.donmai.us/wiki_pages/feather_earrings,ok
525182,santa_bikini,0,2956,,,danbooru_api_no_chinese,low,,https://danbooru.donmai.us/wiki_pages/santa_bikini,ok
1502082,brown_sweater_vest,0,2952,,,danbooru_api_no_chinese,low,,https://danbooru.donmai.us/wiki_pages/brown_sweater_vest,ok
1975377,loose_hair_strand,0,2946,,,danbooru_api_no_chinese,low,,https://danbooru.donmai.us/wiki_pages/loose_hair_strand,ok
1403984,brown_capelet,0,2927,,,danbooru_api_no_chinese,low,,https://danbooru.donmai.us/wiki_pages/brown_capelet,ok
1446284,looking_at_animal,0,2910,,,danbooru_api_no_chinese,low,,https://danbooru.donmai.us/wiki_pages/looking_at_animal,ok
421506,head_grab,0,2900,,,danbooru_api_no_chinese,low,,https://danbooru.donmai.us/wiki_pages/head_grab,ok
625484,glitch,0,2900,,,danbooru_api_no_chinese,low,,https://danbooru.donmai.us/wiki_pages/glitch,ok
1333530,grey_fur,0,2899,,,danbooru_api_no_chinese,low,,https://danbooru.donmai.us/wiki_pages/grey_fur,ok
1467949,single_ear_cover,0,2883,,,danbooru_api_no_chinese,low,,https://danbooru.donmai.us/wiki_pages/single_ear_cover,ok
1338653,fur_scarf,0,2865,,,danbooru_api_no_chinese,low,,https://danbooru.donmai.us/wiki_pages/fur_scarf,ok
1247633,narrowed_eyes,0,2851,,,danbooru_api_no_chinese,low,,https://danbooru.donmai.us/wiki_pages/narrowed_eyes,ok
1338775,patterned_clothing,0,2840,,,danbooru_api_no_chinese,low,,https://danbooru.donmai.us/wiki_pages/patterned_clothing,ok
1253523,\||/,0,2826,,,danbooru_api_no_chinese,low,,https://danbooru.donmai.us/wiki_pages/%5C%7C%7C%2F,ok
1438761,high-waist_pants,0,2823,,,danbooru_api_no_chinese,low,,https://danbooru.donmai.us/wiki_pages/high-waist_pants,ok
1597364,chain_leash,0,2812,,,danbooru_api_no_chinese,low,,https://danbooru.donmai.us/wiki_pages/chain_leash,ok
543351,crossed_bandaids,0,2812,,,danbooru_api_no_chinese,low,,https://danbooru.donmai.us/wiki_pages/crossed_bandaids,ok
1578780,diagonal-striped_necktie,0,2793,,,danbooru_api_no_chinese,low,,https://danbooru.donmai.us/wiki_pages/diagonal-striped_necktie,ok
518423,black_leggings,0,2791,,,danbooru_api_no_chinese,low,,https://danbooru.donmai.us/wiki_pages/black_leggings,ok
1416546,red_hoodie,0,2767,,,danbooru_api_no_chinese,low,,https://danbooru.donmai.us/wiki_pages/red_hoodie,ok
1052255,drawing_(object),0,2766,,,danbooru_api_no_chinese,low,,https://danbooru.donmai.us/wiki_pages/drawing_%28object%29,ok
1253396,character_hair_ornament,0,2762,,,danbooru_api_no_chinese,low,,https://danbooru.donmai.us/wiki_pages/character_hair_ornament,ok
1370858,mechanical_horns,0,2762,,,danbooru_api_no_chinese,low,,https://danbooru.donmai.us/wiki_pages/mechanical_horns,ok
880368,humanoid_robot,0,2760,,,danbooru_api_no_chinese,low,,https://danbooru.donmai.us/wiki_pages/humanoid_robot,ok
1374594,grey-framed_eyewear,0,2756,,,danbooru_api_no_chinese,low,,https://danbooru.donmai.us/wiki_pages/grey-framed_eyewear,ok
379432,lights,0,2752,,,danbooru_api_no_chinese,low,,https://danbooru.donmai.us/wiki_pages/lights,ok
663171,sun_symbol,0,2752,,,danbooru_api_no_chinese,low,,https://danbooru.donmai.us/wiki_pages/sun_symbol,ok
1605926,see-through_legwear,0,2750,,,danbooru_api_no_chinese,low,,https://danbooru.donmai.us/wiki_pages/see-through_legwear,ok
1673151,uneven_sleeves,0,2748,,,danbooru_api_no_chinese,low,,https://danbooru.donmai.us/wiki_pages/uneven_sleeves,ok
909672,star_halo,0,2744,,,danbooru_api_no_chinese,low,,https://danbooru.donmai.us/wiki_pages/star_halo,ok
1606642,white_male_underwear,0,2741,,,danbooru_api_no_chinese,low,,https://danbooru.donmai.us/wiki_pages/white_male_underwear,ok
506895,ankle_cuffs,0,2721,,,danbooru_api_no_chinese,low,,https://danbooru.donmai.us/wiki_pages/ankle_cuffs,ok
835764,untied_panties,0,2719,,,danbooru_api_no_chinese,low,,https://danbooru.donmai.us/wiki_pages/untied_panties,ok
1241321,striped_horns,0,2718,,,danbooru_api_no_chinese,low,,https://danbooru.donmai.us/wiki_pages/striped_horns,ok
666137,aqua_bikini,0,2718,,,danbooru_api_no_chinese,low,,https://danbooru.donmai.us/wiki_pages/aqua_bikini,ok
1328259,multiple_moles,0,2717,,,danbooru_api_no_chinese,low,,https://danbooru.donmai.us/wiki_pages/multiple_moles,ok
1476167,holding_handheld_game_console,0,2716,,,danbooru_api_no_chinese,low,,https://danbooru.donmai.us/wiki_pages/holding_handheld_game_console,ok
1665195,reference_inset,0,2715,,,danbooru_api_no_chinese,low,,https://danbooru.donmai.us/wiki_pages/reference_inset,ok
1336227,red_bag,0,2702,,,danbooru_api_no_chinese,low,,https://danbooru.donmai.us/wiki_pages/red_bag,ok
1538888,kitauji_high_school_uniform,0,2701,,,danbooru_api_no_chinese,low,,https://danbooru.donmai.us/wiki_pages/kitauji_high_school_uniform,ok
1438860,black_sash,0,2698,,,danbooru_api_no_chinese,low,,https://danbooru.donmai.us/wiki_pages/black_sash,ok
1618015,slime_(creature),0,2697,,,danbooru_api_no_chinese,low,,https://danbooru.donmai.us/wiki_pages/slime_%28creature%29,ok
1426454,holding_clipboard,0,2686,,,danbooru_api_no_chinese,low,,https://danbooru.donmai.us/wiki_pages/holding_clipboard,ok
1204400,playing_with_own_hair,0,2680,,,danbooru_api_no_chinese,low,,https://danbooru.donmai.us/wiki_pages/playing_with_own_hair,ok
475212,very_long_sleeves,0,2678,,,danbooru_api_no_chinese,low,,https://danbooru.donmai.us/wiki_pages/very_long_sleeves,ok
655271,naked_jacket,0,2665,,,danbooru_api_no_chinese,low,,https://danbooru.donmai.us/wiki_pages/naked_jacket,ok
1835734,red_one-piece_swimsuit,0,2663,,,danbooru_api_no_chinese,low,,https://danbooru.donmai.us/wiki_pages/red_one-piece_swimsuit,ok
854287,ribbed_legwear,0,2654,,,danbooru_api_no_chinese,low,,https://danbooru.donmai.us/wiki_pages/ribbed_legwear,ok
585851,bound_ankles,0,2649,,,danbooru_api_no_chinese,low,,https://danbooru.donmai.us/wiki_pages/bound_ankles,ok
1418114,green_hoodie,0,2639,,,danbooru_api_no_chinese,low,,https://danbooru.donmai.us/wiki_pages/green_hoodie,ok
695921,white_sash,0,2637,,,danbooru_api_no_chinese,low,,https://danbooru.donmai.us/wiki_pages/white_sash,ok
1412053,magatama_necklace,0,2628,,,danbooru_api_no_chinese,low,,https://danbooru.donmai.us/wiki_pages/magatama_necklace,ok
667586,single_pauldron,0,2625,,,danbooru_api_no_chinese,low,,https://danbooru.donmai.us/wiki_pages/single_pauldron,ok
519346,short_bangs,0,2619,,,danbooru_api_no_chinese,low,,https://danbooru.donmai.us/wiki_pages/short_bangs,ok
1448374,reflective_water,0,2614,,,danbooru_api_no_chinese,low,,https://danbooru.donmai.us/wiki_pages/reflective_water,not_found
1608327,mixed-language_text,0,2613,,,danbooru_api_no_chinese,low,,https://danbooru.donmai.us/wiki_pages/mixed-language_text,ok
1494963,orange-tinted_eyewear,0,2611,,,danbooru_api_no_chinese,low,,https://danbooru.donmai.us/wiki_pages/orange-tinted_eyewear,ok
546937,cracked_skin,0,2610,,,danbooru_api_no_chinese,low,,https://danbooru.donmai.us/wiki_pages/cracked_skin,ok
1614785,finger_to_own_chin,0,2607,,,danbooru_api_no_chinese,low,,https://danbooru.donmai.us/wiki_pages/finger_to_own_chin,ok
1670355,furry_with_furry,0,2602,,,danbooru_api_no_chinese,low,,https://danbooru.donmai.us/wiki_pages/furry_with_furry,ok
1174935,hand_on_own_leg,0,2599,,,danbooru_api_no_chinese,low,,https://danbooru.donmai.us/wiki_pages/hand_on_own_leg,ok
1916192,traditional_nun,0,2584,,,danbooru_api_no_chinese,low,,https://danbooru.donmai.us/wiki_pages/traditional_nun,ok
502382,hyur,0,2555,,,danbooru_api_no_chinese,low,,https://danbooru.donmai.us/wiki_pages/hyur,ok
1609998,after_ejaculation,0,2551,,,danbooru_api_no_chinese,low,,https://danbooru.donmai.us/wiki_pages/after_ejaculation,ok
1557673,pendant_choker,0,2550,,,danbooru_api_no_chinese,low,,https://danbooru.donmai.us/wiki_pages/pendant_choker,ok
1268086,pink_bag,0,2539,,,danbooru_api_no_chinese,low,,https://danbooru.donmai.us/wiki_pages/pink_bag,ok
1227460,hands_on_another's_head,0,2527,,,danbooru_api_no_chinese,low,,https://danbooru.donmai.us/wiki_pages/hands_on_another%27s_head,ok
1342607,holding_lantern,0,2522,,,danbooru_api_no_chinese,low,,https://danbooru.donmai.us/wiki_pages/holding_lantern,ok
1574672,two-sided_cape,0,2519,,,danbooru_api_no_chinese,low,,https://danbooru.donmai.us/wiki_pages/two-sided_cape,ok
1577661,dynamax_band,0,2516,,,danbooru_api_no_chinese,low,,https://danbooru.donmai.us/wiki_pages/dynamax_band,ok
645001,assault_visor,0,2508,,,danbooru_api_no_chinese,low,,https://danbooru.donmai.us/wiki_pages/assault_visor,ok
1372686,shark_hood,0,2505,,,danbooru_api_no_chinese,low,,https://danbooru.donmai.us/wiki_pages/shark_hood,ok
1262479,plaid_bowtie,0,2501,,,danbooru_api_no_chinese,low,,https://danbooru.donmai.us/wiki_pages/plaid_bowtie,ok
1362227,holding_stick,0,2498,,,danbooru_api_no_chinese,low,,https://danbooru.donmai.us/wiki_pages/holding_stick,ok
1964758,fake_phone_screenshot,0,2497,,,danbooru_api_no_chinese,low,,https://danbooru.donmai.us/wiki_pages/fake_phone_screenshot,ok
455722,curtain_grab,0,2489,,,danbooru_api_no_chinese,low,,https://danbooru.donmai.us/wiki_pages/curtain_grab,ok
1330230,black_wristband,0,2484,,,danbooru_api_no_chinese,low,,https://danbooru.donmai.us/wiki_pages/black_wristband,ok
1691759,censored_nipples,0,2476,,,danbooru_api_no_chinese,low,,https://danbooru.donmai.us/wiki_pages/censored_nipples,ok
1912119,champion's_tunic_(zelda),0,2464,,,danbooru_api_no_chinese,low,,https://danbooru.donmai.us/wiki_pages/champion%27s_tunic_%28zelda%29,ok
543193,spread_wings,0,2461,,,danbooru_api_no_chinese,low,,https://danbooru.donmai.us/wiki_pages/spread_wings,ok
488259,skull_mask,0,2459,,,danbooru_api_no_chinese,low,,https://danbooru.donmai.us/wiki_pages/skull_mask,ok
1409793,grey_kimono,0,2455,,,danbooru_api_no_chinese,low,,https://danbooru.donmai.us/wiki_pages/grey_kimono,ok
564526,vertical-striped_pantyhose,0,2454,,,danbooru_api_no_chinese,low,,https://danbooru.donmai.us/wiki_pages/vertical-striped_pantyhose,ok
1999097,little_busters!_school_uniform,0,2452,,,danbooru_api_no_chinese,low,,https://danbooru.donmai.us/wiki_pages/little_busters%21_school_uniform,ok
1274924,hand_on_another's_ass,0,2431,,,danbooru_api_no_chinese,low,,https://danbooru.donmai.us/wiki_pages/hand_on_another%27s_ass,ok
1651209,fanbox_username,0,2429,,,danbooru_api_no_chinese,low,,https://danbooru.donmai.us/wiki_pages/fanbox_username,ok
1435804,bisexual_female,0,2415,,,danbooru_api_no_chinese,low,,https://danbooru.donmai.us/wiki_pages/bisexual_female,ok
1281566,spiked_armlet,0,2411,,,danbooru_api_no_chinese,low,,https://danbooru.donmai.us/wiki_pages/spiked_armlet,ok
1926062,millennium_cheerleader_outfit_(blue_archive),0,2400,,,danbooru_api_no_chinese,low,,https://danbooru.donmai.us/wiki_pages/millennium_cheerleader_outfit_%28blue_archive%29,ok
1396796,green_neckerchief,0,2397,,,danbooru_api_no_chinese,low,,https://danbooru.donmai.us/wiki_pages/green_neckerchief,ok
1610038,o-ring_thigh_strap,0,2396,,,danbooru_api_no_chinese,low,,https://danbooru.donmai.us/wiki_pages/o-ring_thigh_strap,ok
548895,frilled_socks,0,2384,,,danbooru_api_no_chinese,low,,https://danbooru.donmai.us/wiki_pages/frilled_socks,ok
1320208,grey_necktie,0,2379,,,danbooru_api_no_chinese,low,,https://danbooru.donmai.us/wiki_pages/grey_necktie,ok
1552758,breast_curtain,0,2378,,,danbooru_api_no_chinese,low,,https://danbooru.donmai.us/wiki_pages/breast_curtain,not_found
1307551,holstered,0,2374,,,danbooru_api_no_chinese,low,,https://danbooru.donmai.us/wiki_pages/holstered,ok
1409106,head_on_pillow,0,2367,,,danbooru_api_no_chinese,low,,https://danbooru.donmai.us/wiki_pages/head_on_pillow,ok
1402473,blue_sash,0,2364,,,danbooru_api_no_chinese,low,,https://danbooru.donmai.us/wiki_pages/blue_sash,ok
1574674,two-sided_jacket,0,2363,,,danbooru_api_no_chinese,low,,https://danbooru.donmai.us/wiki_pages/two-sided_jacket,ok
664405,plaid_necktie,0,2359,,,danbooru_api_no_chinese,low,,https://danbooru.donmai.us/wiki_pages/plaid_necktie,ok
1456557,hair_through_headwear,0,2354,,,danbooru_api_no_chinese,low,,https://danbooru.donmai.us/wiki_pages/hair_through_headwear,ok
2060120,holding_swim_ring,0,2344,,,danbooru_api_no_chinese,low,,https://danbooru.donmai.us/wiki_pages/holding_swim_ring,ok
577309,multiple_condoms,0,2343,,,danbooru_api_no_chinese,low,,https://danbooru.donmai.us/wiki_pages/multiple_condoms,ok
566340,loose_clothes,0,2337,,,danbooru_api_no_chinese,low,,https://danbooru.donmai.us/wiki_pages/loose_clothes,ok
639779,mechanical_tail,0,2336,,,danbooru_api_no_chinese,low,,https://danbooru.donmai.us/wiki_pages/mechanical_tail,ok
1606641,black_male_underwear,0,2315,,,danbooru_api_no_chinese,low,,https://danbooru.donmai.us/wiki_pages/black_male_underwear,ok
1781330,nijigasaki_academy_school_uniform,0,2305,,,danbooru_api_no_chinese,low,,https://danbooru.donmai.us/wiki_pages/nijigasaki_academy_school_uniform,not_found
1378645,constellation_print,0,2289,,,danbooru_api_no_chinese,low,,https://danbooru.donmai.us/wiki_pages/constellation_print,ok
1454154,black_pubic_hair,0,2281,,,danbooru_api_no_chinese,low,,https://danbooru.donmai.us/wiki_pages/black_pubic_hair,ok
1826631,tracen_training_uniform,0,2280,,,danbooru_api_no_chinese,low,,https://danbooru.donmai.us/wiki_pages/tracen_training_uniform,ok
991822,blue_eyeshadow,0,2279,,,danbooru_api_no_chinese,low,,https://danbooru.donmai.us/wiki_pages/blue_eyeshadow,ok
642312,handsfree_ejaculation,0,2277,,,danbooru_api_no_chinese,low,,https://danbooru.donmai.us/wiki_pages/handsfree_ejaculation,ok
548540,puckered_anus,0,2277,,,danbooru_api_no_chinese,low,,https://danbooru.donmai.us/wiki_pages/puckered_anus,ok
470025,open_pants,0,2273,,,danbooru_api_no_chinese,low,,https://danbooru.donmai.us/wiki_pages/open_pants,ok
1339894,fishnet_top,0,2273,,,danbooru_api_no_chinese,low,,https://danbooru.donmai.us/wiki_pages/fishnet_top,ok
1478253,drop_earrings,0,2271,,,danbooru_api_no_chinese,low,,https://danbooru.donmai.us/wiki_pages/drop_earrings,ok
1636694,sleeve_garter,0,2265,,,danbooru_api_no_chinese,low,,https://danbooru.donmai.us/wiki_pages/sleeve_garter,ok
585203,veiny_breasts,0,2265,,,danbooru_api_no_chinese,low,,https://danbooru.donmai.us/wiki_pages/veiny_breasts,ok
1768621,heart_o-ring,0,2265,,,danbooru_api_no_chinese,low,,https://danbooru.donmai.us/wiki_pages/heart_o-ring,ok
1440529,two-tone_ribbon,0,2263,,,danbooru_api_no_chinese,low,,https://danbooru.donmai.us/wiki_pages/two-tone_ribbon,ok
1455250,chest_strap,0,2262,,,danbooru_api_no_chinese,low,,https://danbooru.donmai.us/wiki_pages/chest_strap,ok
1675931,kalashnikov_rifle,0,2262,,,danbooru_api_no_chinese,low,,https://danbooru.donmai.us/wiki_pages/kalashnikov_rifle,ok
14637,tight_shirt,0,2259,,,danbooru_api_no_chinese,low,,https://danbooru.donmai.us/wiki_pages/tight_shirt,ok
1321158,brown_necktie,0,2257,,,danbooru_api_no_chinese,low,,https://danbooru.donmai.us/wiki_pages/brown_necktie,ok
495020,crazy_smile,0,2252,,,danbooru_api_no_chinese,low,,https://danbooru.donmai.us/wiki_pages/crazy_smile,ok
1496652,gold_hairband,0,2248,,,danbooru_api_no_chinese,low,,https://danbooru.donmai.us/wiki_pages/gold_hairband,ok
843166,yellow_hoodie,0,2246,,,danbooru_api_no_chinese,low,,https://danbooru.donmai.us/wiki_pages/yellow_hoodie,ok
1484368,white_bag,0,2242,,,danbooru_api_no_chinese,low,,https://danbooru.donmai.us/wiki_pages/white_bag,ok
1495030,red-tinted_eyewear,0,2242,,,danbooru_api_no_chinese,low,,https://danbooru.donmai.us/wiki_pages/red-tinted_eyewear,ok
1329387,deviantart_username,0,2240,,,danbooru_api_no_chinese,low,,https://danbooru.donmai.us/wiki_pages/deviantart_username,ok
1504868,eyebrow_cut,0,2240,,,danbooru_api_no_chinese,low,,https://danbooru.donmai.us/wiki_pages/eyebrow_cut,ok
1452744,collared_coat,0,2238,,,danbooru_api_no_chinese,low,,https://danbooru.donmai.us/wiki_pages/collared_coat,ok
565996,goat_ears,0,2237,,,danbooru_api_no_chinese,low,,https://danbooru.donmai.us/wiki_pages/goat_ears,ok
1464685,collared_cape,0,2235,,,danbooru_api_no_chinese,low,,https://danbooru.donmai.us/wiki_pages/collared_cape,ok
1314693,grey_scarf,0,2230,,,danbooru_api_no_chinese,low,,https://danbooru.donmai.us/wiki_pages/grey_scarf,ok
1344701,grey_border,0,2230,,,danbooru_api_no_chinese,low,,https://danbooru.donmai.us/wiki_pages/grey_border,ok
1853211,single_hair_ring,0,2230,,,danbooru_api_no_chinese,low,,https://danbooru.donmai.us/wiki_pages/single_hair_ring,ok
473417,yellow_thighhighs,0,2227,,,danbooru_api_no_chinese,low,,https://danbooru.donmai.us/wiki_pages/yellow_thighhighs,ok
1492898,green_sleeves,0,2225,,,danbooru_api_no_chinese,low,,https://danbooru.donmai.us/wiki_pages/green_sleeves,ok
1369179,orange_fur,0,2222,,,danbooru_api_no_chinese,low,,https://danbooru.donmai.us/wiki_pages/orange_fur,ok
445622,leopard_ears,0,2213,,,danbooru_api_no_chinese,low,,https://danbooru.donmai.us/wiki_pages/leopard_ears,ok
1770613,purple_gemstone,0,2210,,,danbooru_api_no_chinese,low,,https://danbooru.donmai.us/wiki_pages/purple_gemstone,not_found
1076157,futanari_masturbation,0,2209,,,danbooru_api_no_chinese,low,,https://danbooru.donmai.us/wiki_pages/futanari_masturbation,ok
1582504,scar_on_neck,0,2208,,,danbooru_api_no_chinese,low,,https://danbooru.donmai.us/wiki_pages/scar_on_neck,ok
1383063,clover_print,0,2205,,,danbooru_api_no_chinese,low,,https://danbooru.donmai.us/wiki_pages/clover_print,ok
1824446,lycoris_uniform,0,2202,,,danbooru_api_no_chinese,low,,https://danbooru.donmai.us/wiki_pages/lycoris_uniform,ok
473421,pink_socks,0,2198,,,danbooru_api_no_chinese,low,,https://danbooru.donmai.us/wiki_pages/pink_socks,ok
1378370,black_buruma,0,2197,,,danbooru_api_no_chinese,low,,https://danbooru.donmai.us/wiki_pages/black_buruma,ok
679014,greatsword,0,2189,,,danbooru_api_no_chinese,low,,https://danbooru.donmai.us/wiki_pages/greatsword,ok
705551,pixiv_id,0,2181,,,danbooru_api_no_chinese,low,,https://danbooru.donmai.us/wiki_pages/pixiv_id,ok
1399019,multicolored_fur,0,2179,,,danbooru_api_no_chinese,low,,https://danbooru.donmai.us/wiki_pages/multicolored_fur,ok
892083,green_apron,0,2174,,,danbooru_api_no_chinese,low,,https://danbooru.donmai.us/wiki_pages/green_apron,ok
543247,eyebrow_piercing,0,2167,,,danbooru_api_no_chinese,low,,https://danbooru.donmai.us/wiki_pages/eyebrow_piercing,ok
1039289,gold_necklace,0,2163,,,danbooru_api_no_chinese,low,,https://danbooru.donmai.us/wiki_pages/gold_necklace,ok
590886,bird_legs,0,2158,,,danbooru_api_no_chinese,low,,https://danbooru.donmai.us/wiki_pages/bird_legs,ok
485953,puffy_pants,0,2154,,,danbooru_api_no_chinese,low,,https://danbooru.donmai.us/wiki_pages/puffy_pants,ok
1568979,plaid_headwear,0,2152,,,danbooru_api_no_chinese,low,,https://danbooru.donmai.us/wiki_pages/plaid_headwear,ok
603414,space_helmet,0,2152,,,danbooru_api_no_chinese,low,,https://danbooru.donmai.us/wiki_pages/space_helmet,ok
512928,white_tail,0,2151,,,danbooru_api_no_chinese,low,,https://danbooru.donmai.us/wiki_pages/white_tail,ok
644441,fiery_hair,0,2143,,,danbooru_api_no_chinese,low,,https://danbooru.donmai.us/wiki_pages/fiery_hair,ok
1624910,sidepec,0,2143,,,danbooru_api_no_chinese,low,,https://danbooru.donmai.us/wiki_pages/sidepec,ok
1349615,red_fur,0,2141,,,danbooru_api_no_chinese,low,,https://danbooru.donmai.us/wiki_pages/red_fur,ok
617246,leather_belt,0,2139,,,danbooru_api_no_chinese,low,,https://danbooru.donmai.us/wiki_pages/leather_belt,ok
1721304,dyed_bangs,0,2120,,,danbooru_api_no_chinese,low,,https://danbooru.donmai.us/wiki_pages/dyed_bangs,not_found
662800,fake_antlers,0,2115,,,danbooru_api_no_chinese,low,,https://danbooru.donmai.us/wiki_pages/fake_antlers,ok
699609,frilled_cuffs,0,2114,,,danbooru_api_no_chinese,low,,https://danbooru.donmai.us/wiki_pages/frilled_cuffs,ok
1901538,scissor_blade_(kill_la_kill),0,2113,,,danbooru_api_no_chinese,low,,https://danbooru.donmai.us/wiki_pages/scissor_blade_%28kill_la_kill%29,ok
1713028,two-tone_bowtie,0,2111,,,danbooru_api_no_chinese,low,,https://danbooru.donmai.us/wiki_pages/two-tone_bowtie,ok
673730,palm_leaf,0,2109,,,danbooru_api_no_chinese,low,,https://danbooru.donmai.us/wiki_pages/palm_leaf,ok
1265860,pink_blood,0,2107,,,danbooru_api_no_chinese,low,,https://danbooru.donmai.us/wiki_pages/pink_blood,ok
1279653,holding_brush,0,2105,,,danbooru_api_no_chinese,low,,https://danbooru.donmai.us/wiki_pages/holding_brush,ok
708792,checkered_necktie,0,2098,,,danbooru_api_no_chinese,low,,https://danbooru.donmai.us/wiki_pages/checkered_necktie,ok
1400049,on_bench,0,2096,,,danbooru_api_no_chinese,low,,https://danbooru.donmai.us/wiki_pages/on_bench,ok
1686527,jack-o'_challenge,0,2094,,,danbooru_api_no_chinese,low,,https://danbooru.donmai.us/wiki_pages/jack-o%27_challenge,ok
1419859,fur-trimmed_cloak,0,2085,,,danbooru_api_no_chinese,low,,https://danbooru.donmai.us/wiki_pages/fur-trimmed_cloak,ok
1323483,fangs_out,0,2081,,,danbooru_api_no_chinese,low,,https://danbooru.donmai.us/wiki_pages/fangs_out,ok
721724,gold_bracelet,0,2081,,,danbooru_api_no_chinese,low,,https://danbooru.donmai.us/wiki_pages/gold_bracelet,ok
1470700,black_undershirt,0,2078,,,danbooru_api_no_chinese,low,,https://danbooru.donmai.us/wiki_pages/black_undershirt,ok
547081,incoming_attack,0,2075,,,danbooru_api_no_chinese,low,,https://danbooru.donmai.us/wiki_pages/incoming_attack,ok
1489808,poke_ball_symbol,0,2072,,,danbooru_api_no_chinese,low,,https://danbooru.donmai.us/wiki_pages/poke_ball_symbol,ok
1324692,pink_fur,0,2072,,,danbooru_api_no_chinese,low,,https://danbooru.donmai.us/wiki_pages/pink_fur,ok
465863,cum_on_legs,0,2071,,,danbooru_api_no_chinese,low,,https://danbooru.donmai.us/wiki_pages/cum_on_legs,ok
1438305,holding_baseball_bat,0,2064,,,danbooru_api_no_chinese,low,,https://danbooru.donmai.us/wiki_pages/holding_baseball_bat,ok
1441880,hand_on_eyewear,0,2063,,,danbooru_api_no_chinese,low,,https://danbooru.donmai.us/wiki_pages/hand_on_eyewear,ok
473475,orange_thighhighs,0,2059,,,danbooru_api_no_chinese,low,,https://danbooru.donmai.us/wiki_pages/orange_thighhighs,ok
550124,sitting_in_tree,0,2056,,,danbooru_api_no_chinese,low,,https://danbooru.donmai.us/wiki_pages/sitting_in_tree,ok
660778,knees_apart_feet_together,0,2048,,,danbooru_api_no_chinese,low,,https://danbooru.donmai.us/wiki_pages/knees_apart_feet_together,ok
1258088,ribbon-trimmed_clothes,0,2047,,,danbooru_api_no_chinese,low,,https://danbooru.donmai.us/wiki_pages/ribbon-trimmed_clothes,ok
1363208,blue_bag,0,2044,,,danbooru_api_no_chinese,low,,https://danbooru.donmai.us/wiki_pages/blue_bag,ok
1405177,purple_belt,0,2041,,,danbooru_api_no_chinese,low,,https://danbooru.donmai.us/wiki_pages/purple_belt,ok
411198,leg_hold,0,2040,,,danbooru_api_no_chinese,low,,https://danbooru.donmai.us/wiki_pages/leg_hold,ok
1648167,x-shaped_pupils,0,2039,,,danbooru_api_no_chinese,low,,https://danbooru.donmai.us/wiki_pages/x-shaped_pupils,ok
486968,red_bandana,0,2037,,,danbooru_api_no_chinese,low,,https://danbooru.donmai.us/wiki_pages/red_bandana,ok
684567,looking_at_mirror,0,2032,,,danbooru_api_no_chinese,low,,https://danbooru.donmai.us/wiki_pages/looking_at_mirror,ok
1413210,blue_collar,0,2029,,,danbooru_api_no_chinese,low,,https://danbooru.donmai.us/wiki_pages/blue_collar,ok
1426521,white_veil,0,2025,,,danbooru_api_no_chinese,low,,https://danbooru.donmai.us/wiki_pages/white_veil,ok
467618,belt_bra,0,2023,,,danbooru_api_no_chinese,low,,https://danbooru.donmai.us/wiki_pages/belt_bra,ok
1561753,yellow_armband,0,2023,,,danbooru_api_no_chinese,low,,https://danbooru.donmai.us/wiki_pages/yellow_armband,ok
500760,flower_ornament,0,2018,,,danbooru_api_no_chinese,low,,https://danbooru.donmai.us/wiki_pages/flower_ornament,ok
1238376,multicolored_shirt,0,1999,,,danbooru_api_no_chinese,low,,https://danbooru.donmai.us/wiki_pages/multicolored_shirt,ok
8989,viera,0,1998,,,danbooru_api_no_chinese,low,,https://danbooru.donmai.us/wiki_pages/viera,ok
534991,pillbox_hat,0,1997,,,danbooru_api_no_chinese,low,,https://danbooru.donmai.us/wiki_pages/pillbox_hat,ok
544443,penis_out,0,1995,,,danbooru_api_no_chinese,low,,https://danbooru.donmai.us/wiki_pages/penis_out,ok
526083,brown_socks,0,1995,,,danbooru_api_no_chinese,low,,https://danbooru.donmai.us/wiki_pages/brown_socks,ok
1283900,single_fingerless_glove,0,1993,,,danbooru_api_no_chinese,low,,https://danbooru.donmai.us/wiki_pages/single_fingerless_glove,ok
1490146,yellow_horns,0,1990,,,danbooru_api_no_chinese,low,,https://danbooru.donmai.us/wiki_pages/yellow_horns,ok
507379,yellow_belt,0,1987,,,danbooru_api_no_chinese,low,,https://danbooru.donmai.us/wiki_pages/yellow_belt,ok
1806377,homurahara_academy_school_uniform,0,1983,,,danbooru_api_no_chinese,low,,https://danbooru.donmai.us/wiki_pages/homurahara_academy_school_uniform,not_found
671484,stuffed_shark,0,1979,,,danbooru_api_no_chinese,low,,https://danbooru.donmai.us/wiki_pages/stuffed_shark,ok
1657712,veiny_arms,0,1977,,,danbooru_api_no_chinese,low,,https://danbooru.donmai.us/wiki_pages/veiny_arms,ok
2006757,unworn_bikini_top,0,1972,,,danbooru_api_no_chinese,low,,https://danbooru.donmai.us/wiki_pages/unworn_bikini_top,ok
670994,chocolate_on_body,0,1967,,,danbooru_api_no_chinese,low,,https://danbooru.donmai.us/wiki_pages/chocolate_on_body,ok
504308,redesign,0,1962,,,danbooru_api_no_chinese,low,,https://danbooru.donmai.us/wiki_pages/redesign,ok
1410489,shower_(place),0,1959,,,danbooru_api_no_chinese,low,,https://danbooru.donmai.us/wiki_pages/shower_%28place%29,ok
1361800,bow_earrings,0,1959,,,danbooru_api_no_chinese,low,,https://danbooru.donmai.us/wiki_pages/bow_earrings,ok
1339824,cropped_hoodie,0,1958,,,danbooru_api_no_chinese,low,,https://danbooru.donmai.us/wiki_pages/cropped_hoodie,ok
1365638,bandaid_on_hand,0,1954,,,danbooru_api_no_chinese,low,,https://danbooru.donmai.us/wiki_pages/bandaid_on_hand,ok
1761435,onee-loli,0,1953,,,danbooru_api_no_chinese,low,,https://danbooru.donmai.us/wiki_pages/onee-loli,ok
1637102,doughnut_hair_bun,0,1951,,,danbooru_api_no_chinese,low,,https://danbooru.donmai.us/wiki_pages/doughnut_hair_bun,not_found
1782264,sticker_on_face,0,1951,,,danbooru_api_no_chinese,low,,https://danbooru.donmai.us/wiki_pages/sticker_on_face,ok
1372846,pink_pajamas,0,1948,,,danbooru_api_no_chinese,low,,https://danbooru.donmai.us/wiki_pages/pink_pajamas,ok
1293722,bandaged_neck,0,1945,,,danbooru_api_no_chinese,low,,https://danbooru.donmai.us/wiki_pages/bandaged_neck,ok
1637843,crescent_facial_mark,0,1942,,,danbooru_api_no_chinese,low,,https://danbooru.donmai.us/wiki_pages/crescent_facial_mark,ok
1265402,heart_balloon,0,1941,,,danbooru_api_no_chinese,low,,https://danbooru.donmai.us/wiki_pages/heart_balloon,ok
10399,x,0,1939,,,danbooru_api_no_chinese,low,,https://danbooru.donmai.us/wiki_pages/x,not_found
1402459,blue_cloak,0,1937,,,danbooru_api_no_chinese,low,,https://danbooru.donmai.us/wiki_pages/blue_cloak,ok
1501189,stitched_face,0,1937,,,danbooru_api_no_chinese,low,,https://danbooru.donmai.us/wiki_pages/stitched_face,ok
760104,hand_on_another's_waist,0,1932,,,danbooru_api_no_chinese,low,,https://danbooru.donmai.us/wiki_pages/hand_on_another%27s_waist,ok
394997,sweatpants,0,1927,,,danbooru_api_no_chinese,low,,https://danbooru.donmai.us/wiki_pages/sweatpants,ok
1442004,eyewear_on_headwear,0,1925,,,danbooru_api_no_chinese,low,,https://danbooru.donmai.us/wiki_pages/eyewear_on_headwear,ok
1514129,sunburst_background,0,1923,,,danbooru_api_no_chinese,low,,https://danbooru.donmai.us/wiki_pages/sunburst_background,ok
1488134,brown_horns,0,1922,,,danbooru_api_no_chinese,low,,https://danbooru.donmai.us/wiki_pages/brown_horns,ok
1684797,grabbing_another's_chin,0,1920,,,danbooru_api_no_chinese,low,,https://danbooru.donmai.us/wiki_pages/grabbing_another%27s_chin,ok
612104,respirator,0,1918,,,danbooru_api_no_chinese,low,,https://danbooru.donmai.us/wiki_pages/respirator,ok
2006761,unworn_boots,0,1918,,,danbooru_api_no_chinese,low,,https://danbooru.donmai.us/wiki_pages/unworn_boots,ok
1598686,male_playboy_bunny,0,1902,,,danbooru_api_no_chinese,low,,https://danbooru.donmai.us/wiki_pages/male_playboy_bunny,ok
537025,thigh_belt,0,1898,,,danbooru_api_no_chinese,low,,https://danbooru.donmai.us/wiki_pages/thigh_belt,ok
1414657,purple_capelet,0,1892,,,danbooru_api_no_chinese,low,,https://danbooru.donmai.us/wiki_pages/purple_capelet,ok
1304063,yellow_bag,0,1891,,,danbooru_api_no_chinese,low,,https://danbooru.donmai.us/wiki_pages/yellow_bag,ok
1373454,instagram_username,0,1890,,,danbooru_api_no_chinese,low,,https://danbooru.donmai.us/wiki_pages/instagram_username,ok
1467809,3others,0,1889,,,danbooru_api_no_chinese,low,,https://danbooru.donmai.us/wiki_pages/3others,ok
2075818,nike_(company),0,1884,,,danbooru_api_no_chinese,low,,https://danbooru.donmai.us/wiki_pages/nike_%28company%29,ok
1376893,pink_eyeshadow,0,1882,,,danbooru_api_no_chinese,low,,https://danbooru.donmai.us/wiki_pages/pink_eyeshadow,ok
1678267,palette_(object),0,1880,,,danbooru_api_no_chinese,low,,https://danbooru.donmai.us/wiki_pages/palette_%28object%29,not_found
615369,blue_sclera,0,1877,,,danbooru_api_no_chinese,low,,https://danbooru.donmai.us/wiki_pages/blue_sclera,ok
661864,pink_belt,0,1874,,,danbooru_api_no_chinese,low,,https://danbooru.donmai.us/wiki_pages/pink_belt,ok
395436,reindeer_costume,0,1873,,,danbooru_api_no_chinese,low,,https://danbooru.donmai.us/wiki_pages/reindeer_costume,ok
1258091,ribbon-trimmed_collar,0,1870,,,danbooru_api_no_chinese,low,,https://danbooru.donmai.us/wiki_pages/ribbon-trimmed_collar,ok
1262922,head_on_another's_shoulder,0,1861,,,danbooru_api_no_chinese,low,,https://danbooru.donmai.us/wiki_pages/head_on_another%27s_shoulder,ok
1835746,pink_one-piece_swimsuit,0,1860,,,danbooru_api_no_chinese,low,,https://danbooru.donmai.us/wiki_pages/pink_one-piece_swimsuit,ok
1307726,magatama_earrings,0,1860,,,danbooru_api_no_chinese,low,,https://danbooru.donmai.us/wiki_pages/magatama_earrings,ok
663896,hand_on_another's_neck,0,1858,,,danbooru_api_no_chinese,low,,https://danbooru.donmai.us/wiki_pages/hand_on_another%27s_neck,ok
1349162,holding_balloon,0,1858,,,danbooru_api_no_chinese,low,,https://danbooru.donmai.us/wiki_pages/holding_balloon,ok
1464853,blue-tinted_eyewear,0,1857,,,danbooru_api_no_chinese,low,,https://danbooru.donmai.us/wiki_pages/blue-tinted_eyewear,ok
1328688,moon_(ornament),0,1856,,,danbooru_api_no_chinese,low,,https://danbooru.donmai.us/wiki_pages/moon_%28ornament%29,ok
1924272,buttoned_cuffs,0,1855,,,danbooru_api_no_chinese,low,,https://danbooru.donmai.us/wiki_pages/buttoned_cuffs,ok
444634,torn,0,1853,,,danbooru_api_no_chinese,low,,https://danbooru.donmai.us/wiki_pages/torn,ok
1185237,hair_in_own_mouth,0,1849,,,danbooru_api_no_chinese,low,,https://danbooru.donmai.us/wiki_pages/hair_in_own_mouth,ok
1672391,viewer_holding_leash,0,1848,,,danbooru_api_no_chinese,low,,https://danbooru.donmai.us/wiki_pages/viewer_holding_leash,ok
723185,stone_floor,0,1838,,,danbooru_api_no_chinese,low,,https://danbooru.donmai.us/wiki_pages/stone_floor,ok
671725,purple_eyeshadow,0,1837,,,danbooru_api_no_chinese,low,,https://danbooru.donmai.us/wiki_pages/purple_eyeshadow,ok
1326209,yellow_sash,0,1836,,,danbooru_api_no_chinese,low,,https://danbooru.donmai.us/wiki_pages/yellow_sash,ok
995808,penis_size_difference,0,1836,,,danbooru_api_no_chinese,low,,https://danbooru.donmai.us/wiki_pages/penis_size_difference,ok
1791857,painting_(action),0,1829,,,danbooru_api_no_chinese,low,,https://danbooru.donmai.us/wiki_pages/painting_%28action%29,ok
705858,partially_underwater_shot,0,1826,,,danbooru_api_no_chinese,low,,https://danbooru.donmai.us/wiki_pages/partially_underwater_shot,ok
1367101,holding_scissors,0,1826,,,danbooru_api_no_chinese,low,,https://danbooru.donmai.us/wiki_pages/holding_scissors,ok
1399177,brown_cloak,0,1821,,,danbooru_api_no_chinese,low,,https://danbooru.donmai.us/wiki_pages/brown_cloak,ok
414232,cum_on_hands,0,1820,,,danbooru_api_no_chinese,low,,https://danbooru.donmai.us/wiki_pages/cum_on_hands,ok
1425103,body_freckles,0,1820,,,danbooru_api_no_chinese,low,,https://danbooru.donmai.us/wiki_pages/body_freckles,ok
488375,rainbow_gradient,0,1818,,,danbooru_api_no_chinese,low,,https://danbooru.donmai.us/wiki_pages/rainbow_gradient,ok
533100,sitting_on_object,0,1817,,,danbooru_api_no_chinese,low,,https://danbooru.donmai.us/wiki_pages/sitting_on_object,ok
1302628,ace_(playing_card),0,1811,,,danbooru_api_no_chinese,low,,https://danbooru.donmai.us/wiki_pages/ace_%28playing_card%29,ok
1317361,multicolored_bow,0,1810,,,danbooru_api_no_chinese,low,,https://danbooru.donmai.us/wiki_pages/multicolored_bow,ok
1259138,mole_on_ass,0,1808,,,danbooru_api_no_chinese,low,,https://danbooru.donmai.us/wiki_pages/mole_on_ass,ok
1537058,diamond_cutout,0,1805,,,danbooru_api_no_chinese,low,,https://danbooru.donmai.us/wiki_pages/diamond_cutout,ok
598269,kissing_forehead,0,1801,,,danbooru_api_no_chinese,low,,https://danbooru.donmai.us/wiki_pages/kissing_forehead,ok
661553,grey_belt,0,1794,,,danbooru_api_no_chinese,low,,https://danbooru.donmai.us/wiki_pages/grey_belt,ok
1465373,triangle_earrings,0,1789,,,danbooru_api_no_chinese,low,,https://danbooru.donmai.us/wiki_pages/triangle_earrings,ok
1259665,bow_choker,0,1786,,,danbooru_api_no_chinese,low,,https://danbooru.donmai.us/wiki_pages/bow_choker,ok
1478379,dress_flower,0,1784,,,danbooru_api_no_chinese,low,,https://danbooru.donmai.us/wiki_pages/dress_flower,ok
1349438,animal_bag,0,1783,,,danbooru_api_no_chinese,low,,https://danbooru.donmai.us/wiki_pages/animal_bag,ok
1592986,rabbit_boy,0,1783,,,danbooru_api_no_chinese,low,,https://danbooru.donmai.us/wiki_pages/rabbit_boy,ok
601192,mechanical_hands,0,1783,,,danbooru_api_no_chinese,low,,https://danbooru.donmai.us/wiki_pages/mechanical_hands,ok
1354736,green_flower,0,1782,,,danbooru_api_no_chinese,low,,https://danbooru.donmai.us/wiki_pages/green_flower,ok
1467811,6+others,0,1776,,,danbooru_api_no_chinese,low,,https://danbooru.donmai.us/wiki_pages/6%2Bothers,ok
877384,hooded_robe,0,1773,,,danbooru_api_no_chinese,low,,https://danbooru.donmai.us/wiki_pages/hooded_robe,ok
600460,group_picture,0,1772,,,danbooru_api_no_chinese,low,,https://danbooru.donmai.us/wiki_pages/group_picture,ok
1494956,purple-tinted_eyewear,0,1768,,,danbooru_api_no_chinese,low,,https://danbooru.donmai.us/wiki_pages/purple-tinted_eyewear,ok
618406,yellow_pants,0,1766,,,danbooru_api_no_chinese,low,,https://danbooru.donmai.us/wiki_pages/yellow_pants,ok
1318253,purple_fur,0,1766,,,danbooru_api_no_chinese,low,,https://danbooru.donmai.us/wiki_pages/purple_fur,ok
1861756,straddling_paizuri,0,1766,,,danbooru_api_no_chinese,low,,https://danbooru.donmai.us/wiki_pages/straddling_paizuri,ok
1399082,heart_button,0,1765,,,danbooru_api_no_chinese,low,,https://danbooru.donmai.us/wiki_pages/heart_button,ok
1377225,bruise_on_face,0,1757,,,danbooru_api_no_chinese,low,,https://danbooru.donmai.us/wiki_pages/bruise_on_face,ok
1820926,sleeveless_turtleneck_leotard,0,1756,,,danbooru_api_no_chinese,low,,https://danbooru.donmai.us/wiki_pages/sleeveless_turtleneck_leotard,ok
689483,plaid_jacket,0,1756,,,danbooru_api_no_chinese,low,,https://danbooru.donmai.us/wiki_pages/plaid_jacket,ok
1411229,orange_neckerchief,0,1752,,,danbooru_api_no_chinese,low,,https://danbooru.donmai.us/wiki_pages/orange_neckerchief,ok
1516826,drinking_straw_in_mouth,0,1748,,,danbooru_api_no_chinese,low,,https://danbooru.donmai.us/wiki_pages/drinking_straw_in_mouth,ok
1440480,holding_water_gun,0,1747,,,danbooru_api_no_chinese,low,,https://danbooru.donmai.us/wiki_pages/holding_water_gun,ok
1386173,pixiv_username,0,1747,,,danbooru_api_no_chinese,low,,https://danbooru.donmai.us/wiki_pages/pixiv_username,ok
656250,arm_between_breasts,0,1746,,,danbooru_api_no_chinese,low,,https://danbooru.donmai.us/wiki_pages/arm_between_breasts,ok
1553320,two-tone_headwear,0,1746,,,danbooru_api_no_chinese,low,,https://danbooru.donmai.us/wiki_pages/two-tone_headwear,ok
1349919,brown_bowtie,0,1746,,,danbooru_api_no_chinese,low,,https://danbooru.donmai.us/wiki_pages/brown_bowtie,ok
781851,user_interface,0,1741,,,danbooru_api_no_chinese,low,,https://danbooru.donmai.us/wiki_pages/user_interface,ok
578544,leg_armor,0,1738,,,danbooru_api_no_chinese,low,,https://danbooru.donmai.us/wiki_pages/leg_armor,ok
405498,panda_ears,0,1738,,,danbooru_api_no_chinese,low,,https://danbooru.donmai.us/wiki_pages/panda_ears,ok
1295529,frilled_shorts,0,1735,,,danbooru_api_no_chinese,low,,https://danbooru.donmai.us/wiki_pages/frilled_shorts,ok
815986,fortissimo,0,1732,,,danbooru_api_no_chinese,low,,https://danbooru.donmai.us/wiki_pages/fortissimo,ok
1282898,cloth_gag,0,1727,,,danbooru_api_no_chinese,low,,https://danbooru.donmai.us/wiki_pages/cloth_gag,ok
1886311,in-franchise_crossover,0,1716,,,danbooru_api_no_chinese,low,,https://danbooru.donmai.us/wiki_pages/in-franchise_crossover,ok
1504221,purple_tail,0,1712,,,danbooru_api_no_chinese,low,,https://danbooru.donmai.us/wiki_pages/purple_tail,ok
1409470,multicolored_coat,0,1709,,,danbooru_api_no_chinese,low,,https://danbooru.donmai.us/wiki_pages/multicolored_coat,ok
1443767,team_rocket_uniform,0,1709,,,danbooru_api_no_chinese,low,,https://danbooru.donmai.us/wiki_pages/team_rocket_uniform,ok
1797270,colored_shoe_soles,0,1707,,,danbooru_api_no_chinese,low,,https://danbooru.donmai.us/wiki_pages/colored_shoe_soles,ok
1791399,neck_fur,0,1706,,,danbooru_api_no_chinese,low,,https://danbooru.donmai.us/wiki_pages/neck_fur,ok
1328687,earth_(ornament),0,1706,,,danbooru_api_no_chinese,low,,https://danbooru.donmai.us/wiki_pages/earth_%28ornament%29,ok
251194,gym,0,1702,,,danbooru_api_no_chinese,low,,https://danbooru.donmai.us/wiki_pages/gym,ok
1531641,light_blue_background,0,1702,,,danbooru_api_no_chinese,low,,https://danbooru.donmai.us/wiki_pages/light_blue_background,ok
1940710,mustache_stubble,0,1702,,,danbooru_api_no_chinese,low,,https://danbooru.donmai.us/wiki_pages/mustache_stubble,ok
2006135,greco-roman_clothes,0,1701,,,danbooru_api_no_chinese,low,,https://danbooru.donmai.us/wiki_pages/greco-roman_clothes,ok
600052,butterfly_on_hand,0,1701,,,danbooru_api_no_chinese,low,,https://danbooru.donmai.us/wiki_pages/butterfly_on_hand,ok
1542756,turtleneck_leotard,0,1699,,,danbooru_api_no_chinese,low,,https://danbooru.donmai.us/wiki_pages/turtleneck_leotard,ok
1235654,gradient_clothes,0,1693,,,danbooru_api_no_chinese,low,,https://danbooru.donmai.us/wiki_pages/gradient_clothes,ok
1340897,blue_feathers,0,1693,,,danbooru_api_no_chinese,low,,https://danbooru.donmai.us/wiki_pages/blue_feathers,ok
478497,sleep_mask,0,1691,,,danbooru_api_no_chinese,low,,https://danbooru.donmai.us/wiki_pages/sleep_mask,ok
2006849,unworn_bag,0,1689,,,danbooru_api_no_chinese,low,,https://danbooru.donmai.us/wiki_pages/unworn_bag,ok
1427360,gold_choker,0,1680,,,danbooru_api_no_chinese,low,,https://danbooru.donmai.us/wiki_pages/gold_choker,ok
11998,open_robe,0,1678,,,danbooru_api_no_chinese,low,,https://danbooru.donmai.us/wiki_pages/open_robe,ok
698204,multiple_piercings,0,1676,,,danbooru_api_no_chinese,low,,https://danbooru.donmai.us/wiki_pages/multiple_piercings,ok
1641153,icho_private_high_school_uniform,0,1676,,,danbooru_api_no_chinese,low,,https://danbooru.donmai.us/wiki_pages/icho_private_high_school_uniform,ok
1874891,object_through_head,0,1669,,,danbooru_api_no_chinese,low,,https://danbooru.donmai.us/wiki_pages/object_through_head,ok
1582502,scar_on_stomach,0,1668,,,danbooru_api_no_chinese,low,,https://danbooru.donmai.us/wiki_pages/scar_on_stomach,ok
1334561,loose_bowtie,0,1665,,,danbooru_api_no_chinese,low,,https://danbooru.donmai.us/wiki_pages/loose_bowtie,ok
632801,blue_tongue,0,1659,,,danbooru_api_no_chinese,low,,https://danbooru.donmai.us/wiki_pages/blue_tongue,ok
2006764,unworn_sandals,0,1656,,,danbooru_api_no_chinese,low,,https://danbooru.donmai.us/wiki_pages/unworn_sandals,ok
1347286,yellow_coat,0,1654,,,danbooru_api_no_chinese,low,,https://danbooru.donmai.us/wiki_pages/yellow_coat,ok
558489,white_armor,0,1654,,,danbooru_api_no_chinese,low,,https://danbooru.donmai.us/wiki_pages/white_armor,ok
411563,forked_tongue,0,1653,,,danbooru_api_no_chinese,low,,https://danbooru.donmai.us/wiki_pages/forked_tongue,ok
1465616,eyewear_strap,0,1653,,,danbooru_api_no_chinese,low,,https://danbooru.donmai.us/wiki_pages/eyewear_strap,ok
1859633,a_certain_high_school_uniform,0,1651,,,danbooru_api_no_chinese,low,,https://danbooru.donmai.us/wiki_pages/a_certain_high_school_uniform,ok
1353065,falling_feathers,0,1647,,,danbooru_api_no_chinese,low,,https://danbooru.donmai.us/wiki_pages/falling_feathers,ok
1981666,gun_sling,0,1646,,,danbooru_api_no_chinese,low,,https://danbooru.donmai.us/wiki_pages/gun_sling,ok
456305,pink_pantyhose,0,1644,,,danbooru_api_no_chinese,low,,https://danbooru.donmai.us/wiki_pages/pink_pantyhose,ok
1481466,purple_horns,0,1644,,,danbooru_api_no_chinese,low,,https://danbooru.donmai.us/wiki_pages/purple_horns,ok
721466,pointy_nose,0,1643,,,danbooru_api_no_chinese,low,,https://danbooru.donmai.us/wiki_pages/pointy_nose,ok
1682706,phoenix_crown,0,1641,,,danbooru_api_no_chinese,low,,https://danbooru.donmai.us/wiki_pages/phoenix_crown,ok
891632,artificial_eye,0,1638,,,danbooru_api_no_chinese,low,,https://danbooru.donmai.us/wiki_pages/artificial_eye,ok
2006759,unworn_gloves,0,1636,,,danbooru_api_no_chinese,low,,https://danbooru.donmai.us/wiki_pages/unworn_gloves,ok
711344,hand_on_own_shoulder,0,1635,,,danbooru_api_no_chinese,low,,https://danbooru.donmai.us/wiki_pages/hand_on_own_shoulder,ok
1925772,volleyball_(object),0,1632,,,danbooru_api_no_chinese,low,,https://danbooru.donmai.us/wiki_pages/volleyball_%28object%29,ok
1665347,full-body_tattoo,0,1630,,,danbooru_api_no_chinese,low,,https://danbooru.donmai.us/wiki_pages/full-body_tattoo,ok
1845182,guiding_hand,0,1629,,,danbooru_api_no_chinese,low,,https://danbooru.donmai.us/wiki_pages/guiding_hand,ok
1327857,red_apron,0,1629,,,danbooru_api_no_chinese,low,,https://danbooru.donmai.us/wiki_pages/red_apron,ok
1023597,large_hands,0,1628,,,danbooru_api_no_chinese,low,,https://danbooru.donmai.us/wiki_pages/large_hands,ok
1518587,striped_headwear,0,1628,,,danbooru_api_no_chinese,low,,https://danbooru.donmai.us/wiki_pages/striped_headwear,ok
1637827,star_facial_mark,0,1627,,,danbooru_api_no_chinese,low,,https://danbooru.donmai.us/wiki_pages/star_facial_mark,ok
1375970,hair_flowing_over,0,1627,,,danbooru_api_no_chinese,low,,https://danbooru.donmai.us/wiki_pages/hair_flowing_over,ok
635016,broken_chain,0,1626,,,danbooru_api_no_chinese,low,,https://danbooru.donmai.us/wiki_pages/broken_chain,ok
1465100,grey_sports_bra,0,1626,,,danbooru_api_no_chinese,low,,https://danbooru.donmai.us/wiki_pages/grey_sports_bra,ok
1302681,orange_pants,0,1625,,,danbooru_api_no_chinese,low,,https://danbooru.donmai.us/wiki_pages/orange_pants,ok
1558733,tulip_hat,0,1625,,,danbooru_api_no_chinese,low,,https://danbooru.donmai.us/wiki_pages/tulip_hat,ok
1603616,blunt_tresses,0,1618,,,danbooru_api_no_chinese,low,,https://danbooru.donmai.us/wiki_pages/blunt_tresses,ok
530749,orange_pantyhose,0,1615,,,danbooru_api_no_chinese,low,,https://danbooru.donmai.us/wiki_pages/orange_pantyhose,ok
1589331,off-shoulder_bikini,0,1615,,,danbooru_api_no_chinese,low,,https://danbooru.donmai.us/wiki_pages/off-shoulder_bikini,ok
1534682,aqua_headwear,0,1614,,,danbooru_api_no_chinese,low,,https://danbooru.donmai.us/wiki_pages/aqua_headwear,ok
473470,wrist_guards,0,1613,,,danbooru_api_no_chinese,low,,https://danbooru.donmai.us/wiki_pages/wrist_guards,ok
1934523,arched_bangs,0,1612,,,danbooru_api_no_chinese,low,,https://danbooru.donmai.us/wiki_pages/arched_bangs,ok
1201168,undressing_another,0,1607,,,danbooru_api_no_chinese,low,,https://danbooru.donmai.us/wiki_pages/undressing_another,ok
659417,mechanical_ears,0,1604,,,danbooru_api_no_chinese,low,,https://danbooru.donmai.us/wiki_pages/mechanical_ears,ok
677487,brown_wings,0,1603,,,danbooru_api_no_chinese,low,,https://danbooru.donmai.us/wiki_pages/brown_wings,ok
1430735,black_garter_belt,0,1601,,,danbooru_api_no_chinese,low,,https://danbooru.donmai.us/wiki_pages/black_garter_belt,ok
643912,tail_piercing,0,1601,,,danbooru_api_no_chinese,low,,https://danbooru.donmai.us/wiki_pages/tail_piercing,ok
1440492,green_capelet,0,1593,,,danbooru_api_no_chinese,low,,https://danbooru.donmai.us/wiki_pages/green_capelet,ok
663918,holding_fishing_rod,0,1592,,,danbooru_api_no_chinese,low,,https://danbooru.donmai.us/wiki_pages/holding_fishing_rod,ok
1916642,grey_halo,0,1591,,,danbooru_api_no_chinese,low,,https://danbooru.donmai.us/wiki_pages/grey_halo,ok
1416877,two-tone_footwear,0,1590,,,danbooru_api_no_chinese,low,,https://danbooru.donmai.us/wiki_pages/two-tone_footwear,ok
460553,no_eyebrows,0,1588,,,danbooru_api_no_chinese,low,,https://danbooru.donmai.us/wiki_pages/no_eyebrows,ok
1781164,gem_(symbol),0,1587,,,danbooru_api_no_chinese,low,,https://danbooru.donmai.us/wiki_pages/gem_%28symbol%29,ok
1775923,circled_9,0,1584,,,danbooru_api_no_chinese,low,,https://danbooru.donmai.us/wiki_pages/circled_9,ok
1258484,key_necklace,0,1584,,,danbooru_api_no_chinese,low,,https://danbooru.donmai.us/wiki_pages/key_necklace,ok
1298917,brown_apron,0,1582,,,danbooru_api_no_chinese,low,,https://danbooru.donmai.us/wiki_pages/brown_apron,ok
1494953,pink-tinted_eyewear,0,1580,,,danbooru_api_no_chinese,low,,https://danbooru.donmai.us/wiki_pages/pink-tinted_eyewear,ok
1554055,fiery_horns,0,1580,,,danbooru_api_no_chinese,low,,https://danbooru.donmai.us/wiki_pages/fiery_horns,ok
652982,visor_(armor),0,1578,,,danbooru_api_no_chinese,low,,https://danbooru.donmai.us/wiki_pages/visor_%28armor%29,ok
1421046,holding_cane,0,1578,,,danbooru_api_no_chinese,low,,https://danbooru.donmai.us/wiki_pages/holding_cane,ok
1931519,uneven_horns,0,1577,,,danbooru_api_no_chinese,low,,https://danbooru.donmai.us/wiki_pages/uneven_horns,ok
1376753,crescent_print,0,1573,,,danbooru_api_no_chinese,low,,https://danbooru.donmai.us/wiki_pages/crescent_print,ok
1350077,mask_around_neck,0,1572,,,danbooru_api_no_chinese,low,,https://danbooru.donmai.us/wiki_pages/mask_around_neck,ok
1448822,brown_hoodie,0,1571,,,danbooru_api_no_chinese,low,,https://danbooru.donmai.us/wiki_pages/brown_hoodie,ok
1303272,print_jacket,0,1570,,,danbooru_api_no_chinese,low,,https://danbooru.donmai.us/wiki_pages/print_jacket,ok
1406765,jaguar_ears,0,1570,,,danbooru_api_no_chinese,low,,https://danbooru.donmai.us/wiki_pages/jaguar_ears,ok
658981,open_belt,0,1569,,,danbooru_api_no_chinese,low,,https://danbooru.donmai.us/wiki_pages/open_belt,ok
1076527,sidecut,0,1568,,,danbooru_api_no_chinese,low,,https://danbooru.donmai.us/wiki_pages/sidecut,ok
1257558,round_image,0,1567,,,danbooru_api_no_chinese,low,,https://danbooru.donmai.us/wiki_pages/round_image,ok
593015,finger_to_face,0,1567,,,danbooru_api_no_chinese,low,,https://danbooru.donmai.us/wiki_pages/finger_to_face,ok
564677,playstation_controller,0,1558,,,danbooru_api_no_chinese,low,,https://danbooru.donmai.us/wiki_pages/playstation_controller,ok
1691576,two-tone_bodysuit,0,1558,,,danbooru_api_no_chinese,low,,https://danbooru.donmai.us/wiki_pages/two-tone_bodysuit,ok
1478006,holding_vegetable,0,1549,,,danbooru_api_no_chinese,low,,https://danbooru.donmai.us/wiki_pages/holding_vegetable,ok
1437142,purple_hoodie,0,1549,,,danbooru_api_no_chinese,low,,https://danbooru.donmai.us/wiki_pages/purple_hoodie,ok
1601080,animal_ear_legwear,0,1547,,,danbooru_api_no_chinese,low,,https://danbooru.donmai.us/wiki_pages/animal_ear_legwear,ok
1396963,holding_hose,0,1546,,,danbooru_api_no_chinese,low,,https://danbooru.donmai.us/wiki_pages/holding_hose,ok
374948,school_briefcase,0,1545,,,danbooru_api_no_chinese,low,,https://danbooru.donmai.us/wiki_pages/school_briefcase,ok
1499340,sphere_earrings,0,1544,,,danbooru_api_no_chinese,low,,https://danbooru.donmai.us/wiki_pages/sphere_earrings,ok
1976343,hoop_piercing,0,1544,,,danbooru_api_no_chinese,low,,https://danbooru.donmai.us/wiki_pages/hoop_piercing,ok
1393881,green_bag,0,1539,,,danbooru_api_no_chinese,low,,https://danbooru.donmai.us/wiki_pages/green_bag,ok
471805,pastel_colors,0,1536,,,danbooru_api_no_chinese,low,,https://danbooru.donmai.us/wiki_pages/pastel_colors,ok
1306233,triangle_print,0,1535,,,danbooru_api_no_chinese,low,,https://danbooru.donmai.us/wiki_pages/triangle_print,ok
608070,boxer_briefs,0,1533,,,danbooru_api_no_chinese,low,,https://danbooru.donmai.us/wiki_pages/boxer_briefs,ok
1349107,candy_hair_ornament,0,1531,,,danbooru_api_no_chinese,low,,https://danbooru.donmai.us/wiki_pages/candy_hair_ornament,ok
645622,sleeveless_coat,0,1528,,,danbooru_api_no_chinese,low,,https://danbooru.donmai.us/wiki_pages/sleeveless_coat,ok
2006760,unworn_socks,0,1527,,,danbooru_api_no_chinese,low,,https://danbooru.donmai.us/wiki_pages/unworn_socks,ok
596634,gradient_legwear,0,1526,,,danbooru_api_no_chinese,low,,https://danbooru.donmai.us/wiki_pages/gradient_legwear,ok
705129,holding_jacket,0,1525,,,danbooru_api_no_chinese,low,,https://danbooru.donmai.us/wiki_pages/holding_jacket,ok
574252,mismatched_sleeves,0,1522,,,danbooru_api_no_chinese,low,,https://danbooru.donmai.us/wiki_pages/mismatched_sleeves,ok
1070114,single_stripe,0,1518,,,danbooru_api_no_chinese,low,,https://danbooru.donmai.us/wiki_pages/single_stripe,ok
1387512,orange_ascot,0,1518,,,danbooru_api_no_chinese,low,,https://danbooru.donmai.us/wiki_pages/orange_ascot,ok
1248044,tooth_necklace,0,1517,,,danbooru_api_no_chinese,low,,https://danbooru.donmai.us/wiki_pages/tooth_necklace,ok
652996,salaryman,0,1517,,,danbooru_api_no_chinese,low,,https://danbooru.donmai.us/wiki_pages/salaryman,ok
634911,photo_inset,0,1516,,,danbooru_api_no_chinese,low,,https://danbooru.donmai.us/wiki_pages/photo_inset,ok
1400652,torpedo_launcher,0,1515,,,danbooru_api_no_chinese,low,,https://danbooru.donmai.us/wiki_pages/torpedo_launcher,ok
440354,yo-yo,0,1511,,,danbooru_api_no_chinese,low,,https://danbooru.donmai.us/wiki_pages/yo-yo,ok
536575,cheek_press,0,1509,,,danbooru_api_no_chinese,low,,https://danbooru.donmai.us/wiki_pages/cheek_press,ok
1411208,purple_neckerchief,0,1509,,,danbooru_api_no_chinese,low,,https://danbooru.donmai.us/wiki_pages/purple_neckerchief,ok
1501670,double_fox_shadow_puppet,0,1507,,,danbooru_api_no_chinese,low,,https://danbooru.donmai.us/wiki_pages/double_fox_shadow_puppet,ok
439288,basketball_uniform,0,1505,,,danbooru_api_no_chinese,low,,https://danbooru.donmai.us/wiki_pages/basketball_uniform,ok
643517,purple_fire,0,1505,,,danbooru_api_no_chinese,low,,https://danbooru.donmai.us/wiki_pages/purple_fire,ok
2022180,sideless_shirt,0,1505,,,danbooru_api_no_chinese,low,,https://danbooru.donmai.us/wiki_pages/sideless_shirt,ok
1940741,goatee_stubble,0,1504,,,danbooru_api_no_chinese,low,,https://danbooru.donmai.us/wiki_pages/goatee_stubble,ok
1391188,hand_tattoo,0,1504,,,danbooru_api_no_chinese,low,,https://danbooru.donmai.us/wiki_pages/hand_tattoo,ok
1379921,camouflage_jacket,0,1502,,,danbooru_api_no_chinese,low,,https://danbooru.donmai.us/wiki_pages/camouflage_jacket,ok
665044,holding_own_tail,0,1500,,,danbooru_api_no_chinese,low,,https://danbooru.donmai.us/wiki_pages/holding_own_tail,ok
1391097,grey_neckerchief,0,1499,,,danbooru_api_no_chinese,low,,https://danbooru.donmai.us/wiki_pages/grey_neckerchief,ok
1480073,brushing_another's_hair,0,1496,,,danbooru_api_no_chinese,low,,https://danbooru.donmai.us/wiki_pages/brushing_another%27s_hair,ok
1483316,single_horizontal_stripe,0,1494,,,danbooru_api_no_chinese,low,,https://danbooru.donmai.us/wiki_pages/single_horizontal_stripe,ok
629378,ruffling_hair,0,1490,,,danbooru_api_no_chinese,low,,https://danbooru.donmai.us/wiki_pages/ruffling_hair,ok
1426900,white_bird,0,1489,,,danbooru_api_no_chinese,low,,https://danbooru.donmai.us/wiki_pages/white_bird,ok
1542420,triangle_hair_ornament,0,1488,,,danbooru_api_no_chinese,low,,https://danbooru.donmai.us/wiki_pages/triangle_hair_ornament,ok
1677790,blood_on_knife,0,1485,,,danbooru_api_no_chinese,low,,https://danbooru.donmai.us/wiki_pages/blood_on_knife,ok
573617,food-themed_clothes,0,1483,,,danbooru_api_no_chinese,low,,https://danbooru.donmai.us/wiki_pages/food-themed_clothes,ok
1258750,mechanical_eye,0,1483,,,danbooru_api_no_chinese,low,,https://danbooru.donmai.us/wiki_pages/mechanical_eye,not_found
1509772,industrial_piercing,0,1483,,,danbooru_api_no_chinese,low,,https://danbooru.donmai.us/wiki_pages/industrial_piercing,ok
1409157,flower_tattoo,0,1482,,,danbooru_api_no_chinese,low,,https://danbooru.donmai.us/wiki_pages/flower_tattoo,ok
688469,spiked_choker,0,1480,,,danbooru_api_no_chinese,low,,https://danbooru.donmai.us/wiki_pages/spiked_choker,ok
567961,sword_on_back,0,1478,,,danbooru_api_no_chinese,low,,https://danbooru.donmai.us/wiki_pages/sword_on_back,ok
1231611,arrow_through_heart,0,1474,,,danbooru_api_no_chinese,low,,https://danbooru.donmai.us/wiki_pages/arrow_through_heart,ok
1582498,scar_on_leg,0,1474,,,danbooru_api_no_chinese,low,,https://danbooru.donmai.us/wiki_pages/scar_on_leg,ok
642887,wiping_sweat,0,1473,,,danbooru_api_no_chinese,low,,https://danbooru.donmai.us/wiki_pages/wiping_sweat,ok
1713829,mithra_(ff11),0,1472,,,danbooru_api_no_chinese,low,,https://danbooru.donmai.us/wiki_pages/mithra_%28ff11%29,ok
1586950,sobu_high_school_uniform,0,1472,,,danbooru_api_no_chinese,low,,https://danbooru.donmai.us/wiki_pages/sobu_high_school_uniform,ok
601148,huge_bow,0,1470,,,danbooru_api_no_chinese,low,,https://danbooru.donmai.us/wiki_pages/huge_bow,ok
378567,robot_girl,0,1469,,,danbooru_api_no_chinese,low,,https://danbooru.donmai.us/wiki_pages/robot_girl,ok
720999,aqua_jacket,0,1469,,,danbooru_api_no_chinese,low,,https://danbooru.donmai.us/wiki_pages/aqua_jacket,ok
1860041,multiple_drawing_challenge,0,1469,,,danbooru_api_no_chinese,low,,https://danbooru.donmai.us/wiki_pages/multiple_drawing_challenge,ok
558698,sig_sauer,0,1466,,,danbooru_api_no_chinese,low,,https://danbooru.donmai.us/wiki_pages/sig_sauer,ok
1533850,sleeve_bow,0,1466,,,danbooru_api_no_chinese,low,,https://danbooru.donmai.us/wiki_pages/sleeve_bow,ok
474442,plume,0,1466,,,danbooru_api_no_chinese,low,,https://danbooru.donmai.us/wiki_pages/plume,ok
1270497,pearl_bracelet,0,1462,,,danbooru_api_no_chinese,low,,https://danbooru.donmai.us/wiki_pages/pearl_bracelet,ok
388208,orange_hoodie,0,1462,,,danbooru_api_no_chinese,low,,https://danbooru.donmai.us/wiki_pages/orange_hoodie,ok
1457585,hooded_cardigan,0,1460,,,danbooru_api_no_chinese,low,,https://danbooru.donmai.us/wiki_pages/hooded_cardigan,ok
1243501,gibson_les_paul,0,1457,,,danbooru_api_no_chinese,low,,https://danbooru.donmai.us/wiki_pages/gibson_les_paul,ok
1440630,pink_capelet,0,1457,,,danbooru_api_no_chinese,low,,https://danbooru.donmai.us/wiki_pages/pink_capelet,ok
1642271,yurigaoka_girls_academy_school_uniform,0,1457,,,danbooru_api_no_chinese,low,,https://danbooru.donmai.us/wiki_pages/yurigaoka_girls_academy_school_uniform,ok
1250999,red_apple,0,1456,,,danbooru_api_no_chinese,low,,https://danbooru.donmai.us/wiki_pages/red_apple,ok
1880820,two-tone_sports_bra,0,1455,,,danbooru_api_no_chinese,low,,https://danbooru.donmai.us/wiki_pages/two-tone_sports_bra,ok
1607304,linear_hatching,0,1454,,,danbooru_api_no_chinese,low,,https://danbooru.donmai.us/wiki_pages/linear_hatching,ok
1605653,utensil_in_mouth,0,1454,,,danbooru_api_no_chinese,low,,https://danbooru.donmai.us/wiki_pages/utensil_in_mouth,ok
1884709,rabbit-shaped_pupils,0,1454,,,danbooru_api_no_chinese,low,,https://danbooru.donmai.us/wiki_pages/rabbit-shaped_pupils,ok
577080,hand_on_lap,0,1451,,,danbooru_api_no_chinese,low,,https://danbooru.donmai.us/wiki_pages/hand_on_lap,ok
1952120,historical_name_connection,0,1449,,,danbooru_api_no_chinese,low,,https://danbooru.donmai.us/wiki_pages/historical_name_connection,ok
1314077,dice_hair_ornament,0,1448,,,danbooru_api_no_chinese,low,,https://danbooru.donmai.us/wiki_pages/dice_hair_ornament,ok
1474354,holding_ladle,0,1445,,,danbooru_api_no_chinese,low,,https://danbooru.donmai.us/wiki_pages/holding_ladle,ok
1510994,sweaty_clothes,0,1445,,,danbooru_api_no_chinese,low,,https://danbooru.donmai.us/wiki_pages/sweaty_clothes,ok
643402,shorts_under_dress,0,1445,,,danbooru_api_no_chinese,low,,https://danbooru.donmai.us/wiki_pages/shorts_under_dress,ok
1460120,fur-trimmed_footwear,0,1444,,,danbooru_api_no_chinese,low,,https://danbooru.donmai.us/wiki_pages/fur-trimmed_footwear,ok
560409,streamers,0,1444,,,danbooru_api_no_chinese,low,,https://danbooru.donmai.us/wiki_pages/streamers,ok
685325,shiny_legwear,0,1444,,,danbooru_api_no_chinese,low,,https://danbooru.donmai.us/wiki_pages/shiny_legwear,ok
1881201,eden_academy_school_uniform,0,1442,,,danbooru_api_no_chinese,low,,https://danbooru.donmai.us/wiki_pages/eden_academy_school_uniform,ok
1492155,eyewear_hang,0,1441,,,danbooru_api_no_chinese,low,,https://danbooru.donmai.us/wiki_pages/eyewear_hang,ok
1629910,star_brooch,0,1440,,,danbooru_api_no_chinese,low,,https://danbooru.donmai.us/wiki_pages/star_brooch,ok
570743,kirin_(armor),0,1440,,,danbooru_api_no_chinese,low,,https://danbooru.donmai.us/wiki_pages/kirin_%28armor%29,ok
1271959,short_sidetail,0,1437,,,danbooru_api_no_chinese,low,,https://danbooru.donmai.us/wiki_pages/short_sidetail,not_found
2025915,same-sex_bathing,0,1435,,,danbooru_api_no_chinese,low,,https://danbooru.donmai.us/wiki_pages/same-sex_bathing,ok
490687,prehensile_tail,0,1435,,,danbooru_api_no_chinese,low,,https://danbooru.donmai.us/wiki_pages/prehensile_tail,ok
1545323,multicolored_headwear,0,1435,,,danbooru_api_no_chinese,low,,https://danbooru.donmai.us/wiki_pages/multicolored_headwear,ok
699281,oversized_food,0,1432,,,danbooru_api_no_chinese,low,,https://danbooru.donmai.us/wiki_pages/oversized_food,ok
542449,furigana,0,1431,,,danbooru_api_no_chinese,low,,https://danbooru.donmai.us/wiki_pages/furigana,ok
4760,campfire,0,1430,,,danbooru_api_no_chinese,low,,https://danbooru.donmai.us/wiki_pages/campfire,ok
494923,futa_on_male,0,1428,,,danbooru_api_no_chinese,low,,https://danbooru.donmai.us/wiki_pages/futa_on_male,ok
635045,solid_eyes,0,1427,,,danbooru_api_no_chinese,low,,https://danbooru.donmai.us/wiki_pages/solid_eyes,ok
1113314,thick_lips,0,1425,,,danbooru_api_no_chinese,low,,https://danbooru.donmai.us/wiki_pages/thick_lips,ok
1364633,covered_penis,0,1425,,,danbooru_api_no_chinese,low,,https://danbooru.donmai.us/wiki_pages/covered_penis,ok
1764814,compass_rose_halo,0,1424,,,danbooru_api_no_chinese,low,,https://danbooru.donmai.us/wiki_pages/compass_rose_halo,ok
1535711,cross_tie,0,1422,,,danbooru_api_no_chinese,low,,https://danbooru.donmai.us/wiki_pages/cross_tie,ok
584716,camouflage_pants,0,1418,,,danbooru_api_no_chinese,low,,https://danbooru.donmai.us/wiki_pages/camouflage_pants,ok
1432417,brown_tail,0,1417,,,danbooru_api_no_chinese,low,,https://danbooru.donmai.us/wiki_pages/brown_tail,ok
1611404,food-themed_earrings,0,1412,,,danbooru_api_no_chinese,low,,https://danbooru.donmai.us/wiki_pages/food-themed_earrings,ok
665405,white_umbrella,0,1411,,,danbooru_api_no_chinese,low,,https://danbooru.donmai.us/wiki_pages/white_umbrella,ok
499526,green_socks,0,1410,,,danbooru_api_no_chinese,low,,https://danbooru.donmai.us/wiki_pages/green_socks,ok
617695,big_nose,0,1408,,,danbooru_api_no_chinese,low,,https://danbooru.donmai.us/wiki_pages/big_nose,not_found
1361077,mole_above_mouth,0,1407,,,danbooru_api_no_chinese,low,,https://danbooru.donmai.us/wiki_pages/mole_above_mouth,ok
1506275,riding_pokemon,0,1407,,,danbooru_api_no_chinese,low,,https://danbooru.donmai.us/wiki_pages/riding_pokemon,ok
1391806,two-tone_bow,0,1403,,,danbooru_api_no_chinese,low,,https://danbooru.donmai.us/wiki_pages/two-tone_bow,ok
1471840,headlamp,0,1403,,,danbooru_api_no_chinese,low,,https://danbooru.donmai.us/wiki_pages/headlamp,ok
716813,sword_behind_back,0,1401,,,danbooru_api_no_chinese,low,,https://danbooru.donmai.us/wiki_pages/sword_behind_back,not_found
649117,multiple_swords,0,1399,,,danbooru_api_no_chinese,low,,https://danbooru.donmai.us/wiki_pages/multiple_swords,ok
1392086,grey_bodysuit,0,1398,,,danbooru_api_no_chinese,low,,https://danbooru.donmai.us/wiki_pages/grey_bodysuit,ok
1415933,fur-trimmed_shorts,0,1397,,,danbooru_api_no_chinese,low,,https://danbooru.donmai.us/wiki_pages/fur-trimmed_shorts,ok
682863,hand_on_another's_leg,0,1396,,,danbooru_api_no_chinese,low,,https://danbooru.donmai.us/wiki_pages/hand_on_another%27s_leg,ok
1353702,hands_on_own_ass,0,1394,,,danbooru_api_no_chinese,low,,https://danbooru.donmai.us/wiki_pages/hands_on_own_ass,ok
1481865,brown_corset,0,1394,,,danbooru_api_no_chinese,low,,https://danbooru.donmai.us/wiki_pages/brown_corset,ok
1090326,bird_mask,0,1394,,,danbooru_api_no_chinese,low,,https://danbooru.donmai.us/wiki_pages/bird_mask,ok
531189,foliage,0,1392,,,danbooru_api_no_chinese,low,,https://danbooru.donmai.us/wiki_pages/foliage,ok
1252372,sitting_on_bench,0,1391,,,danbooru_api_no_chinese,low,,https://danbooru.donmai.us/wiki_pages/sitting_on_bench,ok
165653,shirt_grab,0,1391,,,danbooru_api_no_chinese,low,,https://danbooru.donmai.us/wiki_pages/shirt_grab,not_found
485392,denim_jacket,0,1391,,,danbooru_api_no_chinese,low,,https://danbooru.donmai.us/wiki_pages/denim_jacket,ok
1713082,neck_tassel,0,1391,,,danbooru_api_no_chinese,low,,https://danbooru.donmai.us/wiki_pages/neck_tassel,ok
1494889,lion_boy,0,1389,,,danbooru_api_no_chinese,low,,https://danbooru.donmai.us/wiki_pages/lion_boy,ok
1414393,gradient_skin,0,1386,,,danbooru_api_no_chinese,low,,https://danbooru.donmai.us/wiki_pages/gradient_skin,ok
1538677,holding_gohei,0,1382,,,danbooru_api_no_chinese,low,,https://danbooru.donmai.us/wiki_pages/holding_gohei,ok
1719547,sailor_moon_redraw_challenge_(meme),0,1382,,,danbooru_api_no_chinese,low,,https://danbooru.donmai.us/wiki_pages/sailor_moon_redraw_challenge_%28meme%29,ok
695119,blood_in_hair,0,1381,,,danbooru_api_no_chinese,low,,https://danbooru.donmai.us/wiki_pages/blood_in_hair,ok
1575185,polka_dot_headwear,0,1380,,,danbooru_api_no_chinese,low,,https://danbooru.donmai.us/wiki_pages/polka_dot_headwear,ok
1033270,white_garter_straps,0,1378,,,danbooru_api_no_chinese,low,,https://danbooru.donmai.us/wiki_pages/white_garter_straps,ok
1396368,frilled_ascot,0,1377,,,danbooru_api_no_chinese,low,,https://danbooru.donmai.us/wiki_pages/frilled_ascot,ok
1243775,colored_shadow,0,1377,,,danbooru_api_no_chinese,low,,https://danbooru.donmai.us/wiki_pages/colored_shadow,ok
1490333,yellow_sleeves,0,1375,,,danbooru_api_no_chinese,low,,https://danbooru.donmai.us/wiki_pages/yellow_sleeves,ok
1295636,shark_costume,0,1375,,,danbooru_api_no_chinese,low,,https://danbooru.donmai.us/wiki_pages/shark_costume,ok
663895,hand_on_own_neck,0,1374,,,danbooru_api_no_chinese,low,,https://danbooru.donmai.us/wiki_pages/hand_on_own_neck,ok
1399022,no_sclera,0,1374,,,danbooru_api_no_chinese,low,,https://danbooru.donmai.us/wiki_pages/no_sclera,ok
1549436,cutout_above_navel,0,1373,,,danbooru_api_no_chinese,low,,https://danbooru.donmai.us/wiki_pages/cutout_above_navel,ok
1388990,two-tone_legwear,0,1365,,,danbooru_api_no_chinese,low,,https://danbooru.donmai.us/wiki_pages/two-tone_legwear,ok
502383,elezen,0,1365,,,danbooru_api_no_chinese,low,,https://danbooru.donmai.us/wiki_pages/elezen,ok
1498023,adapted_turret,0,1364,,,danbooru_api_no_chinese,low,,https://danbooru.donmai.us/wiki_pages/adapted_turret,ok
1592562,high-waist_pantyhose,0,1363,,,danbooru_api_no_chinese,low,,https://danbooru.donmai.us/wiki_pages/high-waist_pantyhose,ok
1301010,orange_sweater,0,1362,,,danbooru_api_no_chinese,low,,https://danbooru.donmai.us/wiki_pages/orange_sweater,ok
575592,glowing_wings,0,1361,,,danbooru_api_no_chinese,low,,https://danbooru.donmai.us/wiki_pages/glowing_wings,ok
713580,torn_jacket,0,1361,,,danbooru_api_no_chinese,low,,https://danbooru.donmai.us/wiki_pages/torn_jacket,ok
659959,scarf_over_mouth,0,1357,,,danbooru_api_no_chinese,low,,https://danbooru.donmai.us/wiki_pages/scarf_over_mouth,ok
611065,lace_choker,0,1357,,,danbooru_api_no_chinese,low,,https://danbooru.donmai.us/wiki_pages/lace_choker,ok
1345310,collared_vest,0,1357,,,danbooru_api_no_chinese,low,,https://danbooru.donmai.us/wiki_pages/collared_vest,ok
989449,paw_print_background,0,1356,,,danbooru_api_no_chinese,low,,https://danbooru.donmai.us/wiki_pages/paw_print_background,ok
468850,tall,0,1353,,,danbooru_api_no_chinese,low,,https://danbooru.donmai.us/wiki_pages/tall,ok
1522400,tented_shirt,0,1353,,,danbooru_api_no_chinese,low,,https://danbooru.donmai.us/wiki_pages/tented_shirt,ok
668837,ghost_costume,0,1353,,,danbooru_api_no_chinese,low,,https://danbooru.donmai.us/wiki_pages/ghost_costume,ok
11835,ballet,0,1352,,,danbooru_api_no_chinese,low,,https://danbooru.donmai.us/wiki_pages/ballet,ok
539907,calico,0,1349,,,danbooru_api_no_chinese,low,,https://danbooru.donmai.us/wiki_pages/calico,not_found
398497,mouth_pull,0,1348,,,danbooru_api_no_chinese,low,,https://danbooru.donmai.us/wiki_pages/mouth_pull,ok
1433794,holding_saucer,0,1347,,,danbooru_api_no_chinese,low,,https://danbooru.donmai.us/wiki_pages/holding_saucer,ok
1358423,multicolored_footwear,0,1345,,,danbooru_api_no_chinese,low,,https://danbooru.donmai.us/wiki_pages/multicolored_footwear,ok
593299,pink_border,0,1341,,,danbooru_api_no_chinese,low,,https://danbooru.donmai.us/wiki_pages/pink_border,ok
1393886,multicolored_kimono,0,1338,,,danbooru_api_no_chinese,low,,https://danbooru.donmai.us/wiki_pages/multicolored_kimono,ok
1152233,star_tattoo,0,1337,,,danbooru_api_no_chinese,low,,https://danbooru.donmai.us/wiki_pages/star_tattoo,ok
555475,pixiv_logo,0,1337,,,danbooru_api_no_chinese,low,,https://danbooru.donmai.us/wiki_pages/pixiv_logo,ok
540293,vampire_costume,0,1337,,,danbooru_api_no_chinese,low,,https://danbooru.donmai.us/wiki_pages/vampire_costume,ok
498775,orange_skin,0,1333,,,danbooru_api_no_chinese,low,,https://danbooru.donmai.us/wiki_pages/orange_skin,ok
1408058,brown_leotard,0,1332,,,danbooru_api_no_chinese,low,,https://danbooru.donmai.us/wiki_pages/brown_leotard,ok
1404921,pink_ascot,0,1331,,,danbooru_api_no_chinese,low,,https://danbooru.donmai.us/wiki_pages/pink_ascot,ok
591348,breast_cutout,0,1331,,,danbooru_api_no_chinese,low,,https://danbooru.donmai.us/wiki_pages/breast_cutout,not_found
1433301,two-tone_leotard,0,1330,,,danbooru_api_no_chinese,low,,https://danbooru.donmai.us/wiki_pages/two-tone_leotard,ok
1468288,holding_violin,0,1329,,,danbooru_api_no_chinese,low,,https://danbooru.donmai.us/wiki_pages/holding_violin,ok
1759071,cetacean_tail,0,1328,,,danbooru_api_no_chinese,low,,https://danbooru.donmai.us/wiki_pages/cetacean_tail,ok
1365868,holding_envelope,0,1326,,,danbooru_api_no_chinese,low,,https://danbooru.donmai.us/wiki_pages/holding_envelope,ok
1491890,deer_antlers,0,1326,,,danbooru_api_no_chinese,low,,https://danbooru.donmai.us/wiki_pages/deer_antlers,ok
1232450,sparkle_print,0,1325,,,danbooru_api_no_chinese,low,,https://danbooru.donmai.us/wiki_pages/sparkle_print,ok
515827,frog_print,0,1324,,,danbooru_api_no_chinese,low,,https://danbooru.donmai.us/wiki_pages/frog_print,ok
1484444,yellow_butterfly,0,1323,,,danbooru_api_no_chinese,low,,https://danbooru.donmai.us/wiki_pages/yellow_butterfly,ok
1497572,battery_indicator,0,1323,,,danbooru_api_no_chinese,low,,https://danbooru.donmai.us/wiki_pages/battery_indicator,ok
1403674,pink_camisole,0,1321,,,danbooru_api_no_chinese,low,,https://danbooru.donmai.us/wiki_pages/pink_camisole,ok
1825467,androgyne_symbol,0,1321,,,danbooru_api_no_chinese,low,,https://danbooru.donmai.us/wiki_pages/androgyne_symbol,ok
1421701,smokestack_hair_ornament,0,1321,,,danbooru_api_no_chinese,low,,https://danbooru.donmai.us/wiki_pages/smokestack_hair_ornament,ok
504393,looking_outside,0,1317,,,danbooru_api_no_chinese,low,,https://danbooru.donmai.us/wiki_pages/looking_outside,ok
877388,long_tail,0,1317,,,danbooru_api_no_chinese,low,,https://danbooru.donmai.us/wiki_pages/long_tail,not_found
1470893,blue_brooch,0,1316,,,danbooru_api_no_chinese,low,,https://danbooru.donmai.us/wiki_pages/blue_brooch,ok
597826,santa_gloves,0,1314,,,danbooru_api_no_chinese,low,,https://danbooru.donmai.us/wiki_pages/santa_gloves,ok
862310,kodona,0,1313,,,danbooru_api_no_chinese,low,,https://danbooru.donmai.us/wiki_pages/kodona,not_found
577111,pearl_earrings,0,1310,,,danbooru_api_no_chinese,low,,https://danbooru.donmai.us/wiki_pages/pearl_earrings,ok
619281,blue_border,0,1308,,,danbooru_api_no_chinese,low,,https://danbooru.donmai.us/wiki_pages/blue_border,ok
1337534,boobplate,0,1307,,,danbooru_api_no_chinese,low,,https://danbooru.donmai.us/wiki_pages/boobplate,ok
1514329,instagram_logo,0,1305,,,danbooru_api_no_chinese,low,,https://danbooru.donmai.us/wiki_pages/instagram_logo,ok
1417853,heart_collar,0,1303,,,danbooru_api_no_chinese,low,,https://danbooru.donmai.us/wiki_pages/heart_collar,ok
1329192,arm_armor,0,1300,,,danbooru_api_no_chinese,low,,https://danbooru.donmai.us/wiki_pages/arm_armor,ok
413107,puffy_cheeks,0,1300,,,danbooru_api_no_chinese,low,,https://danbooru.donmai.us/wiki_pages/puffy_cheeks,ok
556112,red_tail,0,1299,,,danbooru_api_no_chinese,low,,https://danbooru.donmai.us/wiki_pages/red_tail,ok
1627136,excalibur_morgan_(fate),0,1299,,,danbooru_api_no_chinese,low,,https://danbooru.donmai.us/wiki_pages/excalibur_morgan_%28fate%29,ok
470859,purple_socks,0,1298,,,danbooru_api_no_chinese,low,,https://danbooru.donmai.us/wiki_pages/purple_socks,ok
1402775,white_mask,0,1298,,,danbooru_api_no_chinese,low,,https://danbooru.donmai.us/wiki_pages/white_mask,ok
1872936,fourth_east_high_school_uniform,0,1297,,,danbooru_api_no_chinese,low,,https://danbooru.donmai.us/wiki_pages/fourth_east_high_school_uniform,ok
637714,holding_legs,0,1296,,,danbooru_api_no_chinese,low,,https://danbooru.donmai.us/wiki_pages/holding_legs,ok
509238,dialogue_box,0,1293,,,danbooru_api_no_chinese,low,,https://danbooru.donmai.us/wiki_pages/dialogue_box,ok
1508825,pouring_onto_self,0,1292,,,danbooru_api_no_chinese,low,,https://danbooru.donmai.us/wiki_pages/pouring_onto_self,ok
1344962,egg_hair_ornament,0,1292,,,danbooru_api_no_chinese,low,,https://danbooru.donmai.us/wiki_pages/egg_hair_ornament,ok
1915073,art_tools_in_frame,0,1289,,,danbooru_api_no_chinese,low,,https://danbooru.donmai.us/wiki_pages/art_tools_in_frame,ok
540308,baggy_clothes,0,1287,,,danbooru_api_no_chinese,low,,https://danbooru.donmai.us/wiki_pages/baggy_clothes,ok
1371202,yellow_cape,0,1284,,,danbooru_api_no_chinese,low,,https://danbooru.donmai.us/wiki_pages/yellow_cape,ok
579303,tail_ring,0,1283,,,danbooru_api_no_chinese,low,,https://danbooru.donmai.us/wiki_pages/tail_ring,ok
1326625,implied_yaoi,0,1283,,,danbooru_api_no_chinese,low,,https://danbooru.donmai.us/wiki_pages/implied_yaoi,ok
1319348,holding_bucket,0,1279,,,danbooru_api_no_chinese,low,,https://danbooru.donmai.us/wiki_pages/holding_bucket,ok
753278,analog_clock,0,1278,,,danbooru_api_no_chinese,low,,https://danbooru.donmai.us/wiki_pages/analog_clock,ok
1959261,mecha_focus,0,1278,,,danbooru_api_no_chinese,low,,https://danbooru.donmai.us/wiki_pages/mecha_focus,ok
502348,eyelid_pull,0,1278,,,danbooru_api_no_chinese,low,,https://danbooru.donmai.us/wiki_pages/eyelid_pull,ok
505302,bar_stool,0,1276,,,danbooru_api_no_chinese,low,,https://danbooru.donmai.us/wiki_pages/bar_stool,ok
1334692,side_drill,0,1275,,,danbooru_api_no_chinese,low,,https://danbooru.donmai.us/wiki_pages/side_drill,ok
607245,cropped_arms,0,1275,,,danbooru_api_no_chinese,low,,https://danbooru.donmai.us/wiki_pages/cropped_arms,ok
615525,blue_tail,0,1274,,,danbooru_api_no_chinese,low,,https://danbooru.donmai.us/wiki_pages/blue_tail,ok
1958420,sideburns_stubble,0,1274,,,danbooru_api_no_chinese,low,,https://danbooru.donmai.us/wiki_pages/sideburns_stubble,ok
1438041,blue_sports_bra,0,1274,,,danbooru_api_no_chinese,low,,https://danbooru.donmai.us/wiki_pages/blue_sports_bra,ok
1480873,presenting_foot,0,1274,,,danbooru_api_no_chinese,low,,https://danbooru.donmai.us/wiki_pages/presenting_foot,not_found
1881209,naranja_academy_school_uniform,0,1274,,,danbooru_api_no_chinese,low,,https://danbooru.donmai.us/wiki_pages/naranja_academy_school_uniform,ok
1609031,scar_on_mouth,0,1273,,,danbooru_api_no_chinese,low,,https://danbooru.donmai.us/wiki_pages/scar_on_mouth,ok
611912,huge_eyebrows,0,1273,,,danbooru_api_no_chinese,low,,https://danbooru.donmai.us/wiki_pages/huge_eyebrows,ok
1327704,nejiri_hachimaki,0,1272,,,danbooru_api_no_chinese,low,,https://danbooru.donmai.us/wiki_pages/nejiri_hachimaki,ok
1771225,lord_camelot_(fate),0,1272,,,danbooru_api_no_chinese,low,,https://danbooru.donmai.us/wiki_pages/lord_camelot_%28fate%29,ok
538324,manga_cover,0,1270,,,danbooru_api_no_chinese,low,,https://danbooru.donmai.us/wiki_pages/manga_cover,ok
469127,hair_wings,0,1270,,,danbooru_api_no_chinese,low,,https://danbooru.donmai.us/wiki_pages/hair_wings,ok
540095,bilingual,0,1269,,,danbooru_api_no_chinese,low,,https://danbooru.donmai.us/wiki_pages/bilingual,ok
627286,covering_one_eye,0,1269,,,danbooru_api_no_chinese,low,,https://danbooru.donmai.us/wiki_pages/covering_one_eye,ok
665204,thick_eyelashes,0,1268,,,danbooru_api_no_chinese,low,,https://danbooru.donmai.us/wiki_pages/thick_eyelashes,ok
1561175,champion_uniform,0,1267,,,danbooru_api_no_chinese,low,,https://danbooru.donmai.us/wiki_pages/champion_uniform,not_found
1292517,glowing_butterfly,0,1266,,,danbooru_api_no_chinese,low,,https://danbooru.donmai.us/wiki_pages/glowing_butterfly,ok
714474,thighhighs_over_pantyhose,0,1264,,,danbooru_api_no_chinese,low,,https://danbooru.donmai.us/wiki_pages/thighhighs_over_pantyhose,ok
550074,in_water,0,1264,,,danbooru_api_no_chinese,low,,https://danbooru.donmai.us/wiki_pages/in_water,ok
1703807,star_sticker,0,1263,,,danbooru_api_no_chinese,low,,https://danbooru.donmai.us/wiki_pages/star_sticker,ok
1399017,grey_tail,0,1262,,,danbooru_api_no_chinese,low,,https://danbooru.donmai.us/wiki_pages/grey_tail,ok
660791,fur_cape,0,1262,,,danbooru_api_no_chinese,low,,https://danbooru.donmai.us/wiki_pages/fur_cape,ok
1382643,flaming_weapon,0,1261,,,danbooru_api_no_chinese,low,,https://danbooru.donmai.us/wiki_pages/flaming_weapon,ok
1452498,grey_capelet,0,1261,,,danbooru_api_no_chinese,low,,https://danbooru.donmai.us/wiki_pages/grey_capelet,ok
1915726,choppy_bangs,0,1260,,,danbooru_api_no_chinese,low,,https://danbooru.donmai.us/wiki_pages/choppy_bangs,ok
482205,crayon,0,1259,,,danbooru_api_no_chinese,low,,https://danbooru.donmai.us/wiki_pages/crayon,ok
472653,stained_panties,0,1259,,,danbooru_api_no_chinese,low,,https://danbooru.donmai.us/wiki_pages/stained_panties,ok
1058783,aviator_sunglasses,0,1258,,,danbooru_api_no_chinese,low,,https://danbooru.donmai.us/wiki_pages/aviator_sunglasses,ok
620608,no_tail,0,1257,,,danbooru_api_no_chinese,low,,https://danbooru.donmai.us/wiki_pages/no_tail,not_found
553905,pink_tail,0,1256,,,danbooru_api_no_chinese,low,,https://danbooru.donmai.us/wiki_pages/pink_tail,ok
1350215,blue_robe,0,1254,,,danbooru_api_no_chinese,low,,https://danbooru.donmai.us/wiki_pages/blue_robe,ok
1441859,aqua_footwear,0,1249,,,danbooru_api_no_chinese,low,,https://danbooru.donmai.us/wiki_pages/aqua_footwear,ok
548516,pinstripe_shirt,0,1247,,,danbooru_api_no_chinese,low,,https://danbooru.donmai.us/wiki_pages/pinstripe_shirt,ok
1305509,box_of_chocolates,0,1246,,,danbooru_api_no_chinese,low,,https://danbooru.donmai.us/wiki_pages/box_of_chocolates,ok
1835765,evangelion_(mecha),0,1244,,,danbooru_api_no_chinese,low,,https://danbooru.donmai.us/wiki_pages/evangelion_%28mecha%29,ok
2016852,full_beard,0,1244,,,danbooru_api_no_chinese,low,,https://danbooru.donmai.us/wiki_pages/full_beard,ok
1793017,griffin_&_kryuger_military_uniform,0,1242,,,danbooru_api_no_chinese,low,,https://danbooru.donmai.us/wiki_pages/griffin_%26_kryuger_military_uniform,ok
1501467,bandaid_hair_ornament,0,1242,,,danbooru_api_no_chinese,low,,https://danbooru.donmai.us/wiki_pages/bandaid_hair_ornament,ok
1719544,they_had_lots_of_sex_afterwards_(meme),0,1241,,,danbooru_api_no_chinese,low,,https://danbooru.donmai.us/wiki_pages/they_had_lots_of_sex_afterwards_%28meme%29,ok
691041,yellow_sky,0,1239,,,danbooru_api_no_chinese,low,,https://danbooru.donmai.us/wiki_pages/yellow_sky,ok
1270632,huge_moon,0,1238,,,danbooru_api_no_chinese,low,,https://danbooru.donmai.us/wiki_pages/huge_moon,ok
191357,loose_shirt,0,1238,,,danbooru_api_no_chinese,low,,https://danbooru.donmai.us/wiki_pages/loose_shirt,ok
1638312,footwear_ribbon,0,1235,,,danbooru_api_no_chinese,low,,https://danbooru.donmai.us/wiki_pages/footwear_ribbon,ok
1497365,pov_doorway,0,1233,,,danbooru_api_no_chinese,low,,https://danbooru.donmai.us/wiki_pages/pov_doorway,ok
1504031,white_butterfly,0,1232,,,danbooru_api_no_chinese,low,,https://danbooru.donmai.us/wiki_pages/white_butterfly,ok
1384374,grey_hairband,0,1232,,,danbooru_api_no_chinese,low,,https://danbooru.donmai.us/wiki_pages/grey_hairband,ok
1835593,ornate_ring,0,1232,,,danbooru_api_no_chinese,low,,https://danbooru.donmai.us/wiki_pages/ornate_ring,ok
1430264,coin_hair_ornament,0,1231,,,danbooru_api_no_chinese,low,,https://danbooru.donmai.us/wiki_pages/coin_hair_ornament,ok
1509338,holding_tablet_pc,0,1230,,,danbooru_api_no_chinese,low,,https://danbooru.donmai.us/wiki_pages/holding_tablet_pc,ok
477060,hair_lift,0,1229,,,danbooru_api_no_chinese,low,,https://danbooru.donmai.us/wiki_pages/hair_lift,ok
412162,bucket_hat,0,1228,,,danbooru_api_no_chinese,low,,https://danbooru.donmai.us/wiki_pages/bucket_hat,ok
646003,curled_fingers,0,1227,,,danbooru_api_no_chinese,low,,https://danbooru.donmai.us/wiki_pages/curled_fingers,ok
1441951,gold_footwear,0,1225,,,danbooru_api_no_chinese,low,,https://danbooru.donmai.us/wiki_pages/gold_footwear,ok
16918,tutu,0,1224,,,danbooru_api_no_chinese,low,,https://danbooru.donmai.us/wiki_pages/tutu,ok
1427833,holding_popsicle,0,1224,,,danbooru_api_no_chinese,low,,https://danbooru.donmai.us/wiki_pages/holding_popsicle,ok
1509089,between_pectorals,0,1224,,,danbooru_api_no_chinese,low,,https://danbooru.donmai.us/wiki_pages/between_pectorals,ok
1343008,orange_vest,0,1222,,,danbooru_api_no_chinese,low,,https://danbooru.donmai.us/wiki_pages/orange_vest,ok
1379986,alpaca_ears,0,1222,,,danbooru_api_no_chinese,low,,https://danbooru.donmai.us/wiki_pages/alpaca_ears,ok
1605157,colored_nipples,0,1221,,,danbooru_api_no_chinese,low,,https://danbooru.donmai.us/wiki_pages/colored_nipples,ok
1749113,arthropod_limbs,0,1220,,,danbooru_api_no_chinese,low,,https://danbooru.donmai.us/wiki_pages/arthropod_limbs,ok
702958,holding_ribbon,0,1219,,,danbooru_api_no_chinese,low,,https://danbooru.donmai.us/wiki_pages/holding_ribbon,ok
1399041,yellow_tail,0,1218,,,danbooru_api_no_chinese,low,,https://danbooru.donmai.us/wiki_pages/yellow_tail,ok
1409664,floating_scarf,0,1218,,,danbooru_api_no_chinese,low,,https://danbooru.donmai.us/wiki_pages/floating_scarf,ok
1488405,mole_on_cheek,0,1216,,,danbooru_api_no_chinese,low,,https://danbooru.donmai.us/wiki_pages/mole_on_cheek,ok
1926688,low-tied_sidelocks,0,1215,,,danbooru_api_no_chinese,low,,https://danbooru.donmai.us/wiki_pages/low-tied_sidelocks,ok
612322,sheikah,0,1215,,,danbooru_api_no_chinese,low,,https://danbooru.donmai.us/wiki_pages/sheikah,ok
1469257,single_epaulette,0,1215,,,danbooru_api_no_chinese,low,,https://danbooru.donmai.us/wiki_pages/single_epaulette,ok
1513405,heart_facial_mark,0,1214,,,danbooru_api_no_chinese,low,,https://danbooru.donmai.us/wiki_pages/heart_facial_mark,ok
1391449,cropped_sweater,0,1213,,,danbooru_api_no_chinese,low,,https://danbooru.donmai.us/wiki_pages/cropped_sweater,ok
1716159,human_scabbard,0,1213,,,danbooru_api_no_chinese,low,,https://danbooru.donmai.us/wiki_pages/human_scabbard,ok
519987,pikmin_(creature),0,1212,,,danbooru_api_no_chinese,low,,https://danbooru.donmai.us/wiki_pages/pikmin_%28creature%29,ok
395164,napkin,0,1210,,,danbooru_api_no_chinese,low,,https://danbooru.donmai.us/wiki_pages/napkin,ok
1325319,wrist_bow,0,1210,,,danbooru_api_no_chinese,low,,https://danbooru.donmai.us/wiki_pages/wrist_bow,ok
1238293,grey_wings,0,1209,,,danbooru_api_no_chinese,low,,https://danbooru.donmai.us/wiki_pages/grey_wings,ok
1569456,pizza_slice,0,1209,,,danbooru_api_no_chinese,low,,https://danbooru.donmai.us/wiki_pages/pizza_slice,ok
487760,under_tree,0,1207,,,danbooru_api_no_chinese,low,,https://danbooru.donmai.us/wiki_pages/under_tree,ok
1427573,brown_sleeves,0,1207,,,danbooru_api_no_chinese,low,,https://danbooru.donmai.us/wiki_pages/brown_sleeves,ok
645655,wall_clock,0,1205,,,danbooru_api_no_chinese,low,,https://danbooru.donmai.us/wiki_pages/wall_clock,ok
1439729,green_fur,0,1204,,,danbooru_api_no_chinese,low,,https://danbooru.donmai.us/wiki_pages/green_fur,ok
475500,kissing_hand,0,1203,,,danbooru_api_no_chinese,low,,https://danbooru.donmai.us/wiki_pages/kissing_hand,ok
469710,energy_drink,0,1203,,,danbooru_api_no_chinese,low,,https://danbooru.donmai.us/wiki_pages/energy_drink,ok
1364890,white_hood,0,1202,,,danbooru_api_no_chinese,low,,https://danbooru.donmai.us/wiki_pages/white_hood,ok
1397788,brown_choker,0,1202,,,danbooru_api_no_chinese,low,,https://danbooru.donmai.us/wiki_pages/brown_choker,ok
1799877,tracen_swimsuit,0,1202,,,danbooru_api_no_chinese,low,,https://danbooru.donmai.us/wiki_pages/tracen_swimsuit,ok
1239921,pink_sky,0,1201,,,danbooru_api_no_chinese,low,,https://danbooru.donmai.us/wiki_pages/pink_sky,ok
608993,uncommon_stimulation,0,1198,,,danbooru_api_no_chinese,low,,https://danbooru.donmai.us/wiki_pages/uncommon_stimulation,ok
714848,rectangular_mouth,0,1197,,,danbooru_api_no_chinese,low,,https://danbooru.donmai.us/wiki_pages/rectangular_mouth,ok
1414615,mole_on_stomach,0,1196,,,danbooru_api_no_chinese,low,,https://danbooru.donmai.us/wiki_pages/mole_on_stomach,ok
633878,pursed_lips,0,1195,,,danbooru_api_no_chinese,low,,https://danbooru.donmai.us/wiki_pages/pursed_lips,ok
1444217,red_tank_top,0,1195,,,danbooru_api_no_chinese,low,,https://danbooru.donmai.us/wiki_pages/red_tank_top,ok
568990,blue_tunic,0,1195,,,danbooru_api_no_chinese,low,,https://danbooru.donmai.us/wiki_pages/blue_tunic,ok
1258824,print_shorts,0,1193,,,danbooru_api_no_chinese,low,,https://danbooru.donmai.us/wiki_pages/print_shorts,ok
837919,deer_girl,0,1189,,,danbooru_api_no_chinese,low,,https://danbooru.donmai.us/wiki_pages/deer_girl,ok
1230297,single_wrist_cuff,0,1188,,,danbooru_api_no_chinese,low,,https://danbooru.donmai.us/wiki_pages/single_wrist_cuff,ok
478362,kepi,0,1188,,,danbooru_api_no_chinese,low,,https://danbooru.donmai.us/wiki_pages/kepi,ok
1461059,white_headdress,0,1187,,,danbooru_api_no_chinese,low,,https://danbooru.donmai.us/wiki_pages/white_headdress,ok
610305,hand_to_head,0,1187,,,danbooru_api_no_chinese,low,,https://danbooru.donmai.us/wiki_pages/hand_to_head,ok
445618,wet_dress,0,1186,,,danbooru_api_no_chinese,low,,https://danbooru.donmai.us/wiki_pages/wet_dress,ok
521714,cursive,0,1181,,,danbooru_api_no_chinese,low,,https://danbooru.donmai.us/wiki_pages/cursive,ok
1483518,orange_sleeves,0,1181,,,danbooru_api_no_chinese,low,,https://danbooru.donmai.us/wiki_pages/orange_sleeves,ok
1423578,brown_collar,0,1181,,,danbooru_api_no_chinese,low,,https://danbooru.donmai.us/wiki_pages/brown_collar,ok
1452852,two-tone_cape,0,1181,,,danbooru_api_no_chinese,low,,https://danbooru.donmai.us/wiki_pages/two-tone_cape,ok
1398131,hooded_bodysuit,0,1180,,,danbooru_api_no_chinese,low,,https://danbooru.donmai.us/wiki_pages/hooded_bodysuit,ok
609075,red_mask,0,1179,,,danbooru_api_no_chinese,low,,https://danbooru.donmai.us/wiki_pages/red_mask,ok
1750472,galaxy_expedition_team_survey_corps_uniform,0,1179,,,danbooru_api_no_chinese,low,,https://danbooru.donmai.us/wiki_pages/galaxy_expedition_team_survey_corps_uniform,not_found
526671,child's_drawing,0,1176,,,danbooru_api_no_chinese,low,,https://danbooru.donmai.us/wiki_pages/child%27s_drawing,ok
1433477,floating_cape,0,1176,,,danbooru_api_no_chinese,low,,https://danbooru.donmai.us/wiki_pages/floating_cape,ok
527344,body_armor,0,1176,,,danbooru_api_no_chinese,low,,https://danbooru.donmai.us/wiki_pages/body_armor,ok
1414486,red_mittens,0,1175,,,danbooru_api_no_chinese,low,,https://danbooru.donmai.us/wiki_pages/red_mittens,ok
580277,green_tail,0,1172,,,danbooru_api_no_chinese,low,,https://danbooru.donmai.us/wiki_pages/green_tail,ok
1427616,purple_sash,0,1172,,,danbooru_api_no_chinese,low,,https://danbooru.donmai.us/wiki_pages/purple_sash,ok
1663181,alice_(alice_in_wonderland)_(cosplay),0,1172,,,danbooru_api_no_chinese,low,,https://danbooru.donmai.us/wiki_pages/alice_%28alice_in_wonderland%29_%28cosplay%29,ok
1397657,cat_ear_legwear,0,1172,,,danbooru_api_no_chinese,low,,https://danbooru.donmai.us/wiki_pages/cat_ear_legwear,ok
1405660,white_mittens,0,1169,,,danbooru_api_no_chinese,low,,https://danbooru.donmai.us/wiki_pages/white_mittens,ok
1360271,grey_cape,0,1168,,,danbooru_api_no_chinese,low,,https://danbooru.donmai.us/wiki_pages/grey_cape,ok
1470190,frilled_sailor_collar,0,1168,,,danbooru_api_no_chinese,low,,https://danbooru.donmai.us/wiki_pages/frilled_sailor_collar,ok
550434,side_slit_shorts,0,1166,,,danbooru_api_no_chinese,low,,https://danbooru.donmai.us/wiki_pages/side_slit_shorts,ok
1345376,wing_ornament,0,1166,,,danbooru_api_no_chinese,low,,https://danbooru.donmai.us/wiki_pages/wing_ornament,ok
1681601,mash_kyrielight_(dangerous_beast)_(cosplay),0,1166,,,danbooru_api_no_chinese,low,,https://danbooru.donmai.us/wiki_pages/mash_kyrielight_%28dangerous_beast%29_%28cosplay%29,ok
1604448,duel_academy_uniform_(yu-gi-oh!_gx),0,1165,,,danbooru_api_no_chinese,low,,https://danbooru.donmai.us/wiki_pages/duel_academy_uniform_%28yu-gi-oh%21_gx%29,ok
1593048,race_vehicle,0,1165,,,danbooru_api_no_chinese,low,,https://danbooru.donmai.us/wiki_pages/race_vehicle,ok
1495160,mismatched_eyebrows,0,1164,,,danbooru_api_no_chinese,low,,https://danbooru.donmai.us/wiki_pages/mismatched_eyebrows,ok
1456713,cross_choker,0,1164,,,danbooru_api_no_chinese,low,,https://danbooru.donmai.us/wiki_pages/cross_choker,ok
1512126,black_sweater_vest,0,1164,,,danbooru_api_no_chinese,low,,https://danbooru.donmai.us/wiki_pages/black_sweater_vest,ok
607513,arms_around_waist,0,1163,,,danbooru_api_no_chinese,low,,https://danbooru.donmai.us/wiki_pages/arms_around_waist,not_found
495021,rider_belt,0,1161,,,danbooru_api_no_chinese,low,,https://danbooru.donmai.us/wiki_pages/rider_belt,ok
433870,broken_heart,0,1160,,,danbooru_api_no_chinese,low,,https://danbooru.donmai.us/wiki_pages/broken_heart,ok
1954874,girthy_penis,0,1158,,,danbooru_api_no_chinese,low,,https://danbooru.donmai.us/wiki_pages/girthy_penis,ok
492648,yellow_socks,0,1156,,,danbooru_api_no_chinese,low,,https://danbooru.donmai.us/wiki_pages/yellow_socks,ok
1682536,alternate_muscle_size,0,1156,,,danbooru_api_no_chinese,low,,https://danbooru.donmai.us/wiki_pages/alternate_muscle_size,ok
1881213,uva_academy_school_uniform,0,1156,,,danbooru_api_no_chinese,low,,https://danbooru.donmai.us/wiki_pages/uva_academy_school_uniform,ok
1608617,fold-over_boots,0,1155,,,danbooru_api_no_chinese,low,,https://danbooru.donmai.us/wiki_pages/fold-over_boots,ok
440482,leg_wrap,0,1154,,,danbooru_api_no_chinese,low,,https://danbooru.donmai.us/wiki_pages/leg_wrap,ok
1456945,mochi_trail,0,1150,,,danbooru_api_no_chinese,low,,https://danbooru.donmai.us/wiki_pages/mochi_trail,ok
1472423,sleeve_ribbon,0,1149,,,danbooru_api_no_chinese,low,,https://danbooru.donmai.us/wiki_pages/sleeve_ribbon,ok
377871,gerudo,0,1149,,,danbooru_api_no_chinese,low,,https://danbooru.donmai.us/wiki_pages/gerudo,ok
1353857,blood_on_arm,0,1149,,,danbooru_api_no_chinese,low,,https://danbooru.donmai.us/wiki_pages/blood_on_arm,ok
668806,tied_jacket,0,1149,,,danbooru_api_no_chinese,low,,https://danbooru.donmai.us/wiki_pages/tied_jacket,ok
1419059,blue_tank_top,0,1147,,,danbooru_api_no_chinese,low,,https://danbooru.donmai.us/wiki_pages/blue_tank_top,ok
1429073,holding_beachball,0,1146,,,danbooru_api_no_chinese,low,,https://danbooru.donmai.us/wiki_pages/holding_beachball,ok
554570,jockstrap,0,1145,,,danbooru_api_no_chinese,low,,https://danbooru.donmai.us/wiki_pages/jockstrap,ok
1181961,multiple_weapons,0,1144,,,danbooru_api_no_chinese,low,,https://danbooru.donmai.us/wiki_pages/multiple_weapons,ok
658977,wooden_chair,0,1142,,,danbooru_api_no_chinese,low,,https://danbooru.donmai.us/wiki_pages/wooden_chair,ok
1299125,elbows_on_table,0,1141,,,danbooru_api_no_chinese,low,,https://danbooru.donmai.us/wiki_pages/elbows_on_table,ok
1575514,yuigaoka_school_uniform,0,1141,,,danbooru_api_no_chinese,low,,https://danbooru.donmai.us/wiki_pages/yuigaoka_school_uniform,ok
1301231,robot_animal,0,1139,,,danbooru_api_no_chinese,low,,https://danbooru.donmai.us/wiki_pages/robot_animal,ok
632045,no_jacket,0,1137,,,danbooru_api_no_chinese,low,,https://danbooru.donmai.us/wiki_pages/no_jacket,ok
1324059,holding_jewelry,0,1136,,,danbooru_api_no_chinese,low,,https://danbooru.donmai.us/wiki_pages/holding_jewelry,ok
606330,condom_box,0,1135,,,danbooru_api_no_chinese,low,,https://danbooru.donmai.us/wiki_pages/condom_box,ok
1392422,frilled_camisole,0,1135,,,danbooru_api_no_chinese,low,,https://danbooru.donmai.us/wiki_pages/frilled_camisole,ok
2006770,unworn_coat,0,1134,,,danbooru_api_no_chinese,low,,https://danbooru.donmai.us/wiki_pages/unworn_coat,ok
1561346,see-through_jacket,0,1133,,,danbooru_api_no_chinese,low,,https://danbooru.donmai.us/wiki_pages/see-through_jacket,ok
614915,pink_cape,0,1133,,,danbooru_api_no_chinese,low,,https://danbooru.donmai.us/wiki_pages/pink_cape,ok
664456,horn_ring,0,1132,,,danbooru_api_no_chinese,low,,https://danbooru.donmai.us/wiki_pages/horn_ring,ok
1607725,stuffed_winged_unicorn,0,1132,,,danbooru_api_no_chinese,low,,https://danbooru.donmai.us/wiki_pages/stuffed_winged_unicorn,ok
2006763,unworn_backpack,0,1131,,,danbooru_api_no_chinese,low,,https://danbooru.donmai.us/wiki_pages/unworn_backpack,ok
414667,hedgehog_ears,0,1131,,,danbooru_api_no_chinese,low,,https://danbooru.donmai.us/wiki_pages/hedgehog_ears,ok
1450046,holding_megaphone,0,1130,,,danbooru_api_no_chinese,low,,https://danbooru.donmai.us/wiki_pages/holding_megaphone,ok
394157,papers,0,1126,,,danbooru_api_no_chinese,low,,https://danbooru.donmai.us/wiki_pages/papers,ok
2006766,unworn_dress,0,1125,,,danbooru_api_no_chinese,low,,https://danbooru.donmai.us/wiki_pages/unworn_dress,ok
1344687,holding_letter,0,1123,,,danbooru_api_no_chinese,low,,https://danbooru.donmai.us/wiki_pages/holding_letter,ok
550352,hand_on_forehead,0,1122,,,danbooru_api_no_chinese,low,,https://danbooru.donmai.us/wiki_pages/hand_on_forehead,ok
1237688,open_bodysuit,0,1120,,,danbooru_api_no_chinese,low,,https://danbooru.donmai.us/wiki_pages/open_bodysuit,ok
1345218,holding_behind_back,0,1120,,,danbooru_api_no_chinese,low,,https://danbooru.donmai.us/wiki_pages/holding_behind_back,ok
1406965,holding_chocolate,0,1120,,,danbooru_api_no_chinese,low,,https://danbooru.donmai.us/wiki_pages/holding_chocolate,ok
487790,studded_bracelet,0,1120,,,danbooru_api_no_chinese,low,,https://danbooru.donmai.us/wiki_pages/studded_bracelet,ok
561654,animal_skull,0,1118,,,danbooru_api_no_chinese,low,,https://danbooru.donmai.us/wiki_pages/animal_skull,ok
1597931,pancake_stack,0,1116,,,danbooru_api_no_chinese,low,,https://danbooru.donmai.us/wiki_pages/pancake_stack,ok
428710,buster_sword,0,1113,,,danbooru_api_no_chinese,low,,https://danbooru.donmai.us/wiki_pages/buster_sword,ok
1316299,multicolored_scarf,0,1113,,,danbooru_api_no_chinese,low,,https://danbooru.donmai.us/wiki_pages/multicolored_scarf,ok
1100029,hands_on_own_breasts,0,1112,,,danbooru_api_no_chinese,low,,https://danbooru.donmai.us/wiki_pages/hands_on_own_breasts,ok
607934,tentacles_on_male,0,1112,,,danbooru_api_no_chinese,low,,https://danbooru.donmai.us/wiki_pages/tentacles_on_male,ok
1450864,head_chain,0,1109,,,danbooru_api_no_chinese,low,,https://danbooru.donmai.us/wiki_pages/head_chain,ok
1427943,yellow_tank_top,0,1107,,,danbooru_api_no_chinese,low,,https://danbooru.donmai.us/wiki_pages/yellow_tank_top,ok
617955,polka_dot_skirt,0,1107,,,danbooru_api_no_chinese,low,,https://danbooru.donmai.us/wiki_pages/polka_dot_skirt,ok
1488071,orange_tail,0,1106,,,danbooru_api_no_chinese,low,,https://danbooru.donmai.us/wiki_pages/orange_tail,ok
399273,adidas,0,1106,,,danbooru_api_no_chinese,low,,https://danbooru.donmai.us/wiki_pages/adidas,ok
1416950,vertical-striped_jacket,0,1105,,,danbooru_api_no_chinese,low,,https://danbooru.donmai.us/wiki_pages/vertical-striped_jacket,ok
487783,leather_pants,0,1103,,,danbooru_api_no_chinese,low,,https://danbooru.donmai.us/wiki_pages/leather_pants,ok
960973,cardigan_around_waist,0,1103,,,danbooru_api_no_chinese,low,,https://danbooru.donmai.us/wiki_pages/cardigan_around_waist,ok
1481671,torn_bodystocking,0,1102,,,danbooru_api_no_chinese,low,,https://danbooru.donmai.us/wiki_pages/torn_bodystocking,ok
1229971,shoulder_cannon,0,1101,,,danbooru_api_no_chinese,low,,https://danbooru.donmai.us/wiki_pages/shoulder_cannon,ok
1401831,purple_ascot,0,1099,,,danbooru_api_no_chinese,low,,https://danbooru.donmai.us/wiki_pages/purple_ascot,ok
1868991,twitter_strip_game_(meme),0,1099,,,danbooru_api_no_chinese,low,,https://danbooru.donmai.us/wiki_pages/twitter_strip_game_%28meme%29,not_found
561682,clownfish,0,1096,,,danbooru_api_no_chinese,low,,https://danbooru.donmai.us/wiki_pages/clownfish,ok
1466798,holding_money,0,1094,,,danbooru_api_no_chinese,low,,https://danbooru.donmai.us/wiki_pages/holding_money,ok
1535682,two-tone_hoodie,0,1094,,,danbooru_api_no_chinese,low,,https://danbooru.donmai.us/wiki_pages/two-tone_hoodie,ok
623986,green_sclera,0,1092,,,danbooru_api_no_chinese,low,,https://danbooru.donmai.us/wiki_pages/green_sclera,ok
1571287,berry_(pokemon),0,1092,,,danbooru_api_no_chinese,low,,https://danbooru.donmai.us/wiki_pages/berry_%28pokemon%29,ok
620885,latex_legwear,0,1089,,,danbooru_api_no_chinese,low,,https://danbooru.donmai.us/wiki_pages/latex_legwear,ok
1435395,grey_tank_top,0,1089,,,danbooru_api_no_chinese,low,,https://danbooru.donmai.us/wiki_pages/grey_tank_top,ok
684797,hands_on_another's_hips,0,1089,,,danbooru_api_no_chinese,low,,https://danbooru.donmai.us/wiki_pages/hands_on_another%27s_hips,ok
417498,christmas_present,0,1089,,,danbooru_api_no_chinese,low,,https://danbooru.donmai.us/wiki_pages/christmas_present,ok
533099,sitting_on_rock,0,1088,,,danbooru_api_no_chinese,low,,https://danbooru.donmai.us/wiki_pages/sitting_on_rock,ok
2068563,barefoot_sandals_(jewelry),0,1088,,,danbooru_api_no_chinese,low,,https://danbooru.donmai.us/wiki_pages/barefoot_sandals_%28jewelry%29,ok
1012946,breasts_on_table,0,1087,,,danbooru_api_no_chinese,low,,https://danbooru.donmai.us/wiki_pages/breasts_on_table,ok
15469,coconut,0,1087,,,danbooru_api_no_chinese,low,,https://danbooru.donmai.us/wiki_pages/coconut,ok
1247424,brick_floor,0,1086,,,danbooru_api_no_chinese,low,,https://danbooru.donmai.us/wiki_pages/brick_floor,ok
1881200,ashford_academy_school_uniform,0,1086,,,danbooru_api_no_chinese,low,,https://danbooru.donmai.us/wiki_pages/ashford_academy_school_uniform,ok
549347,green_pantyhose,0,1086,,,danbooru_api_no_chinese,low,,https://danbooru.donmai.us/wiki_pages/green_pantyhose,ok
1623058,male_maid,0,1084,,,danbooru_api_no_chinese,low,,https://danbooru.donmai.us/wiki_pages/male_maid,ok
1450741,oohashi_high_school_uniform,0,1084,,,danbooru_api_no_chinese,low,,https://danbooru.donmai.us/wiki_pages/oohashi_high_school_uniform,ok
1611387,fumo_(doll),0,1083,,,danbooru_api_no_chinese,low,,https://danbooru.donmai.us/wiki_pages/fumo_%28doll%29,ok
406050,rough_sex,0,1083,,,danbooru_api_no_chinese,low,,https://danbooru.donmai.us/wiki_pages/rough_sex,ok
469235,amplifier,0,1082,,,danbooru_api_no_chinese,low,,https://danbooru.donmai.us/wiki_pages/amplifier,ok
484561,arm_cuffs,0,1082,,,danbooru_api_no_chinese,low,,https://danbooru.donmai.us/wiki_pages/arm_cuffs,ok
1377852,hair_on_horn,0,1081,,,danbooru_api_no_chinese,low,,https://danbooru.donmai.us/wiki_pages/hair_on_horn,ok
1793356,floral_print_kimono,0,1080,,,danbooru_api_no_chinese,low,,https://danbooru.donmai.us/wiki_pages/floral_print_kimono,ok
1242619,fake_nails,0,1080,,,danbooru_api_no_chinese,low,,https://danbooru.donmai.us/wiki_pages/fake_nails,ok
12500,pendulum,0,1080,,,danbooru_api_no_chinese,low,,https://danbooru.donmai.us/wiki_pages/pendulum,ok
429978,between_toes,0,1079,,,danbooru_api_no_chinese,low,,https://danbooru.donmai.us/wiki_pages/between_toes,ok
1258093,ribbon-trimmed_headwear,0,1078,,,danbooru_api_no_chinese,low,,https://danbooru.donmai.us/wiki_pages/ribbon-trimmed_headwear,ok
1339258,logo_parody,0,1076,,,danbooru_api_no_chinese,low,,https://danbooru.donmai.us/wiki_pages/logo_parody,ok
1365439,jaguar_print,0,1075,,,danbooru_api_no_chinese,low,,https://danbooru.donmai.us/wiki_pages/jaguar_print,ok
576346,adjusting_necktie,0,1074,,,danbooru_api_no_chinese,low,,https://danbooru.donmai.us/wiki_pages/adjusting_necktie,ok
1344492,on_motorcycle,0,1072,,,danbooru_api_no_chinese,low,,https://danbooru.donmai.us/wiki_pages/on_motorcycle,ok
403466,medallion,0,1072,,,danbooru_api_no_chinese,low,,https://danbooru.donmai.us/wiki_pages/medallion,ok
746897,pussy_juice_drip_through_clothes,0,1072,,,danbooru_api_no_chinese,low,,https://danbooru.donmai.us/wiki_pages/pussy_juice_drip_through_clothes,ok
1407341,holding_notebook,0,1072,,,danbooru_api_no_chinese,low,,https://danbooru.donmai.us/wiki_pages/holding_notebook,ok
1779554,ear_birthmark,0,1072,,,danbooru_api_no_chinese,low,,https://danbooru.donmai.us/wiki_pages/ear_birthmark,ok
490118,pool_of_blood,0,1071,,,danbooru_api_no_chinese,low,,https://danbooru.donmai.us/wiki_pages/pool_of_blood,ok
1648109,hololive_idol_uniform,0,1071,,,danbooru_api_no_chinese,low,,https://danbooru.donmai.us/wiki_pages/hololive_idol_uniform,ok
1529528,yellow_raincoat,0,1070,,,danbooru_api_no_chinese,low,,https://danbooru.donmai.us/wiki_pages/yellow_raincoat,ok
659461,sleep_bubble,0,1070,,,danbooru_api_no_chinese,low,,https://danbooru.donmai.us/wiki_pages/sleep_bubble,ok
1539213,flower_over_eye,0,1069,,,danbooru_api_no_chinese,low,,https://danbooru.donmai.us/wiki_pages/flower_over_eye,ok
672588,cardigan_vest,0,1068,,,danbooru_api_no_chinese,low,,https://danbooru.donmai.us/wiki_pages/cardigan_vest,ok
1453635,cartoon_bone,0,1068,,,danbooru_api_no_chinese,low,,https://danbooru.donmai.us/wiki_pages/cartoon_bone,ok
1494960,yellow-tinted_eyewear,0,1067,,,danbooru_api_no_chinese,low,,https://danbooru.donmai.us/wiki_pages/yellow-tinted_eyewear,ok
571951,flaming_sword,0,1065,,,danbooru_api_no_chinese,low,,https://danbooru.donmai.us/wiki_pages/flaming_sword,ok
1343361,opened_by_self,0,1065,,,danbooru_api_no_chinese,low,,https://danbooru.donmai.us/wiki_pages/opened_by_self,ok
742744,bean_bag_chair,0,1064,,,danbooru_api_no_chinese,low,,https://danbooru.donmai.us/wiki_pages/bean_bag_chair,ok
1329330,bunny_day,0,1064,,,danbooru_api_no_chinese,low,,https://danbooru.donmai.us/wiki_pages/bunny_day,ok
411403,tongs,0,1063,,,danbooru_api_no_chinese,low,,https://danbooru.donmai.us/wiki_pages/tongs,ok
1440820,usekh_collar,0,1063,,,danbooru_api_no_chinese,low,,https://danbooru.donmai.us/wiki_pages/usekh_collar,ok
1598258,cross-laced_sleeves,0,1062,,,danbooru_api_no_chinese,low,,https://danbooru.donmai.us/wiki_pages/cross-laced_sleeves,ok
1404539,green_tunic,0,1061,,,danbooru_api_no_chinese,low,,https://danbooru.donmai.us/wiki_pages/green_tunic,ok
1406788,otter_ears,0,1060,,,danbooru_api_no_chinese,low,,https://danbooru.donmai.us/wiki_pages/otter_ears,ok
474347,affectionate,0,1059,,,danbooru_api_no_chinese,low,,https://danbooru.donmai.us/wiki_pages/affectionate,ok
1518971,pectoral_press,0,1059,,,danbooru_api_no_chinese,low,,https://danbooru.donmai.us/wiki_pages/pectoral_press,ok
1432832,green_tank_top,0,1058,,,danbooru_api_no_chinese,low,,https://danbooru.donmai.us/wiki_pages/green_tank_top,ok
472542,beam_saber,0,1056,,,danbooru_api_no_chinese,low,,https://danbooru.donmai.us/wiki_pages/beam_saber,ok
1730373,white_romper,0,1055,,,danbooru_api_no_chinese,low,,https://danbooru.donmai.us/wiki_pages/white_romper,ok
499998,sitting_backwards,0,1053,,,danbooru_api_no_chinese,low,,https://danbooru.donmai.us/wiki_pages/sitting_backwards,ok
1660195,long_earlobes,0,1052,,,danbooru_api_no_chinese,low,,https://danbooru.donmai.us/wiki_pages/long_earlobes,ok
1715534,baton_(conducting),0,1050,,,danbooru_api_no_chinese,low,,https://danbooru.donmai.us/wiki_pages/baton_%28conducting%29,not_found
395642,vietnamese_dress,0,1045,,,danbooru_api_no_chinese,low,,https://danbooru.donmai.us/wiki_pages/vietnamese_dress,not_found
492703,long_neck,0,1043,,,danbooru_api_no_chinese,low,,https://danbooru.donmai.us/wiki_pages/long_neck,ok
487949,arm_above_head,0,1043,,,danbooru_api_no_chinese,low,,https://danbooru.donmai.us/wiki_pages/arm_above_head,ok
550385,linked_piercing,0,1043,,,danbooru_api_no_chinese,low,,https://danbooru.donmai.us/wiki_pages/linked_piercing,ok
974485,hoodie_lift,0,1041,,,danbooru_api_no_chinese,low,,https://danbooru.donmai.us/wiki_pages/hoodie_lift,ok
430376,bear_costume,0,1039,,,danbooru_api_no_chinese,low,,https://danbooru.donmai.us/wiki_pages/bear_costume,ok
1344738,snowflake_background,0,1039,,,danbooru_api_no_chinese,low,,https://danbooru.donmai.us/wiki_pages/snowflake_background,ok
1328442,green_belt,0,1038,,,danbooru_api_no_chinese,low,,https://danbooru.donmai.us/wiki_pages/green_belt,ok
663869,looking_through_legs,0,1036,,,danbooru_api_no_chinese,low,,https://danbooru.donmai.us/wiki_pages/looking_through_legs,not_found
465518,snow_rabbit,0,1035,,,danbooru_api_no_chinese,low,,https://danbooru.donmai.us/wiki_pages/snow_rabbit,ok
549921,swinging,0,1035,,,danbooru_api_no_chinese,low,,https://danbooru.donmai.us/wiki_pages/swinging,ok
522469,centauroid,0,1035,,,danbooru_api_no_chinese,low,,https://danbooru.donmai.us/wiki_pages/centauroid,ok
1340790,holding_branch,0,1034,,,danbooru_api_no_chinese,low,,https://danbooru.donmai.us/wiki_pages/holding_branch,ok
455483,shorts_around_one_leg,0,1034,,,danbooru_api_no_chinese,low,,https://danbooru.donmai.us/wiki_pages/shorts_around_one_leg,ok
1943,ad,0,1032,,,danbooru_api_no_chinese,low,,https://danbooru.donmai.us/wiki_pages/ad,ok
1234828,character_age,0,1032,,,danbooru_api_no_chinese,low,,https://danbooru.donmai.us/wiki_pages/character_age,ok
1404665,aqua_neckerchief,0,1032,,,danbooru_api_no_chinese,low,,https://danbooru.donmai.us/wiki_pages/aqua_neckerchief,ok
1509435,holding_remote_control,0,1032,,,danbooru_api_no_chinese,low,,https://danbooru.donmai.us/wiki_pages/holding_remote_control,ok
659790,eldritch_abomination,0,1031,,,danbooru_api_no_chinese,low,,https://danbooru.donmai.us/wiki_pages/eldritch_abomination,ok
572094,h&k_ump,0,1029,,,danbooru_api_no_chinese,low,,https://danbooru.donmai.us/wiki_pages/h%26k_ump,ok
1577478,super_saiyan_1,0,1029,,,danbooru_api_no_chinese,low,,https://danbooru.donmai.us/wiki_pages/super_saiyan_1,ok
596588,jacket_pull,0,1028,,,danbooru_api_no_chinese,low,,https://danbooru.donmai.us/wiki_pages/jacket_pull,ok
381467,credits,0,1024,,,danbooru_api_no_chinese,low,,https://danbooru.donmai.us/wiki_pages/credits,ok
646311,polka_dot_shirt,0,1024,,,danbooru_api_no_chinese,low,,https://danbooru.donmai.us/wiki_pages/polka_dot_shirt,ok
714502,infinity_symbol,0,1024,,,danbooru_api_no_chinese,low,,https://danbooru.donmai.us/wiki_pages/infinity_symbol,ok
1710578,underpec,0,1024,,,danbooru_api_no_chinese,low,,https://danbooru.donmai.us/wiki_pages/underpec,ok
721903,fur_cloak,0,1024,,,danbooru_api_no_chinese,low,,https://danbooru.donmai.us/wiki_pages/fur_cloak,ok
1338731,holding_skull,0,1023,,,danbooru_api_no_chinese,low,,https://danbooru.donmai.us/wiki_pages/holding_skull,ok
1325576,four-leaf_clover_hair_ornament,0,1022,,,danbooru_api_no_chinese,low,,https://danbooru.donmai.us/wiki_pages/four-leaf_clover_hair_ornament,ok
1263464,potara_earrings,0,1021,,,danbooru_api_no_chinese,low,,https://danbooru.donmai.us/wiki_pages/potara_earrings,ok
552418,detached_hair,0,1021,,,danbooru_api_no_chinese,low,,https://danbooru.donmai.us/wiki_pages/detached_hair,not_found
1396770,animal_on_arm,0,1020,,,danbooru_api_no_chinese,low,,https://danbooru.donmai.us/wiki_pages/animal_on_arm,ok
615409,bag_of_chips,0,1020,,,danbooru_api_no_chinese,low,,https://danbooru.donmai.us/wiki_pages/bag_of_chips,ok
1401249,grey_leotard,0,1018,,,danbooru_api_no_chinese,low,,https://danbooru.donmai.us/wiki_pages/grey_leotard,ok
1845191,glaive_(polearm),0,1017,,,danbooru_api_no_chinese,low,,https://danbooru.donmai.us/wiki_pages/glaive_%28polearm%29,ok
1320993,print_necktie,0,1015,,,danbooru_api_no_chinese,low,,https://danbooru.donmai.us/wiki_pages/print_necktie,ok
626910,head_only,0,1013,,,danbooru_api_no_chinese,low,,https://danbooru.donmai.us/wiki_pages/head_only,ok
379180,zora,0,1013,,,danbooru_api_no_chinese,low,,https://danbooru.donmai.us/wiki_pages/zora,ok
539119,ultra_ball,0,1013,,,danbooru_api_no_chinese,low,,https://danbooru.donmai.us/wiki_pages/ultra_ball,ok
504065,cephalopod_eyes,0,1011,,,danbooru_api_no_chinese,low,,https://danbooru.donmai.us/wiki_pages/cephalopod_eyes,ok
725442,blue_bandana,0,1011,,,danbooru_api_no_chinese,low,,https://danbooru.donmai.us/wiki_pages/blue_bandana,ok
405504,apron_lift,0,1010,,,danbooru_api_no_chinese,low,,https://danbooru.donmai.us/wiki_pages/apron_lift,ok
604813,long_beard,0,1010,,,danbooru_api_no_chinese,low,,https://danbooru.donmai.us/wiki_pages/long_beard,ok
1400702,orange_belt,0,1010,,,danbooru_api_no_chinese,low,,https://danbooru.donmai.us/wiki_pages/orange_belt,ok
642231,white_lily,0,1008,,,danbooru_api_no_chinese,low,,https://danbooru.donmai.us/wiki_pages/white_lily,ok
457678,animal_slippers,0,1007,,,danbooru_api_no_chinese,low,,https://danbooru.donmai.us/wiki_pages/animal_slippers,ok
1556083,camouflage_headwear,0,1007,,,danbooru_api_no_chinese,low,,https://danbooru.donmai.us/wiki_pages/camouflage_headwear,ok
571640,jacket_over_swimsuit,0,1005,,,danbooru_api_no_chinese,low,,https://danbooru.donmai.us/wiki_pages/jacket_over_swimsuit,ok
407128,crumbs,0,1005,,,danbooru_api_no_chinese,low,,https://danbooru.donmai.us/wiki_pages/crumbs,ok
547983,rope_belt,0,1005,,,danbooru_api_no_chinese,low,,https://danbooru.donmai.us/wiki_pages/rope_belt,ok
621690,no_mask,0,1004,,,danbooru_api_no_chinese,low,,https://danbooru.donmai.us/wiki_pages/no_mask,ok
1397501,star_ornament,0,1002,,,danbooru_api_no_chinese,low,,https://danbooru.donmai.us/wiki_pages/star_ornament,ok
1451576,checkered_sash,0,1001,,,danbooru_api_no_chinese,low,,https://danbooru.donmai.us/wiki_pages/checkered_sash,ok
1262145,hands_on_ground,0,1000,,,danbooru_api_no_chinese,low,,https://danbooru.donmai.us/wiki_pages/hands_on_ground,ok
1501556,yellow_sweater_vest,0,999,,,danbooru_api_no_chinese,low,,https://danbooru.donmai.us/wiki_pages/yellow_sweater_vest,ok
1432422,purple_cardigan,0,999,,,danbooru_api_no_chinese,low,,https://danbooru.donmai.us/wiki_pages/purple_cardigan,ok
1371471,anchor_necklace,0,998,,,danbooru_api_no_chinese,low,,https://danbooru.donmai.us/wiki_pages/anchor_necklace,ok
1400406,striped_hairband,0,997,,,danbooru_api_no_chinese,low,,https://danbooru.donmai.us/wiki_pages/striped_hairband,ok
475528,ankle_grab,0,996,,,danbooru_api_no_chinese,low,,https://danbooru.donmai.us/wiki_pages/ankle_grab,ok
651813,floating_card,0,994,,,danbooru_api_no_chinese,low,,https://danbooru.donmai.us/wiki_pages/floating_card,ok
1247797,bike_shorts_under_shorts,0,994,,,danbooru_api_no_chinese,low,,https://danbooru.donmai.us/wiki_pages/bike_shorts_under_shorts,ok
1386162,facebook_username,0,993,,,danbooru_api_no_chinese,low,,https://danbooru.donmai.us/wiki_pages/facebook_username,ok
607013,stitched_mouth,0,992,,,danbooru_api_no_chinese,low,,https://danbooru.donmai.us/wiki_pages/stitched_mouth,ok
1364632,red_feathers,0,991,,,danbooru_api_no_chinese,low,,https://danbooru.donmai.us/wiki_pages/red_feathers,ok
1378073,ears_visible_through_hair,0,989,,,danbooru_api_no_chinese,low,,https://danbooru.donmai.us/wiki_pages/ears_visible_through_hair,ok
1345225,half_mask,0,989,,,danbooru_api_no_chinese,low,,https://danbooru.donmai.us/wiki_pages/half_mask,ok
379013,note,0,989,,,danbooru_api_no_chinese,low,,https://danbooru.donmai.us/wiki_pages/note,ok
1274150,print_sleeves,0,989,,,danbooru_api_no_chinese,low,,https://danbooru.donmai.us/wiki_pages/print_sleeves,ok
1412249,green_scrunchie,0,988,,,danbooru_api_no_chinese,low,,https://danbooru.donmai.us/wiki_pages/green_scrunchie,ok
417910,duckling,0,987,,,danbooru_api_no_chinese,low,,https://danbooru.donmai.us/wiki_pages/duckling,ok
1942283,thick_mustache,0,985,,,danbooru_api_no_chinese,low,,https://danbooru.donmai.us/wiki_pages/thick_mustache,ok
1299465,coin_on_string,0,984,,,danbooru_api_no_chinese,low,,https://danbooru.donmai.us/wiki_pages/coin_on_string,ok
545481,hand_on_leg,0,983,,,danbooru_api_no_chinese,low,,https://danbooru.donmai.us/wiki_pages/hand_on_leg,ok
429764,forehead_tattoo,0,983,,,danbooru_api_no_chinese,low,,https://danbooru.donmai.us/wiki_pages/forehead_tattoo,ok
1252120,roundel,0,980,,,danbooru_api_no_chinese,low,,https://danbooru.donmai.us/wiki_pages/roundel,ok
1674442,covered_testicles,0,980,,,danbooru_api_no_chinese,low,,https://danbooru.donmai.us/wiki_pages/covered_testicles,ok
716637,argyle_sweater,0,980,,,danbooru_api_no_chinese,low,,https://danbooru.donmai.us/wiki_pages/argyle_sweater,ok
15619,sand_castle,0,979,,,danbooru_api_no_chinese,low,,https://danbooru.donmai.us/wiki_pages/sand_castle,ok
409201,pinned,0,977,,,danbooru_api_no_chinese,low,,https://danbooru.donmai.us/wiki_pages/pinned,ok
1601327,diamond_hairband,0,977,,,danbooru_api_no_chinese,low,,https://danbooru.donmai.us/wiki_pages/diamond_hairband,ok
907721,onesie,0,976,,,danbooru_api_no_chinese,low,,https://danbooru.donmai.us/wiki_pages/onesie,ok
1379634,mmm_threesome,0,975,,,danbooru_api_no_chinese,low,,https://danbooru.donmai.us/wiki_pages/mmm_threesome,ok
1791550,green_armband,0,975,,,danbooru_api_no_chinese,low,,https://danbooru.donmai.us/wiki_pages/green_armband,ok
673705,hand_rest,0,973,,,danbooru_api_no_chinese,low,,https://danbooru.donmai.us/wiki_pages/hand_rest,ok
681979,double_\m/,0,973,,,danbooru_api_no_chinese,low,,https://danbooru.donmai.us/wiki_pages/double_%5Cm%2F,ok
537098,watching_television,0,972,,,danbooru_api_no_chinese,low,,https://danbooru.donmai.us/wiki_pages/watching_television,ok
1329132,cherry_hair_ornament,0,971,,,danbooru_api_no_chinese,low,,https://danbooru.donmai.us/wiki_pages/cherry_hair_ornament,ok
574393,ace_of_hearts,0,970,,,danbooru_api_no_chinese,low,,https://danbooru.donmai.us/wiki_pages/ace_of_hearts,ok
502652,ink_(medium),0,969,,,danbooru_api_no_chinese,low,,https://danbooru.donmai.us/wiki_pages/ink_%28medium%29,ok
1318748,floating_weapon,0,968,,,danbooru_api_no_chinese,low,,https://danbooru.donmai.us/wiki_pages/floating_weapon,ok
1457427,looking_at_food,0,967,,,danbooru_api_no_chinese,low,,https://danbooru.donmai.us/wiki_pages/looking_at_food,ok
1835748,striped_one-piece_swimsuit,0,966,,,danbooru_api_no_chinese,low,,https://danbooru.donmai.us/wiki_pages/striped_one-piece_swimsuit,ok
1375741,extra_faces,0,966,,,danbooru_api_no_chinese,low,,https://danbooru.donmai.us/wiki_pages/extra_faces,ok
587390,hand_on_headphones,0,965,,,danbooru_api_no_chinese,low,,https://danbooru.donmai.us/wiki_pages/hand_on_headphones,ok
1161750,boy_sandwich,0,965,,,danbooru_api_no_chinese,low,,https://danbooru.donmai.us/wiki_pages/boy_sandwich,ok
426382,bear_tail,0,964,,,danbooru_api_no_chinese,low,,https://danbooru.donmai.us/wiki_pages/bear_tail,ok
1260709,copy_ability,0,964,,,danbooru_api_no_chinese,low,,https://danbooru.donmai.us/wiki_pages/copy_ability,ok
1496708,hitodama_print,0,963,,,danbooru_api_no_chinese,low,,https://danbooru.donmai.us/wiki_pages/hitodama_print,ok
1455373,v-shaped_eyes,0,962,,,danbooru_api_no_chinese,low,,https://danbooru.donmai.us/wiki_pages/v-shaped_eyes,ok
648057,rabbit_hat,0,961,,,danbooru_api_no_chinese,low,,https://danbooru.donmai.us/wiki_pages/rabbit_hat,ok
2013939,thick_beard,0,960,,,danbooru_api_no_chinese,low,,https://danbooru.donmai.us/wiki_pages/thick_beard,ok
6429,dwarf,0,960,,,danbooru_api_no_chinese,low,,https://danbooru.donmai.us/wiki_pages/dwarf,ok
538615,paper_stack,0,960,,,danbooru_api_no_chinese,low,,https://danbooru.donmai.us/wiki_pages/paper_stack,ok
1240337,yellow_border,0,960,,,danbooru_api_no_chinese,low,,https://danbooru.donmai.us/wiki_pages/yellow_border,ok
1489407,martial_arts_belt,0,960,,,danbooru_api_no_chinese,low,,https://danbooru.donmai.us/wiki_pages/martial_arts_belt,ok
1413251,fur-trimmed_collar,0,959,,,danbooru_api_no_chinese,low,,https://danbooru.donmai.us/wiki_pages/fur-trimmed_collar,ok
678477,shared_speech_bubble,0,958,,,danbooru_api_no_chinese,low,,https://danbooru.donmai.us/wiki_pages/shared_speech_bubble,ok
1310659,hands_on_another's_thighs,0,958,,,danbooru_api_no_chinese,low,,https://danbooru.donmai.us/wiki_pages/hands_on_another%27s_thighs,ok
634813,hugging_tail,0,957,,,danbooru_api_no_chinese,low,,https://danbooru.donmai.us/wiki_pages/hugging_tail,ok
1317392,sports_bra_lift,0,957,,,danbooru_api_no_chinese,low,,https://danbooru.donmai.us/wiki_pages/sports_bra_lift,ok
577070,hand_on_wall,0,956,,,danbooru_api_no_chinese,low,,https://danbooru.donmai.us/wiki_pages/hand_on_wall,ok
421692,game_boy,0,956,,,danbooru_api_no_chinese,low,,https://danbooru.donmai.us/wiki_pages/game_boy,ok
1263485,single_thigh_boot,0,955,,,danbooru_api_no_chinese,low,,https://danbooru.donmai.us/wiki_pages/single_thigh_boot,ok
1569753,teardrop_tattoo,0,954,,,danbooru_api_no_chinese,low,,https://danbooru.donmai.us/wiki_pages/teardrop_tattoo,ok
1344416,heart_pendant,0,954,,,danbooru_api_no_chinese,low,,https://danbooru.donmai.us/wiki_pages/heart_pendant,ok
691979,high_tops,0,953,,,danbooru_api_no_chinese,low,,https://danbooru.donmai.us/wiki_pages/high_tops,ok
1252918,sitting_on_table,0,953,,,danbooru_api_no_chinese,low,,https://danbooru.donmai.us/wiki_pages/sitting_on_table,ok
693309,sleeve_grab,0,953,,,danbooru_api_no_chinese,low,,https://danbooru.donmai.us/wiki_pages/sleeve_grab,not_found
582988,colored_text,0,952,,,danbooru_api_no_chinese,low,,https://danbooru.donmai.us/wiki_pages/colored_text,ok
839892,no_mole,0,951,,,danbooru_api_no_chinese,low,,https://danbooru.donmai.us/wiki_pages/no_mole,ok
1687001,male_underwear_pull,0,951,,,danbooru_api_no_chinese,low,,https://danbooru.donmai.us/wiki_pages/male_underwear_pull,ok
622330,oversized_limbs,0,951,,,danbooru_api_no_chinese,low,,https://danbooru.donmai.us/wiki_pages/oversized_limbs,ok
690728,missile_pod,0,951,,,danbooru_api_no_chinese,low,,https://danbooru.donmai.us/wiki_pages/missile_pod,ok
1240826,print_hoodie,0,951,,,danbooru_api_no_chinese,low,,https://danbooru.donmai.us/wiki_pages/print_hoodie,ok
1490497,green-tinted_eyewear,0,950,,,danbooru_api_no_chinese,low,,https://danbooru.donmai.us/wiki_pages/green-tinted_eyewear,ok
1244336,flower_brooch,0,950,,,danbooru_api_no_chinese,low,,https://danbooru.donmai.us/wiki_pages/flower_brooch,ok
876691,cum_in_container,0,948,,,danbooru_api_no_chinese,low,,https://danbooru.donmai.us/wiki_pages/cum_in_container,ok
665892,cross-laced_legwear,0,947,,,danbooru_api_no_chinese,low,,https://danbooru.donmai.us/wiki_pages/cross-laced_legwear,ok
534139,popped_button,0,947,,,danbooru_api_no_chinese,low,,https://danbooru.donmai.us/wiki_pages/popped_button,ok
488521,canopy_bed,0,947,,,danbooru_api_no_chinese,low,,https://danbooru.donmai.us/wiki_pages/canopy_bed,ok
9476,minotaur,0,946,,,danbooru_api_no_chinese,low,,https://danbooru.donmai.us/wiki_pages/minotaur,ok
694148,candlelight,0,946,,,danbooru_api_no_chinese,low,,https://danbooru.donmai.us/wiki_pages/candlelight,ok
467700,salad,0,946,,,danbooru_api_no_chinese,low,,https://danbooru.donmai.us/wiki_pages/salad,ok
1372678,tumblr_username,0,946,,,danbooru_api_no_chinese,low,,https://danbooru.donmai.us/wiki_pages/tumblr_username,ok
493711,finger_frame,0,945,,,danbooru_api_no_chinese,low,,https://danbooru.donmai.us/wiki_pages/finger_frame,ok
675922,on_roof,0,945,,,danbooru_api_no_chinese,low,,https://danbooru.donmai.us/wiki_pages/on_roof,ok
424519,racecar,0,945,,,danbooru_api_no_chinese,low,,https://danbooru.donmai.us/wiki_pages/racecar,ok
5302,elvaan,0,944,,,danbooru_api_no_chinese,low,,https://danbooru.donmai.us/wiki_pages/elvaan,ok
475951,ornament,0,943,,,danbooru_api_no_chinese,low,,https://danbooru.donmai.us/wiki_pages/ornament,ok
1417605,blue_shawl,0,943,,,danbooru_api_no_chinese,low,,https://danbooru.donmai.us/wiki_pages/blue_shawl,ok
1548224,butterfly_brooch,0,942,,,danbooru_api_no_chinese,low,,https://danbooru.donmai.us/wiki_pages/butterfly_brooch,ok
1326876,diamond_hair_ornament,0,941,,,danbooru_api_no_chinese,low,,https://danbooru.donmai.us/wiki_pages/diamond_hair_ornament,ok
1392344,white_sarong,0,940,,,danbooru_api_no_chinese,low,,https://danbooru.donmai.us/wiki_pages/white_sarong,ok
1578028,heart_on_chest,0,939,,,danbooru_api_no_chinese,low,,https://danbooru.donmai.us/wiki_pages/heart_on_chest,ok
1835737,green_one-piece_swimsuit,0,938,,,danbooru_api_no_chinese,low,,https://danbooru.donmai.us/wiki_pages/green_one-piece_swimsuit,ok
439842,purple_tongue,0,938,,,danbooru_api_no_chinese,low,,https://danbooru.donmai.us/wiki_pages/purple_tongue,ok
610394,wavy_eyes,0,938,,,danbooru_api_no_chinese,low,,https://danbooru.donmai.us/wiki_pages/wavy_eyes,ok
458787,testicle_grab,0,938,,,danbooru_api_no_chinese,low,,https://danbooru.donmai.us/wiki_pages/testicle_grab,ok
1328313,shell_hair_ornament,0,937,,,danbooru_api_no_chinese,low,,https://danbooru.donmai.us/wiki_pages/shell_hair_ornament,ok
1445049,grey_serafuku,0,936,,,danbooru_api_no_chinese,low,,https://danbooru.donmai.us/wiki_pages/grey_serafuku,ok
473285,lace-trimmed_thighhighs,0,936,,,danbooru_api_no_chinese,low,,https://danbooru.donmai.us/wiki_pages/lace-trimmed_thighhighs,ok
1386603,orange_cape,0,935,,,danbooru_api_no_chinese,low,,https://danbooru.donmai.us/wiki_pages/orange_cape,ok
1283338,american_flag_print,0,935,,,danbooru_api_no_chinese,low,,https://danbooru.donmai.us/wiki_pages/american_flag_print,ok
479840,severed_limb,0,934,,,danbooru_api_no_chinese,low,,https://danbooru.donmai.us/wiki_pages/severed_limb,ok
1860181,chain_headband,0,934,,,danbooru_api_no_chinese,low,,https://danbooru.donmai.us/wiki_pages/chain_headband,ok
1476164,holding_frying_pan,0,933,,,danbooru_api_no_chinese,low,,https://danbooru.donmai.us/wiki_pages/holding_frying_pan,ok
1272545,orange_leotard,0,932,,,danbooru_api_no_chinese,low,,https://danbooru.donmai.us/wiki_pages/orange_leotard,ok
1424344,sling_bikini_top,0,932,,,danbooru_api_no_chinese,low,,https://danbooru.donmai.us/wiki_pages/sling_bikini_top,ok
1505133,spanish_text,0,932,,,danbooru_api_no_chinese,low,,https://danbooru.donmai.us/wiki_pages/spanish_text,ok
1470771,planet_hair_ornament,0,931,,,danbooru_api_no_chinese,low,,https://danbooru.donmai.us/wiki_pages/planet_hair_ornament,ok
120759,mat,0,929,,,danbooru_api_no_chinese,low,,https://danbooru.donmai.us/wiki_pages/mat,ok
1319070,text_messaging,0,929,,,danbooru_api_no_chinese,low,,https://danbooru.donmai.us/wiki_pages/text_messaging,ok
714122,ball_and_chain_restraint,0,928,,,danbooru_api_no_chinese,low,,https://danbooru.donmai.us/wiki_pages/ball_and_chain_restraint,ok
1076830,hat_on_back,0,928,,,danbooru_api_no_chinese,low,,https://danbooru.donmai.us/wiki_pages/hat_on_back,ok
1428052,watermelon_slice,0,928,,,danbooru_api_no_chinese,low,,https://danbooru.donmai.us/wiki_pages/watermelon_slice,ok
1441858,lap_pillow_invitation,0,928,,,danbooru_api_no_chinese,low,,https://danbooru.donmai.us/wiki_pages/lap_pillow_invitation,ok
1465576,holding_teapot,0,926,,,danbooru_api_no_chinese,low,,https://danbooru.donmai.us/wiki_pages/holding_teapot,ok
511500,head_on_chest,0,926,,,danbooru_api_no_chinese,low,,https://danbooru.donmai.us/wiki_pages/head_on_chest,ok
655737,pants_under_skirt,0,926,,,danbooru_api_no_chinese,low,,https://danbooru.donmai.us/wiki_pages/pants_under_skirt,ok
608024,arm_between_legs,0,926,,,danbooru_api_no_chinese,low,,https://danbooru.donmai.us/wiki_pages/arm_between_legs,ok
1484224,pearl_hair_ornament,0,926,,,danbooru_api_no_chinese,low,,https://danbooru.donmai.us/wiki_pages/pearl_hair_ornament,ok
1890159,hand_on_own_ear,0,923,,,danbooru_api_no_chinese,low,,https://danbooru.donmai.us/wiki_pages/hand_on_own_ear,ok
2006768,unworn_bikini_bottom,0,923,,,danbooru_api_no_chinese,low,,https://danbooru.donmai.us/wiki_pages/unworn_bikini_bottom,ok
1695426,popsicle_in_mouth,0,923,,,danbooru_api_no_chinese,low,,https://danbooru.donmai.us/wiki_pages/popsicle_in_mouth,ok
9541,punk,0,922,,,danbooru_api_no_chinese,low,,https://danbooru.donmai.us/wiki_pages/punk,ok
1416325,multicolored_hairband,0,922,,,danbooru_api_no_chinese,low,,https://danbooru.donmai.us/wiki_pages/multicolored_hairband,ok
679788,wet_towel,0,921,,,danbooru_api_no_chinese,low,,https://danbooru.donmai.us/wiki_pages/wet_towel,ok
1983409,drop-shaped_pupils,0,921,,,danbooru_api_no_chinese,low,,https://danbooru.donmai.us/wiki_pages/drop-shaped_pupils,ok
1422612,purple_serafuku,0,919,,,danbooru_api_no_chinese,low,,https://danbooru.donmai.us/wiki_pages/purple_serafuku,ok
1754051,western_comics_(style),0,919,,,danbooru_api_no_chinese,low,,https://danbooru.donmai.us/wiki_pages/western_comics_%28style%29,ok
675626,in_palm,0,919,,,danbooru_api_no_chinese,low,,https://danbooru.donmai.us/wiki_pages/in_palm,ok
1247324,implied_fingering,0,919,,,danbooru_api_no_chinese,low,,https://danbooru.donmai.us/wiki_pages/implied_fingering,ok
535487,hand_over_eye,0,919,,,danbooru_api_no_chinese,low,,https://danbooru.donmai.us/wiki_pages/hand_over_eye,ok
1360959,frilled_jacket,0,919,,,danbooru_api_no_chinese,low,,https://danbooru.donmai.us/wiki_pages/frilled_jacket,ok
467235,license_plate,0,918,,,danbooru_api_no_chinese,low,,https://danbooru.donmai.us/wiki_pages/license_plate,ok
547795,breaking,0,918,,,danbooru_api_no_chinese,low,,https://danbooru.donmai.us/wiki_pages/breaking,ok
1436508,penis_on_ass,0,918,,,danbooru_api_no_chinese,low,,https://danbooru.donmai.us/wiki_pages/penis_on_ass,ok
546978,two-finger_salute,0,918,,,danbooru_api_no_chinese,low,,https://danbooru.donmai.us/wiki_pages/two-finger_salute,ok
1425383,blue_pajamas,0,918,,,danbooru_api_no_chinese,low,,https://danbooru.donmai.us/wiki_pages/blue_pajamas,ok
564925,polka_dot_ribbon,0,916,,,danbooru_api_no_chinese,low,,https://danbooru.donmai.us/wiki_pages/polka_dot_ribbon,ok
1390981,ribbon_braid,0,916,,,danbooru_api_no_chinese,low,,https://danbooru.donmai.us/wiki_pages/ribbon_braid,not_found
1436930,red_curtains,0,916,,,danbooru_api_no_chinese,low,,https://danbooru.donmai.us/wiki_pages/red_curtains,ok
1835605,halter_shirt,0,915,,,danbooru_api_no_chinese,low,,https://danbooru.donmai.us/wiki_pages/halter_shirt,ok
1441554,red_sports_bra,0,915,,,danbooru_api_no_chinese,low,,https://danbooru.donmai.us/wiki_pages/red_sports_bra,ok
317012,zeon,0,915,,,danbooru_api_no_chinese,low,,https://danbooru.donmai.us/wiki_pages/zeon,ok
643172,shotgun_shell,0,915,,,danbooru_api_no_chinese,low,,https://danbooru.donmai.us/wiki_pages/shotgun_shell,ok
4374,meta,0,913,,,danbooru_api_no_chinese,low,,https://danbooru.donmai.us/wiki_pages/meta,ok
2028289,sideless_kimono,0,913,,,danbooru_api_no_chinese,low,,https://danbooru.donmai.us/wiki_pages/sideless_kimono,ok
1396474,single_knee_pad,0,912,,,danbooru_api_no_chinese,low,,https://danbooru.donmai.us/wiki_pages/single_knee_pad,ok
570549,long_shirt,0,911,,,danbooru_api_no_chinese,low,,https://danbooru.donmai.us/wiki_pages/long_shirt,ok
489578,whiskey,0,911,,,danbooru_api_no_chinese,low,,https://danbooru.donmai.us/wiki_pages/whiskey,ok
1510577,v_over_mouth,0,911,,,danbooru_api_no_chinese,low,,https://danbooru.donmai.us/wiki_pages/v_over_mouth,ok
1419480,maid_day,0,911,,,danbooru_api_no_chinese,low,,https://danbooru.donmai.us/wiki_pages/maid_day,ok
1776547,multiple_scars,0,911,,,danbooru_api_no_chinese,low,,https://danbooru.donmai.us/wiki_pages/multiple_scars,ok
1989967,segmented_comic,0,910,,,danbooru_api_no_chinese,low,,https://danbooru.donmai.us/wiki_pages/segmented_comic,ok
547020,fidgeting,0,909,,,danbooru_api_no_chinese,low,,https://danbooru.donmai.us/wiki_pages/fidgeting,ok
1688136,saliva_drip,0,908,,,danbooru_api_no_chinese,low,,https://danbooru.donmai.us/wiki_pages/saliva_drip,not_found
1546273,cross-laced_slit,0,908,,,danbooru_api_no_chinese,low,,https://danbooru.donmai.us/wiki_pages/cross-laced_slit,ok
708682,hand_on_another's_hand,0,907,,,danbooru_api_no_chinese,low,,https://danbooru.donmai.us/wiki_pages/hand_on_another%27s_hand,ok
525584,orange_socks,0,907,,,danbooru_api_no_chinese,low,,https://danbooru.donmai.us/wiki_pages/orange_socks,ok
658126,cream_on_face,0,907,,,danbooru_api_no_chinese,low,,https://danbooru.donmai.us/wiki_pages/cream_on_face,ok
1390068,joy-con,0,907,,,danbooru_api_no_chinese,low,,https://danbooru.donmai.us/wiki_pages/joy-con,ok
1322883,flag_background,0,906,,,danbooru_api_no_chinese,low,,https://danbooru.donmai.us/wiki_pages/flag_background,ok
684743,sam_browne_belt,0,906,,,danbooru_api_no_chinese,low,,https://danbooru.donmai.us/wiki_pages/sam_browne_belt,ok
1317436,satin_panties,0,906,,,danbooru_api_no_chinese,low,,https://danbooru.donmai.us/wiki_pages/satin_panties,ok
701994,pov_across_table,0,904,,,danbooru_api_no_chinese,low,,https://danbooru.donmai.us/wiki_pages/pov_across_table,ok
1351262,hand_on_another's_ear,0,904,,,danbooru_api_no_chinese,low,,https://danbooru.donmai.us/wiki_pages/hand_on_another%27s_ear,ok
1754190,onii-shota,0,904,,,danbooru_api_no_chinese,low,,https://danbooru.donmai.us/wiki_pages/onii-shota,ok
460435,ivy,0,903,,,danbooru_api_no_chinese,low,,https://danbooru.donmai.us/wiki_pages/ivy,ok
1370713,pink_umbrella,0,903,,,danbooru_api_no_chinese,low,,https://danbooru.donmai.us/wiki_pages/pink_umbrella,ok
502186,broken_window,0,902,,,danbooru_api_no_chinese,low,,https://danbooru.donmai.us/wiki_pages/broken_window,ok
1417085,double_horizontal_stripe,0,901,,,danbooru_api_no_chinese,low,,https://danbooru.donmai.us/wiki_pages/double_horizontal_stripe,ok
15902,jetpack,0,901,,,danbooru_api_no_chinese,low,,https://danbooru.donmai.us/wiki_pages/jetpack,ok
1574664,two-sided_skirt,0,901,,,danbooru_api_no_chinese,low,,https://danbooru.donmai.us/wiki_pages/two-sided_skirt,ok
1552959,genderswap_(otf),0,900,,,danbooru_api_no_chinese,low,,https://danbooru.donmai.us/wiki_pages/genderswap_%28otf%29,ok
791840,blue_umbrella,0,899,,,danbooru_api_no_chinese,low,,https://danbooru.donmai.us/wiki_pages/blue_umbrella,ok
444001,legband,0,899,,,danbooru_api_no_chinese,low,,https://danbooru.donmai.us/wiki_pages/legband,ok
478042,track_uniform,0,899,,,danbooru_api_no_chinese,low,,https://danbooru.donmai.us/wiki_pages/track_uniform,ok
1258486,musical_note_print,0,898,,,danbooru_api_no_chinese,low,,https://danbooru.donmai.us/wiki_pages/musical_note_print,ok
1687562,off-shoulder_one-piece_swimsuit,0,897,,,danbooru_api_no_chinese,low,,https://danbooru.donmai.us/wiki_pages/off-shoulder_one-piece_swimsuit,ok
1438293,holding_wrench,0,896,,,danbooru_api_no_chinese,low,,https://danbooru.donmai.us/wiki_pages/holding_wrench,ok
620832,hollow_eyes,0,896,,,danbooru_api_no_chinese,low,,https://danbooru.donmai.us/wiki_pages/hollow_eyes,ok
389367,pineapple,0,895,,,danbooru_api_no_chinese,low,,https://danbooru.donmai.us/wiki_pages/pineapple,ok
1263595,soap_bottle,0,893,,,danbooru_api_no_chinese,low,,https://danbooru.donmai.us/wiki_pages/soap_bottle,ok
2006765,unworn_eyepatch,0,893,,,danbooru_api_no_chinese,low,,https://danbooru.donmai.us/wiki_pages/unworn_eyepatch,ok
662225,floating_book,0,891,,,danbooru_api_no_chinese,low,,https://danbooru.donmai.us/wiki_pages/floating_book,ok
445428,guard_rail,0,891,,,danbooru_api_no_chinese,low,,https://danbooru.donmai.us/wiki_pages/guard_rail,ok
500191,rabbit_costume,0,891,,,danbooru_api_no_chinese,low,,https://danbooru.donmai.us/wiki_pages/rabbit_costume,ok
1607841,holding_riding_crop,0,890,,,danbooru_api_no_chinese,low,,https://danbooru.donmai.us/wiki_pages/holding_riding_crop,ok
1345296,skeleton_print,0,890,,,danbooru_api_no_chinese,low,,https://danbooru.donmai.us/wiki_pages/skeleton_print,ok
1595590,pectoral_focus,0,890,,,danbooru_api_no_chinese,low,,https://danbooru.donmai.us/wiki_pages/pectoral_focus,ok
562139,glove_biting,0,888,,,danbooru_api_no_chinese,low,,https://danbooru.donmai.us/wiki_pages/glove_biting,not_found
1827382,st._theresa's_girls_academy_school_uniform,0,888,,,danbooru_api_no_chinese,low,,https://danbooru.donmai.us/wiki_pages/st._theresa%27s_girls_academy_school_uniform,ok
168887,age_comparison,0,887,,,danbooru_api_no_chinese,low,,https://danbooru.donmai.us/wiki_pages/age_comparison,ok
1881202,st._chronica_academy_school_uniform,0,886,,,danbooru_api_no_chinese,low,,https://danbooru.donmai.us/wiki_pages/st._chronica_academy_school_uniform,ok
524684,food_on_breasts,0,885,,,danbooru_api_no_chinese,low,,https://danbooru.donmai.us/wiki_pages/food_on_breasts,ok
591843,flying_paper,0,885,,,danbooru_api_no_chinese,low,,https://danbooru.donmai.us/wiki_pages/flying_paper,ok
471586,breast_milk,0,884,,,danbooru_api_no_chinese,low,,https://danbooru.donmai.us/wiki_pages/breast_milk,ok
475375,chocolate_cake,0,884,,,danbooru_api_no_chinese,low,,https://danbooru.donmai.us/wiki_pages/chocolate_cake,ok
590202,pinstripe_suit,0,884,,,danbooru_api_no_chinese,low,,https://danbooru.donmai.us/wiki_pages/pinstripe_suit,ok
1064351,green_cloak,0,884,,,danbooru_api_no_chinese,low,,https://danbooru.donmai.us/wiki_pages/green_cloak,ok
1513569,spaceship_hair_ornament,0,884,,,danbooru_api_no_chinese,low,,https://danbooru.donmai.us/wiki_pages/spaceship_hair_ornament,ok
378206,joystick,0,882,,,danbooru_api_no_chinese,low,,https://danbooru.donmai.us/wiki_pages/joystick,ok
640297,pump_action,0,882,,,danbooru_api_no_chinese,low,,https://danbooru.donmai.us/wiki_pages/pump_action,ok
524545,box_art,0,882,,,danbooru_api_no_chinese,low,,https://danbooru.donmai.us/wiki_pages/box_art,ok
1680143,pegasus_knight_uniform_(fire_emblem),0,882,,,danbooru_api_no_chinese,low,,https://danbooru.donmai.us/wiki_pages/pegasus_knight_uniform_%28fire_emblem%29,ok
1532157,green_eyeshadow,0,882,,,danbooru_api_no_chinese,low,,https://danbooru.donmai.us/wiki_pages/green_eyeshadow,ok
537572,teeth_hold,0,881,,,danbooru_api_no_chinese,low,,https://danbooru.donmai.us/wiki_pages/teeth_hold,ok
1309232,wallpaper_(object),0,881,,,danbooru_api_no_chinese,low,,https://danbooru.donmai.us/wiki_pages/wallpaper_%28object%29,ok
1344657,cat_bag,0,880,,,danbooru_api_no_chinese,low,,https://danbooru.donmai.us/wiki_pages/cat_bag,ok
1539221,bandaged_wrist,0,878,,,danbooru_api_no_chinese,low,,https://danbooru.donmai.us/wiki_pages/bandaged_wrist,ok
1228145,holding_swimsuit,0,878,,,danbooru_api_no_chinese,low,,https://danbooru.donmai.us/wiki_pages/holding_swimsuit,ok
719023,implied_kiss,0,877,,,danbooru_api_no_chinese,low,,https://danbooru.donmai.us/wiki_pages/implied_kiss,ok
686745,spiked_hairband,0,877,,,danbooru_api_no_chinese,low,,https://danbooru.donmai.us/wiki_pages/spiked_hairband,ok
1098977,glass_bottle,0,876,,,danbooru_api_no_chinese,low,,https://danbooru.donmai.us/wiki_pages/glass_bottle,ok
590861,black_sky,0,876,,,danbooru_api_no_chinese,low,,https://danbooru.donmai.us/wiki_pages/black_sky,ok
487992,inkwell,0,875,,,danbooru_api_no_chinese,low,,https://danbooru.donmai.us/wiki_pages/inkwell,ok
390727,jester,0,874,,,danbooru_api_no_chinese,low,,https://danbooru.donmai.us/wiki_pages/jester,ok
1594642,holomyth,0,874,,,danbooru_api_no_chinese,low,,https://danbooru.donmai.us/wiki_pages/holomyth,ok
420937,stopwatch,0,872,,,danbooru_api_no_chinese,low,,https://danbooru.donmai.us/wiki_pages/stopwatch,ok
664177,holding_footwear,0,872,,,danbooru_api_no_chinese,low,,https://danbooru.donmai.us/wiki_pages/holding_footwear,ok
675084,holding_toy,0,871,,,danbooru_api_no_chinese,low,,https://danbooru.donmai.us/wiki_pages/holding_toy,ok
622480,food_art,0,871,,,danbooru_api_no_chinese,low,,https://danbooru.donmai.us/wiki_pages/food_art,ok
472859,roots,0,871,,,danbooru_api_no_chinese,low,,https://danbooru.donmai.us/wiki_pages/roots,not_found
1617036,pokemon_move,0,871,,,danbooru_api_no_chinese,low,,https://danbooru.donmai.us/wiki_pages/pokemon_move,ok
2068712,hugging_book,0,870,,,danbooru_api_no_chinese,low,,https://danbooru.donmai.us/wiki_pages/hugging_book,ok
1328754,brown_border,0,870,,,danbooru_api_no_chinese,low,,https://danbooru.donmai.us/wiki_pages/brown_border,ok
560280,vignetting,0,870,,,danbooru_api_no_chinese,low,,https://danbooru.donmai.us/wiki_pages/vignetting,ok
503766,half-skirt,0,869,,,danbooru_api_no_chinese,low,,https://danbooru.donmai.us/wiki_pages/half-skirt,ok
447315,glock,0,868,,,danbooru_api_no_chinese,low,,https://danbooru.donmai.us/wiki_pages/glock,ok
480563,fast_food,0,868,,,danbooru_api_no_chinese,low,,https://danbooru.donmai.us/wiki_pages/fast_food,ok
529773,orange_jumpsuit,0,868,,,danbooru_api_no_chinese,low,,https://danbooru.donmai.us/wiki_pages/orange_jumpsuit,ok
547523,flower_in_eye,0,868,,,danbooru_api_no_chinese,low,,https://danbooru.donmai.us/wiki_pages/flower_in_eye,ok
1714871,midriff_sarashi,0,867,,,danbooru_api_no_chinese,low,,https://danbooru.donmai.us/wiki_pages/midriff_sarashi,ok
1440813,red_track_suit,0,867,,,danbooru_api_no_chinese,low,,https://danbooru.donmai.us/wiki_pages/red_track_suit,ok
803618,k-pop,0,867,,,danbooru_api_no_chinese,low,,https://danbooru.donmai.us/wiki_pages/k-pop,ok
1398925,speaking_tube_headset,0,867,,,danbooru_api_no_chinese,low,,https://danbooru.donmai.us/wiki_pages/speaking_tube_headset,ok
1363719,cum_on_eyewear,0,866,,,danbooru_api_no_chinese,low,,https://danbooru.donmai.us/wiki_pages/cum_on_eyewear,ok
683512,grey_suit,0,866,,,danbooru_api_no_chinese,low,,https://danbooru.donmai.us/wiki_pages/grey_suit,ok
1360272,hooded_vest,0,866,,,danbooru_api_no_chinese,low,,https://danbooru.donmai.us/wiki_pages/hooded_vest,ok
410219,scylla,0,865,,,danbooru_api_no_chinese,low,,https://danbooru.donmai.us/wiki_pages/scylla,ok
14528,bathrobe,0,863,,,danbooru_api_no_chinese,low,,https://danbooru.donmai.us/wiki_pages/bathrobe,ok
1347574,mole_on_body,0,863,,,danbooru_api_no_chinese,low,,https://danbooru.donmai.us/wiki_pages/mole_on_body,ok
1299315,spoiler_(automobile),0,863,,,danbooru_api_no_chinese,low,,https://danbooru.donmai.us/wiki_pages/spoiler_%28automobile%29,ok
1620077,holding_fireworks,0,862,,,danbooru_api_no_chinese,low,,https://danbooru.donmai.us/wiki_pages/holding_fireworks,ok
413068,sequential,0,860,,,danbooru_api_no_chinese,low,,https://danbooru.donmai.us/wiki_pages/sequential,ok
412400,coif,0,860,,,danbooru_api_no_chinese,low,,https://danbooru.donmai.us/wiki_pages/coif,ok
1631697,alternate_pectoral_size,0,860,,,danbooru_api_no_chinese,low,,https://danbooru.donmai.us/wiki_pages/alternate_pectoral_size,ok
695792,chained_wrists,0,859,,,danbooru_api_no_chinese,low,,https://danbooru.donmai.us/wiki_pages/chained_wrists,ok
1425321,hogwarts_school_uniform,0,858,,,danbooru_api_no_chinese,low,,https://danbooru.donmai.us/wiki_pages/hogwarts_school_uniform,ok
1429573,bow_skirt,0,858,,,danbooru_api_no_chinese,low,,https://danbooru.donmai.us/wiki_pages/bow_skirt,ok
1844433,tweaking_own_nipple,0,857,,,danbooru_api_no_chinese,low,,https://danbooru.donmai.us/wiki_pages/tweaking_own_nipple,ok
1410975,blue_camisole,0,856,,,danbooru_api_no_chinese,low,,https://danbooru.donmai.us/wiki_pages/blue_camisole,ok
1424513,striped_coat,0,855,,,danbooru_api_no_chinese,low,,https://danbooru.donmai.us/wiki_pages/striped_coat,ok
1964717,holding_with_feet,0,854,,,danbooru_api_no_chinese,low,,https://danbooru.donmai.us/wiki_pages/holding_with_feet,ok
584875,pizza_box,0,854,,,danbooru_api_no_chinese,low,,https://danbooru.donmai.us/wiki_pages/pizza_box,ok
423622,pelt,0,854,,,danbooru_api_no_chinese,low,,https://danbooru.donmai.us/wiki_pages/pelt,ok
1622944,chaldea_logo,0,854,,,danbooru_api_no_chinese,low,,https://danbooru.donmai.us/wiki_pages/chaldea_logo,ok
524807,unfastened,0,853,,,danbooru_api_no_chinese,low,,https://danbooru.donmai.us/wiki_pages/unfastened,ok
636503,greek_toe,0,853,,,danbooru_api_no_chinese,low,,https://danbooru.donmai.us/wiki_pages/greek_toe,ok
1686123,black_armband,0,853,,,danbooru_api_no_chinese,low,,https://danbooru.donmai.us/wiki_pages/black_armband,ok
596238,bird_print,0,851,,,danbooru_api_no_chinese,low,,https://danbooru.donmai.us/wiki_pages/bird_print,ok
1323325,shared_object_insertion,0,851,,,danbooru_api_no_chinese,low,,https://danbooru.donmai.us/wiki_pages/shared_object_insertion,ok
647761,hanging_plant,0,851,,,danbooru_api_no_chinese,low,,https://danbooru.donmai.us/wiki_pages/hanging_plant,ok
557830,hand_on_glass,0,851,,,danbooru_api_no_chinese,low,,https://danbooru.donmai.us/wiki_pages/hand_on_glass,ok
565438,vertical-striped_socks,0,850,,,danbooru_api_no_chinese,low,,https://danbooru.donmai.us/wiki_pages/vertical-striped_socks,ok
1661800,used_condom_on_penis,0,850,,,danbooru_api_no_chinese,low,,https://danbooru.donmai.us/wiki_pages/used_condom_on_penis,ok
562074,plaid_ribbon,0,850,,,danbooru_api_no_chinese,low,,https://danbooru.donmai.us/wiki_pages/plaid_ribbon,ok
1950169,sparse_stubble,0,850,,,danbooru_api_no_chinese,low,,https://danbooru.donmai.us/wiki_pages/sparse_stubble,ok
687873,...?,0,850,,,danbooru_api_no_chinese,low,,https://danbooru.donmai.us/wiki_pages/...%3F,ok
602163,webbed_hands,0,850,,,danbooru_api_no_chinese,low,,https://danbooru.donmai.us/wiki_pages/webbed_hands,ok
478554,contrast,0,850,,,danbooru_api_no_chinese,low,,https://danbooru.donmai.us/wiki_pages/contrast,ok
1898819,virgin_destroyer_sweater,0,850,,,danbooru_api_no_chinese,low,,https://danbooru.donmai.us/wiki_pages/virgin_destroyer_sweater,ok
1325782,skull_ornament,0,849,,,danbooru_api_no_chinese,low,,https://danbooru.donmai.us/wiki_pages/skull_ornament,ok
4079,isometric,0,848,,,danbooru_api_no_chinese,low,,https://danbooru.donmai.us/wiki_pages/isometric,ok
1528677,holding_test_tube,0,848,,,danbooru_api_no_chinese,low,,https://danbooru.donmai.us/wiki_pages/holding_test_tube,ok
1673135,fat_rolls,0,847,,,danbooru_api_no_chinese,low,,https://danbooru.donmai.us/wiki_pages/fat_rolls,ok
1457794,weapon_case,0,846,,,danbooru_api_no_chinese,low,,https://danbooru.donmai.us/wiki_pages/weapon_case,ok
1397005,fur-trimmed_shirt,0,845,,,danbooru_api_no_chinese,low,,https://danbooru.donmai.us/wiki_pages/fur-trimmed_shirt,ok
574109,missing_limb,0,845,,,danbooru_api_no_chinese,low,,https://danbooru.donmai.us/wiki_pages/missing_limb,ok
1524014,lightning_bolt_print,0,845,,,danbooru_api_no_chinese,low,,https://danbooru.donmai.us/wiki_pages/lightning_bolt_print,ok
451855,studded_collar,0,844,,,danbooru_api_no_chinese,low,,https://danbooru.donmai.us/wiki_pages/studded_collar,ok
1456704,holding_mop,0,843,,,danbooru_api_no_chinese,low,,https://danbooru.donmai.us/wiki_pages/holding_mop,ok
570545,headlight,0,843,,,danbooru_api_no_chinese,low,,https://danbooru.donmai.us/wiki_pages/headlight,ok
772467,bear_boy,0,843,,,danbooru_api_no_chinese,low,,https://danbooru.donmai.us/wiki_pages/bear_boy,ok
423144,toggles,0,842,,,danbooru_api_no_chinese,low,,https://danbooru.donmai.us/wiki_pages/toggles,ok
1512493,blue_tabard,0,842,,,danbooru_api_no_chinese,low,,https://danbooru.donmai.us/wiki_pages/blue_tabard,ok
3927,gao,0,842,,,danbooru_api_no_chinese,low,,https://danbooru.donmai.us/wiki_pages/gao,ok
1314901,holly_hair_ornament,0,842,,,danbooru_api_no_chinese,low,,https://danbooru.donmai.us/wiki_pages/holly_hair_ornament,ok
1318429,pendant_watch,0,841,,,danbooru_api_no_chinese,low,,https://danbooru.donmai.us/wiki_pages/pendant_watch,ok
714513,menu_board,0,841,,,danbooru_api_no_chinese,low,,https://danbooru.donmai.us/wiki_pages/menu_board,ok
384589,lyre,0,840,,,danbooru_api_no_chinese,low,,https://danbooru.donmai.us/wiki_pages/lyre,ok
1881203,lillian_girls'_academy_school_uniform,0,839,,,danbooru_api_no_chinese,low,,https://danbooru.donmai.us/wiki_pages/lillian_girls%27_academy_school_uniform,ok
1076064,covering_one_breast,0,839,,,danbooru_api_no_chinese,low,,https://danbooru.donmai.us/wiki_pages/covering_one_breast,ok
1260902,folded_hair,0,839,,,danbooru_api_no_chinese,low,,https://danbooru.donmai.us/wiki_pages/folded_hair,ok
726335,vertical-striped_pants,0,839,,,danbooru_api_no_chinese,low,,https://danbooru.donmai.us/wiki_pages/vertical-striped_pants,ok
663228,implied_masturbation,0,838,,,danbooru_api_no_chinese,low,,https://danbooru.donmai.us/wiki_pages/implied_masturbation,ok
375625,model_kit,0,838,,,danbooru_api_no_chinese,low,,https://danbooru.donmai.us/wiki_pages/model_kit,ok
519188,metal_skin,0,838,,,danbooru_api_no_chinese,low,,https://danbooru.donmai.us/wiki_pages/metal_skin,ok
5402,crowbar,0,837,,,danbooru_api_no_chinese,low,,https://danbooru.donmai.us/wiki_pages/crowbar,ok
1428380,blood_on_leg,0,837,,,danbooru_api_no_chinese,low,,https://danbooru.donmai.us/wiki_pages/blood_on_leg,ok
1282703,stained_clothes,0,837,,,danbooru_api_no_chinese,low,,https://danbooru.donmai.us/wiki_pages/stained_clothes,ok
618480,sitting_on_shoulder,0,836,,,danbooru_api_no_chinese,low,,https://danbooru.donmai.us/wiki_pages/sitting_on_shoulder,ok
446984,gun_to_head,0,836,,,danbooru_api_no_chinese,low,,https://danbooru.donmai.us/wiki_pages/gun_to_head,ok
527885,christmas_stocking,0,836,,,danbooru_api_no_chinese,low,,https://danbooru.donmai.us/wiki_pages/christmas_stocking,ok
1354471,on_railing,0,835,,,danbooru_api_no_chinese,low,,https://danbooru.donmai.us/wiki_pages/on_railing,ok
630404,pumpkin_hat,0,835,,,danbooru_api_no_chinese,low,,https://danbooru.donmai.us/wiki_pages/pumpkin_hat,ok
529041,hand_wraps,0,835,,,danbooru_api_no_chinese,low,,https://danbooru.donmai.us/wiki_pages/hand_wraps,ok
524281,belt_skirt,0,834,,,danbooru_api_no_chinese,low,,https://danbooru.donmai.us/wiki_pages/belt_skirt,ok
381159,crotch_grab,0,834,,,danbooru_api_no_chinese,low,,https://danbooru.donmai.us/wiki_pages/crotch_grab,ok
1792030,hexagon_print,0,834,,,danbooru_api_no_chinese,low,,https://danbooru.donmai.us/wiki_pages/hexagon_print,ok
1318703,lace-trimmed_choker,0,833,,,danbooru_api_no_chinese,low,,https://danbooru.donmai.us/wiki_pages/lace-trimmed_choker,ok
1449427,brown_mittens,0,833,,,danbooru_api_no_chinese,low,,https://danbooru.donmai.us/wiki_pages/brown_mittens,ok
1571250,shiny_and_normal,0,833,,,danbooru_api_no_chinese,low,,https://danbooru.donmai.us/wiki_pages/shiny_and_normal,ok
10389,drugged,0,832,,,danbooru_api_no_chinese,low,,https://danbooru.donmai.us/wiki_pages/drugged,ok
505038,duel_disk,0,832,,,danbooru_api_no_chinese,low,,https://danbooru.donmai.us/wiki_pages/duel_disk,ok
1286244,rei_no_pool,0,832,,,danbooru_api_no_chinese,low,,https://danbooru.donmai.us/wiki_pages/rei_no_pool,ok
517400,blue_hood,0,832,,,danbooru_api_no_chinese,low,,https://danbooru.donmai.us/wiki_pages/blue_hood,ok
576440,naked_cloak,0,831,,,danbooru_api_no_chinese,low,,https://danbooru.donmai.us/wiki_pages/naked_cloak,ok
1444212,black_bandeau,0,831,,,danbooru_api_no_chinese,low,,https://danbooru.donmai.us/wiki_pages/black_bandeau,ok
1330123,paralyzer,0,831,,,danbooru_api_no_chinese,low,,https://danbooru.donmai.us/wiki_pages/paralyzer,ok
809507,eye_black,0,831,,,danbooru_api_no_chinese,low,,https://danbooru.donmai.us/wiki_pages/eye_black,ok
1393397,orange_goggles,0,831,,,danbooru_api_no_chinese,low,,https://danbooru.donmai.us/wiki_pages/orange_goggles,ok
620901,ice_cream_float,0,830,,,danbooru_api_no_chinese,low,,https://danbooru.donmai.us/wiki_pages/ice_cream_float,ok
1421495,purple_collar,0,829,,,danbooru_api_no_chinese,low,,https://danbooru.donmai.us/wiki_pages/purple_collar,ok
1471254,flower_choker,0,829,,,danbooru_api_no_chinese,low,,https://danbooru.donmai.us/wiki_pages/flower_choker,ok
1345302,holding_heart,0,828,,,danbooru_api_no_chinese,low,,https://danbooru.donmai.us/wiki_pages/holding_heart,ok
1728479,kousaka_kirino's_school_uniform,0,828,,,danbooru_api_no_chinese,low,,https://danbooru.donmai.us/wiki_pages/kousaka_kirino%27s_school_uniform,ok
1693508,cut_bangs,0,828,,,danbooru_api_no_chinese,low,,https://danbooru.donmai.us/wiki_pages/cut_bangs,ok
1293824,portal_(object),0,827,,,danbooru_api_no_chinese,low,,https://danbooru.donmai.us/wiki_pages/portal_%28object%29,ok
679802,pocky_in_mouth,0,826,,,danbooru_api_no_chinese,low,,https://danbooru.donmai.us/wiki_pages/pocky_in_mouth,ok
1404577,grey_apron,0,826,,,danbooru_api_no_chinese,low,,https://danbooru.donmai.us/wiki_pages/grey_apron,ok
1634686,cigarette_pack,0,824,,,danbooru_api_no_chinese,low,,https://danbooru.donmai.us/wiki_pages/cigarette_pack,ok
529223,cellphone_charm,0,824,,,danbooru_api_no_chinese,low,,https://danbooru.donmai.us/wiki_pages/cellphone_charm,ok
506659,tribal_tattoo,0,824,,,danbooru_api_no_chinese,low,,https://danbooru.donmai.us/wiki_pages/tribal_tattoo,ok
469065,fist_bump,0,823,,,danbooru_api_no_chinese,low,,https://danbooru.donmai.us/wiki_pages/fist_bump,ok
1389883,red_cardigan,0,823,,,danbooru_api_no_chinese,low,,https://danbooru.donmai.us/wiki_pages/red_cardigan,ok
487630,eye_reflection,0,822,,,danbooru_api_no_chinese,low,,https://danbooru.donmai.us/wiki_pages/eye_reflection,ok
1345444,holding_coin,0,822,,,danbooru_api_no_chinese,low,,https://danbooru.donmai.us/wiki_pages/holding_coin,ok
565798,crazy_straw,0,822,,,danbooru_api_no_chinese,low,,https://danbooru.donmai.us/wiki_pages/crazy_straw,ok
1467612,holding_microphone_stand,0,821,,,danbooru_api_no_chinese,low,,https://danbooru.donmai.us/wiki_pages/holding_microphone_stand,ok
1257082,clock_eyes,0,821,,,danbooru_api_no_chinese,low,,https://danbooru.donmai.us/wiki_pages/clock_eyes,ok
1394772,holding_chain,0,820,,,danbooru_api_no_chinese,low,,https://danbooru.donmai.us/wiki_pages/holding_chain,ok
383875,restroom,0,819,,,danbooru_api_no_chinese,low,,https://danbooru.donmai.us/wiki_pages/restroom,not_found
449449,beretta_92,0,818,,,danbooru_api_no_chinese,low,,https://danbooru.donmai.us/wiki_pages/beretta_92,ok
551086,protecting,0,818,,,danbooru_api_no_chinese,low,,https://danbooru.donmai.us/wiki_pages/protecting,ok
658222,stuffed_penguin,0,818,,,danbooru_api_no_chinese,low,,https://danbooru.donmai.us/wiki_pages/stuffed_penguin,ok
409724,converse,0,818,,,danbooru_api_no_chinese,low,,https://danbooru.donmai.us/wiki_pages/converse,ok
1629215,black_male_swimwear,0,817,,,danbooru_api_no_chinese,low,,https://danbooru.donmai.us/wiki_pages/black_male_swimwear,ok
1457241,index_fingers_raised,0,817,,,danbooru_api_no_chinese,low,,https://danbooru.donmai.us/wiki_pages/index_fingers_raised,ok
679600,censored_text,0,816,,,danbooru_api_no_chinese,low,,https://danbooru.donmai.us/wiki_pages/censored_text,ok
523961,hair_between_breasts,0,815,,,danbooru_api_no_chinese,low,,https://danbooru.donmai.us/wiki_pages/hair_between_breasts,ok
1610073,toilet_stall,0,814,,,danbooru_api_no_chinese,low,,https://danbooru.donmai.us/wiki_pages/toilet_stall,ok
1268234,alternate_hair_ornament,0,814,,,danbooru_api_no_chinese,low,,https://danbooru.donmai.us/wiki_pages/alternate_hair_ornament,ok
9295,jungle,0,813,,,danbooru_api_no_chinese,low,,https://danbooru.donmai.us/wiki_pages/jungle,ok
1603815,food_bite,0,813,,,danbooru_api_no_chinese,low,,https://danbooru.donmai.us/wiki_pages/food_bite,ok
2006773,unworn_necktie,0,813,,,danbooru_api_no_chinese,low,,https://danbooru.donmai.us/wiki_pages/unworn_necktie,ok
623951,lying_on_lap,0,812,,,danbooru_api_no_chinese,low,,https://danbooru.donmai.us/wiki_pages/lying_on_lap,ok
1407354,brown_neckerchief,0,811,,,danbooru_api_no_chinese,low,,https://danbooru.donmai.us/wiki_pages/brown_neckerchief,ok
1257074,hand_on_floor,0,811,,,danbooru_api_no_chinese,low,,https://danbooru.donmai.us/wiki_pages/hand_on_floor,ok
624878,red_suit,0,810,,,danbooru_api_no_chinese,low,,https://danbooru.donmai.us/wiki_pages/red_suit,ok
1375562,red_robe,0,810,,,danbooru_api_no_chinese,low,,https://danbooru.donmai.us/wiki_pages/red_robe,ok
1733214,wing_brooch,0,809,,,danbooru_api_no_chinese,low,,https://danbooru.donmai.us/wiki_pages/wing_brooch,ok
1501050,diagonal-striped_bowtie,0,809,,,danbooru_api_no_chinese,low,,https://danbooru.donmai.us/wiki_pages/diagonal-striped_bowtie,ok
1493682,holding_drumsticks,0,808,,,danbooru_api_no_chinese,low,,https://danbooru.donmai.us/wiki_pages/holding_drumsticks,ok
570253,flower_in_mouth,0,807,,,danbooru_api_no_chinese,low,,https://danbooru.donmai.us/wiki_pages/flower_in_mouth,ok
1399875,aqua_kimono,0,807,,,danbooru_api_no_chinese,low,,https://danbooru.donmai.us/wiki_pages/aqua_kimono,ok
1750923,hexagon_hair_ornament,0,807,,,danbooru_api_no_chinese,low,,https://danbooru.donmai.us/wiki_pages/hexagon_hair_ornament,ok
1382389,vertical-striped_kimono,0,806,,,danbooru_api_no_chinese,low,,https://danbooru.donmai.us/wiki_pages/vertical-striped_kimono,ok
1605930,stitched_arm,0,806,,,danbooru_api_no_chinese,low,,https://danbooru.donmai.us/wiki_pages/stitched_arm,ok
618151,pink_sash,0,805,,,danbooru_api_no_chinese,low,,https://danbooru.donmai.us/wiki_pages/pink_sash,ok
1989817,ornate_border,0,805,,,danbooru_api_no_chinese,low,,https://danbooru.donmai.us/wiki_pages/ornate_border,ok
1428530,animal_ear_hairband,0,805,,,danbooru_api_no_chinese,low,,https://danbooru.donmai.us/wiki_pages/animal_ear_hairband,ok
551767,pastry_bag,0,804,,,danbooru_api_no_chinese,low,,https://danbooru.donmai.us/wiki_pages/pastry_bag,ok
109159,nyan,0,804,,,danbooru_api_no_chinese,low,,https://danbooru.donmai.us/wiki_pages/nyan,ok
1289575,<|>_<|>,0,803,,,danbooru_api_no_chinese,low,,https://danbooru.donmai.us/wiki_pages/%3C%7C%3E_%3C%7C%3E,ok
1350631,grey_bowtie,0,803,,,danbooru_api_no_chinese,low,,https://danbooru.donmai.us/wiki_pages/grey_bowtie,ok
647108,flying_teardrops,0,802,,,danbooru_api_no_chinese,low,,https://danbooru.donmai.us/wiki_pages/flying_teardrops,ok
650140,clothed_male_nude_male,0,802,,,danbooru_api_no_chinese,low,,https://danbooru.donmai.us/wiki_pages/clothed_male_nude_male,ok
1467808,4others,0,802,,,danbooru_api_no_chinese,low,,https://danbooru.donmai.us/wiki_pages/4others,ok
579524,toe_cleavage,0,802,,,danbooru_api_no_chinese,low,,https://danbooru.donmai.us/wiki_pages/toe_cleavage,ok
1979011,antique_phone,0,801,,,danbooru_api_no_chinese,low,,https://danbooru.donmai.us/wiki_pages/antique_phone,ok
1443312,yellow_camisole,0,801,,,danbooru_api_no_chinese,low,,https://danbooru.donmai.us/wiki_pages/yellow_camisole,ok
635050,pointing_forward,0,799,,,danbooru_api_no_chinese,low,,https://danbooru.donmai.us/wiki_pages/pointing_forward,ok
1282902,solid_circle_pupils,0,798,,,danbooru_api_no_chinese,low,,https://danbooru.donmai.us/wiki_pages/solid_circle_pupils,ok
727812,loaded_interior,0,798,,,danbooru_api_no_chinese,low,,https://danbooru.donmai.us/wiki_pages/loaded_interior,ok
657138,cat_mask,0,798,,,danbooru_api_no_chinese,low,,https://danbooru.donmai.us/wiki_pages/cat_mask,ok
1779993,pink_gemstone,0,796,,,danbooru_api_no_chinese,low,,https://danbooru.donmai.us/wiki_pages/pink_gemstone,not_found
654961,shippou_(pattern),0,795,,,danbooru_api_no_chinese,low,,https://danbooru.donmai.us/wiki_pages/shippou_%28pattern%29,ok
378288,blob,0,795,,,danbooru_api_no_chinese,low,,https://danbooru.donmai.us/wiki_pages/blob,ok
657534,spoken_food,0,791,,,danbooru_api_no_chinese,low,,https://danbooru.donmai.us/wiki_pages/spoken_food,ok
647474,stuffed_dog,0,790,,,danbooru_api_no_chinese,low,,https://danbooru.donmai.us/wiki_pages/stuffed_dog,ok
651505,animal_on_hand,0,790,,,danbooru_api_no_chinese,low,,https://danbooru.donmai.us/wiki_pages/animal_on_hand,ok
687850,holding_shirt,0,789,,,danbooru_api_no_chinese,low,,https://danbooru.donmai.us/wiki_pages/holding_shirt,ok
2006776,unworn_shorts,0,788,,,danbooru_api_no_chinese,low,,https://danbooru.donmai.us/wiki_pages/unworn_shorts,ok
1842576,curly_eyebrows,0,788,,,danbooru_api_no_chinese,low,,https://danbooru.donmai.us/wiki_pages/curly_eyebrows,ok
1333746,riding_bicycle,0,787,,,danbooru_api_no_chinese,low,,https://danbooru.donmai.us/wiki_pages/riding_bicycle,ok
1462661,star-shaped_eyewear,0,787,,,danbooru_api_no_chinese,low,,https://danbooru.donmai.us/wiki_pages/star-shaped_eyewear,ok
1205916,white_stripes,0,786,,,danbooru_api_no_chinese,low,,https://danbooru.donmai.us/wiki_pages/white_stripes,ok
652663,cat_on_shoulder,0,784,,,danbooru_api_no_chinese,low,,https://danbooru.donmai.us/wiki_pages/cat_on_shoulder,ok
624228,sky_print,0,783,,,danbooru_api_no_chinese,low,,https://danbooru.donmai.us/wiki_pages/sky_print,ok
1493300,orange_headband,0,783,,,danbooru_api_no_chinese,low,,https://danbooru.donmai.us/wiki_pages/orange_headband,ok
376295,scouter,0,783,,,danbooru_api_no_chinese,low,,https://danbooru.donmai.us/wiki_pages/scouter,ok
1508844,sainan_high_school_uniform,0,783,,,danbooru_api_no_chinese,low,,https://danbooru.donmai.us/wiki_pages/sainan_high_school_uniform,ok
1455458,brown_flower,0,781,,,danbooru_api_no_chinese,low,,https://danbooru.donmai.us/wiki_pages/brown_flower,ok
1353724,holding_cake,0,781,,,danbooru_api_no_chinese,low,,https://danbooru.donmai.us/wiki_pages/holding_cake,ok
419647,stakes_of_purgatory,0,781,,,danbooru_api_no_chinese,low,,https://danbooru.donmai.us/wiki_pages/stakes_of_purgatory,ok
433154,cargo_pants,0,780,,,danbooru_api_no_chinese,low,,https://danbooru.donmai.us/wiki_pages/cargo_pants,ok
656172,hands_on_another's_chest,0,779,,,danbooru_api_no_chinese,low,,https://danbooru.donmai.us/wiki_pages/hands_on_another%27s_chest,ok
1316683,carrying_bag,0,779,,,danbooru_api_no_chinese,low,,https://danbooru.donmai.us/wiki_pages/carrying_bag,ok
1256544,removing_jacket,0,779,,,danbooru_api_no_chinese,low,,https://danbooru.donmai.us/wiki_pages/removing_jacket,ok
1359855,frilled_umbrella,0,778,,,danbooru_api_no_chinese,low,,https://danbooru.donmai.us/wiki_pages/frilled_umbrella,ok
172018,nail_bat,0,778,,,danbooru_api_no_chinese,low,,https://danbooru.donmai.us/wiki_pages/nail_bat,ok
499383,scratching_head,0,778,,,danbooru_api_no_chinese,low,,https://danbooru.donmai.us/wiki_pages/scratching_head,ok
461556,bloodshot_eyes,0,777,,,danbooru_api_no_chinese,low,,https://danbooru.donmai.us/wiki_pages/bloodshot_eyes,ok
1492153,green_horns,0,777,,,danbooru_api_no_chinese,low,,https://danbooru.donmai.us/wiki_pages/green_horns,ok
1502192,holding_suitcase,0,776,,,danbooru_api_no_chinese,low,,https://danbooru.donmai.us/wiki_pages/holding_suitcase,ok
1440622,green_headband,0,776,,,danbooru_api_no_chinese,low,,https://danbooru.donmai.us/wiki_pages/green_headband,ok
579036,ace_of_spades,0,775,,,danbooru_api_no_chinese,low,,https://danbooru.donmai.us/wiki_pages/ace_of_spades,ok
420479,no_feet,0,775,,,danbooru_api_no_chinese,low,,https://danbooru.donmai.us/wiki_pages/no_feet,ok
1867868,motosu_school_uniform,0,775,,,danbooru_api_no_chinese,low,,https://danbooru.donmai.us/wiki_pages/motosu_school_uniform,ok
433346,horn_grab,0,774,,,danbooru_api_no_chinese,low,,https://danbooru.donmai.us/wiki_pages/horn_grab,not_found
1453787,golden_arms,0,774,,,danbooru_api_no_chinese,low,,https://danbooru.donmai.us/wiki_pages/golden_arms,ok
1861772,crisis_management_form_(machimazo),0,774,,,danbooru_api_no_chinese,low,,https://danbooru.donmai.us/wiki_pages/crisis_management_form_%28machimazo%29,not_found
449872,walther,0,773,,,danbooru_api_no_chinese,low,,https://danbooru.donmai.us/wiki_pages/walther,ok
1389143,brown_serafuku,0,773,,,danbooru_api_no_chinese,low,,https://danbooru.donmai.us/wiki_pages/brown_serafuku,ok
498240,red_nose,0,773,,,danbooru_api_no_chinese,low,,https://danbooru.donmai.us/wiki_pages/red_nose,ok
607516,holding_leg,0,773,,,danbooru_api_no_chinese,low,,https://danbooru.donmai.us/wiki_pages/holding_leg,ok
549186,animal_head,0,773,,,danbooru_api_no_chinese,low,,https://danbooru.donmai.us/wiki_pages/animal_head,ok
1539334,black_scales,0,773,,,danbooru_api_no_chinese,low,,https://danbooru.donmai.us/wiki_pages/black_scales,ok
1304453,covered_clitoris,0,772,,,danbooru_api_no_chinese,low,,https://danbooru.donmai.us/wiki_pages/covered_clitoris,ok
696037,bulging_eyes,0,772,,,danbooru_api_no_chinese,low,,https://danbooru.donmai.us/wiki_pages/bulging_eyes,ok
707905,object_on_breast,0,772,,,danbooru_api_no_chinese,low,,https://danbooru.donmai.us/wiki_pages/object_on_breast,ok
1375854,dream_soul,0,772,,,danbooru_api_no_chinese,low,,https://danbooru.donmai.us/wiki_pages/dream_soul,ok
1068870,panda_hood,0,771,,,danbooru_api_no_chinese,low,,https://danbooru.donmai.us/wiki_pages/panda_hood,ok
558756,taut_swimsuit,0,770,,,danbooru_api_no_chinese,low,,https://danbooru.donmai.us/wiki_pages/taut_swimsuit,ok
484125,deer_tail,0,770,,,danbooru_api_no_chinese,low,,https://danbooru.donmai.us/wiki_pages/deer_tail,ok
1473363,purple_butterfly,0,770,,,danbooru_api_no_chinese,low,,https://danbooru.donmai.us/wiki_pages/purple_butterfly,ok
730919,lolidom,0,769,,,danbooru_api_no_chinese,low,,https://danbooru.donmai.us/wiki_pages/lolidom,ok
1375534,aqua_leotard,0,769,,,danbooru_api_no_chinese,low,,https://danbooru.donmai.us/wiki_pages/aqua_leotard,ok
442513,laundry_basket,0,769,,,danbooru_api_no_chinese,low,,https://danbooru.donmai.us/wiki_pages/laundry_basket,ok
593089,double_amputee,0,769,,,danbooru_api_no_chinese,low,,https://danbooru.donmai.us/wiki_pages/double_amputee,ok
1249968,little_red_riding_hood_(grimm)_(cosplay),0,769,,,danbooru_api_no_chinese,low,,https://danbooru.donmai.us/wiki_pages/little_red_riding_hood_%28grimm%29_%28cosplay%29,not_found
685854,fur_cuffs,0,768,,,danbooru_api_no_chinese,low,,https://danbooru.donmai.us/wiki_pages/fur_cuffs,ok
415865,broken_armor,0,768,,,danbooru_api_no_chinese,low,,https://danbooru.donmai.us/wiki_pages/broken_armor,ok
505385,through_screen,0,768,,,danbooru_api_no_chinese,low,,https://danbooru.donmai.us/wiki_pages/through_screen,ok
413830,wakamezake,0,767,,,danbooru_api_no_chinese,low,,https://danbooru.donmai.us/wiki_pages/wakamezake,ok
1306995,panties_under_shorts,0,767,,,danbooru_api_no_chinese,low,,https://danbooru.donmai.us/wiki_pages/panties_under_shorts,ok
684237,arm_around_back,0,766,,,danbooru_api_no_chinese,low,,https://danbooru.donmai.us/wiki_pages/arm_around_back,not_found
690043,hand_on_table,0,766,,,danbooru_api_no_chinese,low,,https://danbooru.donmai.us/wiki_pages/hand_on_table,ok
652093,white_sky,0,766,,,danbooru_api_no_chinese,low,,https://danbooru.donmai.us/wiki_pages/white_sky,ok
1453844,arm_on_knee,0,766,,,danbooru_api_no_chinese,low,,https://danbooru.donmai.us/wiki_pages/arm_on_knee,ok
1307462,maple_leaf_print,0,766,,,danbooru_api_no_chinese,low,,https://danbooru.donmai.us/wiki_pages/maple_leaf_print,ok
10383,cabbage,0,765,,,danbooru_api_no_chinese,low,,https://danbooru.donmai.us/wiki_pages/cabbage,ok
662846,listening_to_music,0,765,,,danbooru_api_no_chinese,low,,https://danbooru.donmai.us/wiki_pages/listening_to_music,ok
1588824,lifebuoy_ornament,0,765,,,danbooru_api_no_chinese,low,,https://danbooru.donmai.us/wiki_pages/lifebuoy_ornament,ok
687895,exploding_clothes,0,764,,,danbooru_api_no_chinese,low,,https://danbooru.donmai.us/wiki_pages/exploding_clothes,ok
1556706,holding_creature,0,764,,,danbooru_api_no_chinese,low,,https://danbooru.donmai.us/wiki_pages/holding_creature,ok
693711,floating_rock,0,764,,,danbooru_api_no_chinese,low,,https://danbooru.donmai.us/wiki_pages/floating_rock,ok
1491455,stiletto_(weapon),0,764,,,danbooru_api_no_chinese,low,,https://danbooru.donmai.us/wiki_pages/stiletto_%28weapon%29,ok
1410867,window_(computing),0,763,,,danbooru_api_no_chinese,low,,https://danbooru.donmai.us/wiki_pages/window_%28computing%29,ok
1477135,clawed_gauntlets,0,763,,,danbooru_api_no_chinese,low,,https://danbooru.donmai.us/wiki_pages/clawed_gauntlets,ok
631824,canned_coffee,0,763,,,danbooru_api_no_chinese,low,,https://danbooru.donmai.us/wiki_pages/canned_coffee,ok
1174087,camisole_lift,0,762,,,danbooru_api_no_chinese,low,,https://danbooru.donmai.us/wiki_pages/camisole_lift,ok
1509633,frilled_headwear,0,761,,,danbooru_api_no_chinese,low,,https://danbooru.donmai.us/wiki_pages/frilled_headwear,ok
1650790,cable_tail,0,761,,,danbooru_api_no_chinese,low,,https://danbooru.donmai.us/wiki_pages/cable_tail,ok
1607566,red_male_underwear,0,761,,,danbooru_api_no_chinese,low,,https://danbooru.donmai.us/wiki_pages/red_male_underwear,ok
1333942,exposed_pocket,0,761,,,danbooru_api_no_chinese,low,,https://danbooru.donmai.us/wiki_pages/exposed_pocket,ok
620731,combat_knife,0,760,,,danbooru_api_no_chinese,low,,https://danbooru.donmai.us/wiki_pages/combat_knife,ok
1597540,two-sided_coat,0,760,,,danbooru_api_no_chinese,low,,https://danbooru.donmai.us/wiki_pages/two-sided_coat,ok
73004,materia,0,759,,,danbooru_api_no_chinese,low,,https://danbooru.donmai.us/wiki_pages/materia,ok
710493,firelock,0,759,,,danbooru_api_no_chinese,low,,https://danbooru.donmai.us/wiki_pages/firelock,ok
681606,dotted_background,0,758,,,danbooru_api_no_chinese,low,,https://danbooru.donmai.us/wiki_pages/dotted_background,ok
1361745,holding_fish,0,755,,,danbooru_api_no_chinese,low,,https://danbooru.donmai.us/wiki_pages/holding_fish,ok
458682,multitasking,0,754,,,danbooru_api_no_chinese,low,,https://danbooru.donmai.us/wiki_pages/multitasking,ok
399624,flippers,0,754,,,danbooru_api_no_chinese,low,,https://danbooru.donmai.us/wiki_pages/flippers,ok
1485633,leopard_girl,0,754,,,danbooru_api_no_chinese,low,,https://danbooru.donmai.us/wiki_pages/leopard_girl,ok
1298988,smartphone_case,0,753,,,danbooru_api_no_chinese,low,,https://danbooru.donmai.us/wiki_pages/smartphone_case,ok
1419277,kariyushi_shirt,0,753,,,danbooru_api_no_chinese,low,,https://danbooru.donmai.us/wiki_pages/kariyushi_shirt,ok
1248465,knives_between_fingers,0,752,,,danbooru_api_no_chinese,low,,https://danbooru.donmai.us/wiki_pages/knives_between_fingers,ok
446480,broken_sword,0,752,,,danbooru_api_no_chinese,low,,https://danbooru.donmai.us/wiki_pages/broken_sword,ok
1253133,spade_hair_ornament,0,752,,,danbooru_api_no_chinese,low,,https://danbooru.donmai.us/wiki_pages/spade_hair_ornament,ok
1687002,male_underwear_peek,0,752,,,danbooru_api_no_chinese,low,,https://danbooru.donmai.us/wiki_pages/male_underwear_peek,ok
483695,carton,0,751,,,danbooru_api_no_chinese,low,,https://danbooru.donmai.us/wiki_pages/carton,ok
462045,cash_register,0,751,,,danbooru_api_no_chinese,low,,https://danbooru.donmai.us/wiki_pages/cash_register,ok
2006771,unworn_jewelry,0,751,,,danbooru_api_no_chinese,low,,https://danbooru.donmai.us/wiki_pages/unworn_jewelry,ok
1401251,leotard_peek,0,749,,,danbooru_api_no_chinese,low,,https://danbooru.donmai.us/wiki_pages/leotard_peek,ok
535094,makeup_brush,0,749,,,danbooru_api_no_chinese,low,,https://danbooru.donmai.us/wiki_pages/makeup_brush,ok
1627128,caliburn_(fate),0,748,,,danbooru_api_no_chinese,low,,https://danbooru.donmai.us/wiki_pages/caliburn_%28fate%29,ok
664057,neck_garter,0,748,,,danbooru_api_no_chinese,low,,https://danbooru.donmai.us/wiki_pages/neck_garter,ok
374339,foot_worship,0,748,,,danbooru_api_no_chinese,low,,https://danbooru.donmai.us/wiki_pages/foot_worship,ok
593770,fried_chicken,0,748,,,danbooru_api_no_chinese,low,,https://danbooru.donmai.us/wiki_pages/fried_chicken,ok
616149,blue_suit,0,748,,,danbooru_api_no_chinese,low,,https://danbooru.donmai.us/wiki_pages/blue_suit,ok
1499342,cross-laced_top,0,748,,,danbooru_api_no_chinese,low,,https://danbooru.donmai.us/wiki_pages/cross-laced_top,ok
1372610,koishi_day,0,748,,,danbooru_api_no_chinese,low,,https://danbooru.donmai.us/wiki_pages/koishi_day,ok
1257988,holding_photo,0,747,,,danbooru_api_no_chinese,low,,https://danbooru.donmai.us/wiki_pages/holding_photo,ok
1985698,vehicle_and_personification,0,747,,,danbooru_api_no_chinese,low,,https://danbooru.donmai.us/wiki_pages/vehicle_and_personification,ok
403748,bolt,0,747,,,danbooru_api_no_chinese,low,,https://danbooru.donmai.us/wiki_pages/bolt,ok
2058788,youkai_(youkai_watch),0,746,,,danbooru_api_no_chinese,low,,https://danbooru.donmai.us/wiki_pages/youkai_%28youkai_watch%29,ok
1978861,2b_(nier:automata)_(cosplay),0,746,,,danbooru_api_no_chinese,low,,https://danbooru.donmai.us/wiki_pages/2b_%28nier%3Aautomata%29_%28cosplay%29,ok
1449244,holding_pole,0,745,,,danbooru_api_no_chinese,low,,https://danbooru.donmai.us/wiki_pages/holding_pole,ok
672191,jacket_lift,0,745,,,danbooru_api_no_chinese,low,,https://danbooru.donmai.us/wiki_pages/jacket_lift,ok
534500,fish_bone,0,744,,,danbooru_api_no_chinese,low,,https://danbooru.donmai.us/wiki_pages/fish_bone,ok
1443338,holding_shovel,0,743,,,danbooru_api_no_chinese,low,,https://danbooru.donmai.us/wiki_pages/holding_shovel,ok
1980771,gag_harness,0,743,,,danbooru_api_no_chinese,low,,https://danbooru.donmai.us/wiki_pages/gag_harness,ok
1928097,tickling_armpits,0,743,,,danbooru_api_no_chinese,low,,https://danbooru.donmai.us/wiki_pages/tickling_armpits,ok
108850,trash,0,742,,,danbooru_api_no_chinese,low,,https://danbooru.donmai.us/wiki_pages/trash,ok
1536591,low-cut_armhole,0,742,,,danbooru_api_no_chinese,low,,https://danbooru.donmai.us/wiki_pages/low-cut_armhole,ok
1332216,propeller_hair_ornament,0,742,,,danbooru_api_no_chinese,low,,https://danbooru.donmai.us/wiki_pages/propeller_hair_ornament,ok
439969,sprinkles,0,741,,,danbooru_api_no_chinese,low,,https://danbooru.donmai.us/wiki_pages/sprinkles,ok
1348685,fake_magazine_cover,0,741,,,danbooru_api_no_chinese,low,,https://danbooru.donmai.us/wiki_pages/fake_magazine_cover,ok
686939,wide_oval_eyes,0,740,,,danbooru_api_no_chinese,low,,https://danbooru.donmai.us/wiki_pages/wide_oval_eyes,ok
688374,holding_cross,0,740,,,danbooru_api_no_chinese,low,,https://danbooru.donmai.us/wiki_pages/holding_cross,ok
1406789,otter_tail,0,740,,,danbooru_api_no_chinese,low,,https://danbooru.donmai.us/wiki_pages/otter_tail,ok
598911,interior,0,739,,,danbooru_api_no_chinese,low,,https://danbooru.donmai.us/wiki_pages/interior,ok
1396057,gumroad_username,0,739,,,danbooru_api_no_chinese,low,,https://danbooru.donmai.us/wiki_pages/gumroad_username,ok
407968,lime_(fruit),0,738,,,danbooru_api_no_chinese,low,,https://danbooru.donmai.us/wiki_pages/lime_%28fruit%29,ok
1453283,amestris_military_uniform,0,738,,,danbooru_api_no_chinese,low,,https://danbooru.donmai.us/wiki_pages/amestris_military_uniform,ok
521072,cupboard,0,738,,,danbooru_api_no_chinese,low,,https://danbooru.donmai.us/wiki_pages/cupboard,ok
1300994,taut_leotard,0,738,,,danbooru_api_no_chinese,low,,https://danbooru.donmai.us/wiki_pages/taut_leotard,ok
392118,cork,0,737,,,danbooru_api_no_chinese,low,,https://danbooru.donmai.us/wiki_pages/cork,ok
634874,o-ring_swimsuit,0,737,,,danbooru_api_no_chinese,low,,https://danbooru.donmai.us/wiki_pages/o-ring_swimsuit,not_found
554948,flying_fish,0,737,,,danbooru_api_no_chinese,low,,https://danbooru.donmai.us/wiki_pages/flying_fish,ok
1408010,pom_pom_earrings,0,736,,,danbooru_api_no_chinese,low,,https://danbooru.donmai.us/wiki_pages/pom_pom_earrings,ok
716702,checkered_bow,0,736,,,danbooru_api_no_chinese,low,,https://danbooru.donmai.us/wiki_pages/checkered_bow,ok
1472418,multiple_hairpins,0,736,,,danbooru_api_no_chinese,low,,https://danbooru.donmai.us/wiki_pages/multiple_hairpins,not_found
480630,record,0,735,,,danbooru_api_no_chinese,low,,https://danbooru.donmai.us/wiki_pages/record,not_found
1363286,light_brown_background,0,735,,,danbooru_api_no_chinese,low,,https://danbooru.donmai.us/wiki_pages/light_brown_background,ok
1886396,lance_of_longinus_(evangelion),0,735,,,danbooru_api_no_chinese,low,,https://danbooru.donmai.us/wiki_pages/lance_of_longinus_%28evangelion%29,ok
1463447,studded_choker,0,735,,,danbooru_api_no_chinese,low,,https://danbooru.donmai.us/wiki_pages/studded_choker,ok
1441197,red_bandeau,0,735,,,danbooru_api_no_chinese,low,,https://danbooru.donmai.us/wiki_pages/red_bandeau,ok
1617321,red_trim,0,734,,,danbooru_api_no_chinese,low,,https://danbooru.donmai.us/wiki_pages/red_trim,ok
1413219,covering_another's_mouth,0,734,,,danbooru_api_no_chinese,low,,https://danbooru.donmai.us/wiki_pages/covering_another%27s_mouth,ok
721754,single_garter_strap,0,734,,,danbooru_api_no_chinese,low,,https://danbooru.donmai.us/wiki_pages/single_garter_strap,ok
490599,lane_line,0,733,,,danbooru_api_no_chinese,low,,https://danbooru.donmai.us/wiki_pages/lane_line,ok
413217,humping,0,733,,,danbooru_api_no_chinese,low,,https://danbooru.donmai.us/wiki_pages/humping,ok
1692877,fruit_hat_ornament,0,733,,,danbooru_api_no_chinese,low,,https://danbooru.donmai.us/wiki_pages/fruit_hat_ornament,ok
1350902,starfish_hair_ornament,0,733,,,danbooru_api_no_chinese,low,,https://danbooru.donmai.us/wiki_pages/starfish_hair_ornament,ok
1255360,hand_on_own_forehead,0,732,,,danbooru_api_no_chinese,low,,https://danbooru.donmai.us/wiki_pages/hand_on_own_forehead,ok
1253317,holding_briefcase,0,732,,,danbooru_api_no_chinese,low,,https://danbooru.donmai.us/wiki_pages/holding_briefcase,ok
1466153,brown_sash,0,732,,,danbooru_api_no_chinese,low,,https://danbooru.donmai.us/wiki_pages/brown_sash,ok
5756,van,0,732,,,danbooru_api_no_chinese,low,,https://danbooru.donmai.us/wiki_pages/van,ok
1391180,o-ring_belt,0,732,,,danbooru_api_no_chinese,low,,https://danbooru.donmai.us/wiki_pages/o-ring_belt,ok
1327659,striped_vest,0,732,,,danbooru_api_no_chinese,low,,https://danbooru.donmai.us/wiki_pages/striped_vest,ok
1577915,like_and_retweet,0,732,,,danbooru_api_no_chinese,low,,https://danbooru.donmai.us/wiki_pages/like_and_retweet,ok
1442899,green_cardigan,0,731,,,danbooru_api_no_chinese,low,,https://danbooru.donmai.us/wiki_pages/green_cardigan,ok
1384372,aqua_hairband,0,731,,,danbooru_api_no_chinese,low,,https://danbooru.donmai.us/wiki_pages/aqua_hairband,ok
1778351,yellow_gemstone,0,731,,,danbooru_api_no_chinese,low,,https://danbooru.donmai.us/wiki_pages/yellow_gemstone,not_found
1016087,plate_carrier,0,731,,,danbooru_api_no_chinese,low,,https://danbooru.donmai.us/wiki_pages/plate_carrier,ok
438322,police_car,0,730,,,danbooru_api_no_chinese,low,,https://danbooru.donmai.us/wiki_pages/police_car,ok
555919,crystal_wings,0,730,,,danbooru_api_no_chinese,low,,https://danbooru.donmai.us/wiki_pages/crystal_wings,ok
1690649,limiter_(tsukumo_sana),0,730,,,danbooru_api_no_chinese,low,,https://danbooru.donmai.us/wiki_pages/limiter_%28tsukumo_sana%29,ok
1236817,bear_hood,0,729,,,danbooru_api_no_chinese,low,,https://danbooru.donmai.us/wiki_pages/bear_hood,ok
500376,war_hammer,0,728,,,danbooru_api_no_chinese,low,,https://danbooru.donmai.us/wiki_pages/war_hammer,ok
581992,coffee_pot,0,728,,,danbooru_api_no_chinese,low,,https://danbooru.donmai.us/wiki_pages/coffee_pot,ok
514658,holding_bra,0,728,,,danbooru_api_no_chinese,low,,https://danbooru.donmai.us/wiki_pages/holding_bra,ok
15371,sauce,0,728,,,danbooru_api_no_chinese,low,,https://danbooru.donmai.us/wiki_pages/sauce,ok
1271840,throat_microphone,0,728,,,danbooru_api_no_chinese,low,,https://danbooru.donmai.us/wiki_pages/throat_microphone,ok
682123,detached_leggings,0,728,,,danbooru_api_no_chinese,low,,https://danbooru.donmai.us/wiki_pages/detached_leggings,ok
412638,ticket,0,727,,,danbooru_api_no_chinese,low,,https://danbooru.donmai.us/wiki_pages/ticket,ok
1263906,star_wand,0,726,,,danbooru_api_no_chinese,low,,https://danbooru.donmai.us/wiki_pages/star_wand,ok
410838,m16,0,725,,,danbooru_api_no_chinese,low,,https://danbooru.donmai.us/wiki_pages/m16,ok
1886232,on_scooter,0,725,,,danbooru_api_no_chinese,low,,https://danbooru.donmai.us/wiki_pages/on_scooter,ok
1628091,kanshou_&_bakuya_(fate),0,724,,,danbooru_api_no_chinese,low,,https://danbooru.donmai.us/wiki_pages/kanshou_%26_bakuya_%28fate%29,ok
383871,chocolate_making,0,724,,,danbooru_api_no_chinese,low,,https://danbooru.donmai.us/wiki_pages/chocolate_making,ok
14457,wet_skirt,0,723,,,danbooru_api_no_chinese,low,,https://danbooru.donmai.us/wiki_pages/wet_skirt,ok
635361,body_switch,0,723,,,danbooru_api_no_chinese,low,,https://danbooru.donmai.us/wiki_pages/body_switch,ok
1143156,multicolored_tail,0,723,,,danbooru_api_no_chinese,low,,https://danbooru.donmai.us/wiki_pages/multicolored_tail,ok
663411,holding_another's_foot,0,723,,,danbooru_api_no_chinese,low,,https://danbooru.donmai.us/wiki_pages/holding_another%27s_foot,ok
1994923,walker_(robot),0,723,,,danbooru_api_no_chinese,low,,https://danbooru.donmai.us/wiki_pages/walker_%28robot%29,ok
589491,gradient_wings,0,723,,,danbooru_api_no_chinese,low,,https://danbooru.donmai.us/wiki_pages/gradient_wings,ok
1291060,rabbit_on_head,0,723,,,danbooru_api_no_chinese,low,,https://danbooru.donmai.us/wiki_pages/rabbit_on_head,ok
675816,kissing_neck,0,722,,,danbooru_api_no_chinese,low,,https://danbooru.donmai.us/wiki_pages/kissing_neck,ok
1380972,holding_scroll,0,721,,,danbooru_api_no_chinese,low,,https://danbooru.donmai.us/wiki_pages/holding_scroll,ok
1319606,twintails_day,0,721,,,danbooru_api_no_chinese,low,,https://danbooru.donmai.us/wiki_pages/twintails_day,ok
1551950,rhine_lab_logo,0,721,,,danbooru_api_no_chinese,low,,https://danbooru.donmai.us/wiki_pages/rhine_lab_logo,ok
1404688,pink_tank_top,0,720,,,danbooru_api_no_chinese,low,,https://danbooru.donmai.us/wiki_pages/pink_tank_top,ok
8768,microwave,0,720,,,danbooru_api_no_chinese,low,,https://danbooru.donmai.us/wiki_pages/microwave,ok
1241808,looking_at_hand,0,720,,,danbooru_api_no_chinese,low,,https://danbooru.donmai.us/wiki_pages/looking_at_hand,ok
1835736,yellow_one-piece_swimsuit,0,719,,,danbooru_api_no_chinese,low,,https://danbooru.donmai.us/wiki_pages/yellow_one-piece_swimsuit,ok
1445402,white_bandeau,0,719,,,danbooru_api_no_chinese,low,,https://danbooru.donmai.us/wiki_pages/white_bandeau,ok
564940,paint_can,0,719,,,danbooru_api_no_chinese,low,,https://danbooru.donmai.us/wiki_pages/paint_can,ok
470329,musket,0,719,,,danbooru_api_no_chinese,low,,https://danbooru.donmai.us/wiki_pages/musket,ok
1881342,shield_on_back,0,719,,,danbooru_api_no_chinese,low,,https://danbooru.donmai.us/wiki_pages/shield_on_back,ok
1500711,facing_up,0,719,,,danbooru_api_no_chinese,low,,https://danbooru.donmai.us/wiki_pages/facing_up,ok
1690512,black_tube_top,0,718,,,danbooru_api_no_chinese,low,,https://danbooru.donmai.us/wiki_pages/black_tube_top,ok
579316,white_pubic_hair,0,718,,,danbooru_api_no_chinese,low,,https://danbooru.donmai.us/wiki_pages/white_pubic_hair,ok
1543107,female_goblin,0,718,,,danbooru_api_no_chinese,low,,https://danbooru.donmai.us/wiki_pages/female_goblin,ok
1358328,covering_another's_eyes,0,717,,,danbooru_api_no_chinese,low,,https://danbooru.donmai.us/wiki_pages/covering_another%27s_eyes,ok
1184023,ligne_claire,0,717,,,danbooru_api_no_chinese,low,,https://danbooru.donmai.us/wiki_pages/ligne_claire,ok
380384,accident,0,716,,,danbooru_api_no_chinese,low,,https://danbooru.donmai.us/wiki_pages/accident,ok
550212,torn_wings,0,716,,,danbooru_api_no_chinese,low,,https://danbooru.donmai.us/wiki_pages/torn_wings,ok
392002,kono_lolicon_domome,0,716,,,danbooru_api_no_chinese,low,,https://danbooru.donmai.us/wiki_pages/kono_lolicon_domome,ok
402892,weights,0,716,,,danbooru_api_no_chinese,low,,https://danbooru.donmai.us/wiki_pages/weights,ok
602754,red_wine,0,716,,,danbooru_api_no_chinese,low,,https://danbooru.donmai.us/wiki_pages/red_wine,ok
519170,yellow_pantyhose,0,715,,,danbooru_api_no_chinese,low,,https://danbooru.donmai.us/wiki_pages/yellow_pantyhose,ok
1050723,super_saiyan_4,0,715,,,danbooru_api_no_chinese,low,,https://danbooru.donmai.us/wiki_pages/super_saiyan_4,ok
575798,wafer_stick,0,715,,,danbooru_api_no_chinese,low,,https://danbooru.donmai.us/wiki_pages/wafer_stick,ok
666749,sitting_sideways,0,714,,,danbooru_api_no_chinese,low,,https://danbooru.donmai.us/wiki_pages/sitting_sideways,ok
628155,bandaged_fingers,0,714,,,danbooru_api_no_chinese,low,,https://danbooru.donmai.us/wiki_pages/bandaged_fingers,ok
653735,ahoge_wag,0,714,,,danbooru_api_no_chinese,low,,https://danbooru.donmai.us/wiki_pages/ahoge_wag,ok
1253562,black_hood,0,712,,,danbooru_api_no_chinese,low,,https://danbooru.donmai.us/wiki_pages/black_hood,ok
1262238,hand_on_ground,0,712,,,danbooru_api_no_chinese,low,,https://danbooru.donmai.us/wiki_pages/hand_on_ground,ok
1127765,black_veil,0,712,,,danbooru_api_no_chinese,low,,https://danbooru.donmai.us/wiki_pages/black_veil,ok
191640,ak-47,0,711,,,danbooru_api_no_chinese,low,,https://danbooru.donmai.us/wiki_pages/ak-47,ok
595034,head_on_head,0,711,,,danbooru_api_no_chinese,low,,https://danbooru.donmai.us/wiki_pages/head_on_head,ok
474159,coin_purse,0,711,,,danbooru_api_no_chinese,low,,https://danbooru.donmai.us/wiki_pages/coin_purse,ok
575514,leaf_background,0,711,,,danbooru_api_no_chinese,low,,https://danbooru.donmai.us/wiki_pages/leaf_background,ok
691122,transparent_censoring,0,711,,,danbooru_api_no_chinese,low,,https://danbooru.donmai.us/wiki_pages/transparent_censoring,ok
1232037,hakama_shorts,0,711,,,danbooru_api_no_chinese,low,,https://danbooru.donmai.us/wiki_pages/hakama_shorts,ok
1406769,moose_ears,0,711,,,danbooru_api_no_chinese,low,,https://danbooru.donmai.us/wiki_pages/moose_ears,ok
1543883,josou_seme,0,710,,,danbooru_api_no_chinese,low,,https://danbooru.donmai.us/wiki_pages/josou_seme,ok
651680,stuffed_panda,0,710,,,danbooru_api_no_chinese,low,,https://danbooru.donmai.us/wiki_pages/stuffed_panda,ok
655793,police_badge,0,710,,,danbooru_api_no_chinese,low,,https://danbooru.donmai.us/wiki_pages/police_badge,ok
1070070,fishnet_bodysuit,0,710,,,danbooru_api_no_chinese,low,,https://danbooru.donmai.us/wiki_pages/fishnet_bodysuit,not_found
451531,cutting,0,710,,,danbooru_api_no_chinese,low,,https://danbooru.donmai.us/wiki_pages/cutting,ok
539984,pointy_hat,0,710,,,danbooru_api_no_chinese,low,,https://danbooru.donmai.us/wiki_pages/pointy_hat,ok
524604,fur_jacket,0,710,,,danbooru_api_no_chinese,low,,https://danbooru.donmai.us/wiki_pages/fur_jacket,ok
619775,dollar_sign,0,709,,,danbooru_api_no_chinese,low,,https://danbooru.donmai.us/wiki_pages/dollar_sign,ok
1363051,bandaid_on_neck,0,708,,,danbooru_api_no_chinese,low,,https://danbooru.donmai.us/wiki_pages/bandaid_on_neck,ok
1428905,holding_surfboard,0,706,,,danbooru_api_no_chinese,low,,https://danbooru.donmai.us/wiki_pages/holding_surfboard,ok
1376938,hat_belt,0,706,,,danbooru_api_no_chinese,low,,https://danbooru.donmai.us/wiki_pages/hat_belt,ok
1379542,team_skull,0,706,,,danbooru_api_no_chinese,low,,https://danbooru.donmai.us/wiki_pages/team_skull,ok
1451348,bc_freedom_school_uniform,0,705,,,danbooru_api_no_chinese,low,,https://danbooru.donmai.us/wiki_pages/bc_freedom_school_uniform,ok
1397149,hair_over_one_breast,0,704,,,danbooru_api_no_chinese,low,,https://danbooru.donmai.us/wiki_pages/hair_over_one_breast,ok
527713,arm_over_head,0,704,,,danbooru_api_no_chinese,low,,https://danbooru.donmai.us/wiki_pages/arm_over_head,ok
663609,sweater_pull,0,704,,,danbooru_api_no_chinese,low,,https://danbooru.donmai.us/wiki_pages/sweater_pull,ok
1465145,holding_map,0,704,,,danbooru_api_no_chinese,low,,https://danbooru.donmai.us/wiki_pages/holding_map,ok
512953,masked,0,704,,,danbooru_api_no_chinese,low,,https://danbooru.donmai.us/wiki_pages/masked,ok
788488,knife_sheath,0,703,,,danbooru_api_no_chinese,low,,https://danbooru.donmai.us/wiki_pages/knife_sheath,ok
641589,pantyhose_under_swimsuit,0,702,,,danbooru_api_no_chinese,low,,https://danbooru.donmai.us/wiki_pages/pantyhose_under_swimsuit,ok
1890194,grabbing_another's_ear,0,702,,,danbooru_api_no_chinese,low,,https://danbooru.donmai.us/wiki_pages/grabbing_another%27s_ear,ok
10694,wanted,0,701,,,danbooru_api_no_chinese,low,,https://danbooru.donmai.us/wiki_pages/wanted,not_found
580001,print_swimsuit,0,700,,,danbooru_api_no_chinese,low,,https://danbooru.donmai.us/wiki_pages/print_swimsuit,ok
489413,popsicle_stick,0,699,,,danbooru_api_no_chinese,low,,https://danbooru.donmai.us/wiki_pages/popsicle_stick,ok
2006775,unworn_goggles,0,699,,,danbooru_api_no_chinese,low,,https://danbooru.donmai.us/wiki_pages/unworn_goggles,ok
1580148,after_bathing,0,699,,,danbooru_api_no_chinese,low,,https://danbooru.donmai.us/wiki_pages/after_bathing,ok
1727453,anti-aircraft,0,699,,,danbooru_api_no_chinese,low,,https://danbooru.donmai.us/wiki_pages/anti-aircraft,ok
1881204,starlight_academy_school_uniform,0,699,,,danbooru_api_no_chinese,low,,https://danbooru.donmai.us/wiki_pages/starlight_academy_school_uniform,ok
607415,flailing,0,698,,,danbooru_api_no_chinese,low,,https://danbooru.donmai.us/wiki_pages/flailing,ok
540641,shoulder_plates,0,696,,,danbooru_api_no_chinese,low,,https://danbooru.donmai.us/wiki_pages/shoulder_plates,ok
854284,ribbed_thighhighs,0,695,,,danbooru_api_no_chinese,low,,https://danbooru.donmai.us/wiki_pages/ribbed_thighhighs,ok
4322,band,0,694,,,danbooru_api_no_chinese,low,,https://danbooru.donmai.us/wiki_pages/band,ok
660608,forked_tail,0,694,,,danbooru_api_no_chinese,low,,https://danbooru.donmai.us/wiki_pages/forked_tail,ok
1395440,lightning_bolt_hair_ornament,0,694,,,danbooru_api_no_chinese,low,,https://danbooru.donmai.us/wiki_pages/lightning_bolt_hair_ornament,ok
1694223,undone_neck_ribbon,0,693,,,danbooru_api_no_chinese,low,,https://danbooru.donmai.us/wiki_pages/undone_neck_ribbon,ok
444126,shoulder_guard,0,693,,,danbooru_api_no_chinese,low,,https://danbooru.donmai.us/wiki_pages/shoulder_guard,ok
1258570,hedgehog_tail,0,693,,,danbooru_api_no_chinese,low,,https://danbooru.donmai.us/wiki_pages/hedgehog_tail,ok
619345,digital_clock,0,692,,,danbooru_api_no_chinese,low,,https://danbooru.donmai.us/wiki_pages/digital_clock,ok
424699,closet,0,692,,,danbooru_api_no_chinese,low,,https://danbooru.donmai.us/wiki_pages/closet,ok
1551407,metamoran_vest,0,692,,,danbooru_api_no_chinese,low,,https://danbooru.donmai.us/wiki_pages/metamoran_vest,ok
1119350,normal_suit,0,692,,,danbooru_api_no_chinese,low,,https://danbooru.donmai.us/wiki_pages/normal_suit,not_found
613600,checkered_legwear,0,692,,,danbooru_api_no_chinese,low,,https://danbooru.donmai.us/wiki_pages/checkered_legwear,ok
1948768,sparse_chest_hair,0,692,,,danbooru_api_no_chinese,low,,https://danbooru.donmai.us/wiki_pages/sparse_chest_hair,ok
1663426,see-through_swimsuit,0,691,,,danbooru_api_no_chinese,low,,https://danbooru.donmai.us/wiki_pages/see-through_swimsuit,ok
718647,holding_necklace,0,690,,,danbooru_api_no_chinese,low,,https://danbooru.donmai.us/wiki_pages/holding_necklace,ok
401324,chakram,0,690,,,danbooru_api_no_chinese,low,,https://danbooru.donmai.us/wiki_pages/chakram,ok
1677791,blood_on_bandages,0,689,,,danbooru_api_no_chinese,low,,https://danbooru.donmai.us/wiki_pages/blood_on_bandages,ok
1369696,pink_horns,0,689,,,danbooru_api_no_chinese,low,,https://danbooru.donmai.us/wiki_pages/pink_horns,ok
538775,remembering,0,688,,,danbooru_api_no_chinese,low,,https://danbooru.donmai.us/wiki_pages/remembering,ok
449450,vertical_foregrip,0,687,,,danbooru_api_no_chinese,low,,https://danbooru.donmai.us/wiki_pages/vertical_foregrip,ok
600484,adjusting_scarf,0,687,,,danbooru_api_no_chinese,low,,https://danbooru.donmai.us/wiki_pages/adjusting_scarf,ok
1396916,layered_shirt,0,687,,,danbooru_api_no_chinese,low,,https://danbooru.donmai.us/wiki_pages/layered_shirt,ok
575981,bird_on_arm,0,686,,,danbooru_api_no_chinese,low,,https://danbooru.donmai.us/wiki_pages/bird_on_arm,ok
695444,pokemon_ears,0,686,,,danbooru_api_no_chinese,low,,https://danbooru.donmai.us/wiki_pages/pokemon_ears,ok
895872,paint_on_clothes,0,686,,,danbooru_api_no_chinese,low,,https://danbooru.donmai.us/wiki_pages/paint_on_clothes,ok
1621049,scar_on_hand,0,686,,,danbooru_api_no_chinese,low,,https://danbooru.donmai.us/wiki_pages/scar_on_hand,ok
1406196,blue_outline,0,684,,,danbooru_api_no_chinese,low,,https://danbooru.donmai.us/wiki_pages/blue_outline,ok
1347287,green_feathers,0,684,,,danbooru_api_no_chinese,low,,https://danbooru.donmai.us/wiki_pages/green_feathers,ok
2006784,unworn_bikini,0,684,,,danbooru_api_no_chinese,low,,https://danbooru.donmai.us/wiki_pages/unworn_bikini,ok
1490269,pink_sports_bra,0,683,,,danbooru_api_no_chinese,low,,https://danbooru.donmai.us/wiki_pages/pink_sports_bra,ok
1341024,side-tie_shirt,0,681,,,danbooru_api_no_chinese,low,,https://danbooru.donmai.us/wiki_pages/side-tie_shirt,ok
1254622,torn_coat,0,680,,,danbooru_api_no_chinese,low,,https://danbooru.donmai.us/wiki_pages/torn_coat,ok
496982,beach_mat,0,680,,,danbooru_api_no_chinese,low,,https://danbooru.donmai.us/wiki_pages/beach_mat,ok
1635490,poke_ball_(legends),0,679,,,danbooru_api_no_chinese,low,,https://danbooru.donmai.us/wiki_pages/poke_ball_%28legends%29,not_found
655036,ankle_bow,0,678,,,danbooru_api_no_chinese,low,,https://danbooru.donmai.us/wiki_pages/ankle_bow,ok
1918272,covering_own_ears,0,678,,,danbooru_api_no_chinese,low,,https://danbooru.donmai.us/wiki_pages/covering_own_ears,ok
1350133,mtu_virus,0,678,,,danbooru_api_no_chinese,low,,https://danbooru.donmai.us/wiki_pages/mtu_virus,ok
1241229,butterfly_tattoo,0,677,,,danbooru_api_no_chinese,low,,https://danbooru.donmai.us/wiki_pages/butterfly_tattoo,ok
1537113,bandaid_on_head,0,677,,,danbooru_api_no_chinese,low,,https://danbooru.donmai.us/wiki_pages/bandaid_on_head,ok
1290437,fur-trimmed_bikini,0,676,,,danbooru_api_no_chinese,low,,https://danbooru.donmai.us/wiki_pages/fur-trimmed_bikini,ok
1660126,implied_extra_ears,0,676,,,danbooru_api_no_chinese,low,,https://danbooru.donmai.us/wiki_pages/implied_extra_ears,ok
459473,hand_over_face,0,675,,,danbooru_api_no_chinese,low,,https://danbooru.donmai.us/wiki_pages/hand_over_face,ok
1334027,argyle_cutout,0,675,,,danbooru_api_no_chinese,low,,https://danbooru.donmai.us/wiki_pages/argyle_cutout,ok
1507688,cross-laced_skirt,0,675,,,danbooru_api_no_chinese,low,,https://danbooru.donmai.us/wiki_pages/cross-laced_skirt,ok
649168,fruit_on_head,0,675,,,danbooru_api_no_chinese,low,,https://danbooru.donmai.us/wiki_pages/fruit_on_head,ok
1462248,fruit_cup,0,675,,,danbooru_api_no_chinese,low,,https://danbooru.donmai.us/wiki_pages/fruit_cup,not_found
497727,height,0,675,,,danbooru_api_no_chinese,low,,https://danbooru.donmai.us/wiki_pages/height,ok
1605277,starry_hair,0,675,,,danbooru_api_no_chinese,low,,https://danbooru.donmai.us/wiki_pages/starry_hair,ok
1484956,sparkle_hair_ornament,0,675,,,danbooru_api_no_chinese,low,,https://danbooru.donmai.us/wiki_pages/sparkle_hair_ornament,ok
525386,too_literal,0,674,,,danbooru_api_no_chinese,low,,https://danbooru.donmai.us/wiki_pages/too_literal,ok
456715,cow_costume,0,673,,,danbooru_api_no_chinese,low,,https://danbooru.donmai.us/wiki_pages/cow_costume,ok
515924,drum_magazine,0,673,,,danbooru_api_no_chinese,low,,https://danbooru.donmai.us/wiki_pages/drum_magazine,ok
1337689,blood_on_ground,0,672,,,danbooru_api_no_chinese,low,,https://danbooru.donmai.us/wiki_pages/blood_on_ground,ok
1424746,multicolored_leotard,0,672,,,danbooru_api_no_chinese,low,,https://danbooru.donmai.us/wiki_pages/multicolored_leotard,ok
1430698,white_garter_belt,0,672,,,danbooru_api_no_chinese,low,,https://danbooru.donmai.us/wiki_pages/white_garter_belt,ok
1448244,holding_toothbrush,0,672,,,danbooru_api_no_chinese,low,,https://danbooru.donmai.us/wiki_pages/holding_toothbrush,ok
421072,toga,0,671,,,danbooru_api_no_chinese,low,,https://danbooru.donmai.us/wiki_pages/toga,ok
1507090,holding_lipstick_tube,0,670,,,danbooru_api_no_chinese,low,,https://danbooru.donmai.us/wiki_pages/holding_lipstick_tube,ok
3184,mg42,0,669,,,danbooru_api_no_chinese,low,,https://danbooru.donmai.us/wiki_pages/mg42,ok
710234,nipple-to-nipple,0,669,,,danbooru_api_no_chinese,low,,https://danbooru.donmai.us/wiki_pages/nipple-to-nipple,ok
627605,pushing_away,0,669,,,danbooru_api_no_chinese,low,,https://danbooru.donmai.us/wiki_pages/pushing_away,ok
635630,spoken_expression,0,669,,,danbooru_api_no_chinese,low,,https://danbooru.donmai.us/wiki_pages/spoken_expression,ok
518535,ainu,0,669,,,danbooru_api_no_chinese,low,,https://danbooru.donmai.us/wiki_pages/ainu,ok
1682857,holding_with_tail,0,668,,,danbooru_api_no_chinese,low,,https://danbooru.donmai.us/wiki_pages/holding_with_tail,ok
1330325,white_wristband,0,668,,,danbooru_api_no_chinese,low,,https://danbooru.donmai.us/wiki_pages/white_wristband,ok
631791,long_ribbon,0,668,,,danbooru_api_no_chinese,low,,https://danbooru.donmai.us/wiki_pages/long_ribbon,ok
476455,green_fire,0,667,,,danbooru_api_no_chinese,low,,https://danbooru.donmai.us/wiki_pages/green_fire,ok
1347798,facing_down,0,667,,,danbooru_api_no_chinese,low,,https://danbooru.donmai.us/wiki_pages/facing_down,ok
1391282,purple_robe,0,666,,,danbooru_api_no_chinese,low,,https://danbooru.donmai.us/wiki_pages/purple_robe,ok
1544050,turtleneck_jacket,0,666,,,danbooru_api_no_chinese,low,,https://danbooru.donmai.us/wiki_pages/turtleneck_jacket,ok
532884,dark_clouds,0,665,,,danbooru_api_no_chinese,low,,https://danbooru.donmai.us/wiki_pages/dark_clouds,not_found
474303,shared_earphones,0,664,,,danbooru_api_no_chinese,low,,https://danbooru.donmai.us/wiki_pages/shared_earphones,ok
1409032,mole_on_arm,0,664,,,danbooru_api_no_chinese,low,,https://danbooru.donmai.us/wiki_pages/mole_on_arm,ok
1345306,holding_mirror,0,664,,,danbooru_api_no_chinese,low,,https://danbooru.donmai.us/wiki_pages/holding_mirror,ok
1574667,two-sided_cloak,0,664,,,danbooru_api_no_chinese,low,,https://danbooru.donmai.us/wiki_pages/two-sided_cloak,ok
489117,corsage,0,663,,,danbooru_api_no_chinese,low,,https://danbooru.donmai.us/wiki_pages/corsage,ok
1291577,black_outline,0,662,,,danbooru_api_no_chinese,low,,https://danbooru.donmai.us/wiki_pages/black_outline,ok
1311157,anchor_earrings,0,662,,,danbooru_api_no_chinese,low,,https://danbooru.donmai.us/wiki_pages/anchor_earrings,ok
617715,wrapped_candy,0,662,,,danbooru_api_no_chinese,low,,https://danbooru.donmai.us/wiki_pages/wrapped_candy,ok
494712,gingham,0,661,,,danbooru_api_no_chinese,low,,https://danbooru.donmai.us/wiki_pages/gingham,ok
387069,sweet_lolita,0,661,,,danbooru_api_no_chinese,low,,https://danbooru.donmai.us/wiki_pages/sweet_lolita,ok
1841287,asymmetrical_sidelocks,0,661,,,danbooru_api_no_chinese,low,,https://danbooru.donmai.us/wiki_pages/asymmetrical_sidelocks,ok
1277703,lying_on_water,0,661,,,danbooru_api_no_chinese,low,,https://danbooru.donmai.us/wiki_pages/lying_on_water,ok
547190,side-tie_skirt,0,661,,,danbooru_api_no_chinese,low,,https://danbooru.donmai.us/wiki_pages/side-tie_skirt,ok
1258819,print_scarf,0,661,,,danbooru_api_no_chinese,low,,https://danbooru.donmai.us/wiki_pages/print_scarf,ok
695913,green_collar,0,661,,,danbooru_api_no_chinese,low,,https://danbooru.donmai.us/wiki_pages/green_collar,ok
1600924,sweater_tucked_in,0,661,,,danbooru_api_no_chinese,low,,https://danbooru.donmai.us/wiki_pages/sweater_tucked_in,ok
1396935,bc_freedom_(emblem),0,661,,,danbooru_api_no_chinese,low,,https://danbooru.donmai.us/wiki_pages/bc_freedom_%28emblem%29,ok
1578413,square_neckline,0,660,,,danbooru_api_no_chinese,low,,https://danbooru.donmai.us/wiki_pages/square_neckline,ok
1289517,mini_witch_hat,0,659,,,danbooru_api_no_chinese,low,,https://danbooru.donmai.us/wiki_pages/mini_witch_hat,ok
1412715,holding_key,0,659,,,danbooru_api_no_chinese,low,,https://danbooru.donmai.us/wiki_pages/holding_key,ok
49893,baking,0,658,,,danbooru_api_no_chinese,low,,https://danbooru.donmai.us/wiki_pages/baking,ok
1434292,on_stool,0,658,,,danbooru_api_no_chinese,low,,https://danbooru.donmai.us/wiki_pages/on_stool,ok
1480627,holding_torch,0,658,,,danbooru_api_no_chinese,low,,https://danbooru.donmai.us/wiki_pages/holding_torch,ok
1447277,holding_plectrum,0,657,,,danbooru_api_no_chinese,low,,https://danbooru.donmai.us/wiki_pages/holding_plectrum,ok
1892221,jug_(bottle),0,657,,,danbooru_api_no_chinese,low,,https://danbooru.donmai.us/wiki_pages/jug_%28bottle%29,ok
1690520,white_tube_top,0,657,,,danbooru_api_no_chinese,low,,https://danbooru.donmai.us/wiki_pages/white_tube_top,ok
2006779,unworn_hair_ornament,0,656,,,danbooru_api_no_chinese,low,,https://danbooru.donmai.us/wiki_pages/unworn_hair_ornament,ok
1487812,holding_magnifying_glass,0,656,,,danbooru_api_no_chinese,low,,https://danbooru.donmai.us/wiki_pages/holding_magnifying_glass,ok
1941540,single_off_shoulder,0,656,,,danbooru_api_no_chinese,low,,https://danbooru.donmai.us/wiki_pages/single_off_shoulder,ok
1412354,stained_sheets,0,654,,,danbooru_api_no_chinese,low,,https://danbooru.donmai.us/wiki_pages/stained_sheets,ok
680600,arm_across_waist,0,654,,,danbooru_api_no_chinese,low,,https://danbooru.donmai.us/wiki_pages/arm_across_waist,ok
1409727,torn_cloak,0,654,,,danbooru_api_no_chinese,low,,https://danbooru.donmai.us/wiki_pages/torn_cloak,ok
654255,heart_hair,0,654,,,danbooru_api_no_chinese,low,,https://danbooru.donmai.us/wiki_pages/heart_hair,not_found
678068,audio_jack,0,654,,,danbooru_api_no_chinese,low,,https://danbooru.donmai.us/wiki_pages/audio_jack,ok
463089,oven,0,653,,,danbooru_api_no_chinese,low,,https://danbooru.donmai.us/wiki_pages/oven,ok
571706,kittysuit,0,652,,,danbooru_api_no_chinese,low,,https://danbooru.donmai.us/wiki_pages/kittysuit,ok
551570,shirt_around_waist,0,651,,,danbooru_api_no_chinese,low,,https://danbooru.donmai.us/wiki_pages/shirt_around_waist,ok
622003,;(,0,651,,,danbooru_api_no_chinese,low,,https://danbooru.donmai.us/wiki_pages/%3B%28,ok
485986,hieroglyphics,0,651,,,danbooru_api_no_chinese,low,,https://danbooru.donmai.us/wiki_pages/hieroglyphics,ok
507779,piano_keys,0,651,,,danbooru_api_no_chinese,low,,https://danbooru.donmai.us/wiki_pages/piano_keys,ok
1249795,sailor_swimsuit_(idolmaster),0,651,,,danbooru_api_no_chinese,low,,https://danbooru.donmai.us/wiki_pages/sailor_swimsuit_%28idolmaster%29,ok
1690813,market_stall,0,650,,,danbooru_api_no_chinese,low,,https://danbooru.donmai.us/wiki_pages/market_stall,ok
724189,detached_ahoge,0,650,,,danbooru_api_no_chinese,low,,https://danbooru.donmai.us/wiki_pages/detached_ahoge,ok
501535,package,0,649,,,danbooru_api_no_chinese,low,,https://danbooru.donmai.us/wiki_pages/package,ok
692331,feet_on_chair,0,648,,,danbooru_api_no_chinese,low,,https://danbooru.donmai.us/wiki_pages/feet_on_chair,ok
11156,singlet,0,648,,,danbooru_api_no_chinese,low,,https://danbooru.donmai.us/wiki_pages/singlet,ok
667570,large_ears,0,647,,,danbooru_api_no_chinese,low,,https://danbooru.donmai.us/wiki_pages/large_ears,ok
1499507,sailor_collar_lift,0,646,,,danbooru_api_no_chinese,low,,https://danbooru.donmai.us/wiki_pages/sailor_collar_lift,ok
1344208,aqua_shorts,0,646,,,danbooru_api_no_chinese,low,,https://danbooru.donmai.us/wiki_pages/aqua_shorts,ok
1375384,monkey_boy,0,646,,,danbooru_api_no_chinese,low,,https://danbooru.donmai.us/wiki_pages/monkey_boy,ok
1470365,flying_button,0,645,,,danbooru_api_no_chinese,low,,https://danbooru.donmai.us/wiki_pages/flying_button,ok
1733638,race_bib,0,645,,,danbooru_api_no_chinese,low,,https://danbooru.donmai.us/wiki_pages/race_bib,ok
1328452,ambiguous_red_liquid,0,645,,,danbooru_api_no_chinese,low,,https://danbooru.donmai.us/wiki_pages/ambiguous_red_liquid,ok
523781,sewing_needle,0,645,,,danbooru_api_no_chinese,low,,https://danbooru.donmai.us/wiki_pages/sewing_needle,ok
1472811,holding_newspaper,0,644,,,danbooru_api_no_chinese,low,,https://danbooru.donmai.us/wiki_pages/holding_newspaper,ok
1295452,female_service_cap,0,643,,,danbooru_api_no_chinese,low,,https://danbooru.donmai.us/wiki_pages/female_service_cap,ok
1245114,covering_with_blanket,0,642,,,danbooru_api_no_chinese,low,,https://danbooru.donmai.us/wiki_pages/covering_with_blanket,ok
470409,rag,0,641,,,danbooru_api_no_chinese,low,,https://danbooru.donmai.us/wiki_pages/rag,not_found
647958,ankleband,0,641,,,danbooru_api_no_chinese,low,,https://danbooru.donmai.us/wiki_pages/ankleband,ok
1297889,shampoo_bottle,0,641,,,danbooru_api_no_chinese,low,,https://danbooru.donmai.us/wiki_pages/shampoo_bottle,ok
1411022,black_babydoll,0,640,,,danbooru_api_no_chinese,low,,https://danbooru.donmai.us/wiki_pages/black_babydoll,ok
1178149,tucked_penis,0,640,,,danbooru_api_no_chinese,low,,https://danbooru.donmai.us/wiki_pages/tucked_penis,ok
1754298,multiple_bracelets,0,640,,,danbooru_api_no_chinese,low,,https://danbooru.donmai.us/wiki_pages/multiple_bracelets,ok
1990022,kin-iro_mosaic_high_school_uniform,0,640,,,danbooru_api_no_chinese,low,,https://danbooru.donmai.us/wiki_pages/kin-iro_mosaic_high_school_uniform,not_found
1427497,holding_bell,0,639,,,danbooru_api_no_chinese,low,,https://danbooru.donmai.us/wiki_pages/holding_bell,ok
1607444,blue_male_underwear,0,638,,,danbooru_api_no_chinese,low,,https://danbooru.donmai.us/wiki_pages/blue_male_underwear,ok
2007719,side_cape,0,638,,,danbooru_api_no_chinese,low,,https://danbooru.donmai.us/wiki_pages/side_cape,ok
1989805,inset_border,0,636,,,danbooru_api_no_chinese,low,,https://danbooru.donmai.us/wiki_pages/inset_border,ok
1315008,glove_bow,0,635,,,danbooru_api_no_chinese,low,,https://danbooru.donmai.us/wiki_pages/glove_bow,ok
1416925,green_serafuku,0,635,,,danbooru_api_no_chinese,low,,https://danbooru.donmai.us/wiki_pages/green_serafuku,ok
551039,claw_foot_bathtub,0,635,,,danbooru_api_no_chinese,low,,https://danbooru.donmai.us/wiki_pages/claw_foot_bathtub,ok
2006774,unworn_thighhighs,0,635,,,danbooru_api_no_chinese,low,,https://danbooru.donmai.us/wiki_pages/unworn_thighhighs,ok
431317,poi,0,631,,,danbooru_api_no_chinese,low,,https://danbooru.donmai.us/wiki_pages/poi,not_found
1320443,vertical-striped_shorts,0,627,,,danbooru_api_no_chinese,low,,https://danbooru.donmai.us/wiki_pages/vertical-striped_shorts,ok
1501438,blue_sweater_vest,0,626,,,danbooru_api_no_chinese,low,,https://danbooru.donmai.us/wiki_pages/blue_sweater_vest,ok
1427920,polearm_behind_back,0,624,,,danbooru_api_no_chinese,low,,https://danbooru.donmai.us/wiki_pages/polearm_behind_back,not_found
1398831,fur-trimmed_thighhighs,0,623,,,danbooru_api_no_chinese,low,,https://danbooru.donmai.us/wiki_pages/fur-trimmed_thighhighs,ok
1871372,streetwear,0,611,,,danbooru_api_no_chinese,low,,https://danbooru.donmai.us/wiki_pages/streetwear,ok
9466,suzumiya_haruhi,4,9541,,,danbooru_api_no_chinese,low,,https://danbooru.donmai.us/wiki_pages/suzumiya_haruhi,ok
7441,fate_testarossa,4,9158,,,danbooru_api_no_chinese,low,,https://danbooru.donmai.us/wiki_pages/fate_testarossa,ok
1978860,2b_(nier:automata),4,8815,,,danbooru_api_no_chinese,low,,https://danbooru.donmai.us/wiki_pages/2b_%28nier%3Aautomata%29,ok
600200,kyubey,4,8249,,,danbooru_api_no_chinese,low,,https://danbooru.donmai.us/wiki_pages/kyubey,ok
452135,producer_(idolmaster),4,7935,,,danbooru_api_no_chinese,low,,https://danbooru.donmai.us/wiki_pages/producer_%28idolmaster%29,ok
8552,takamachi_nanoha,4,7658,,,danbooru_api_no_chinese,low,,https://danbooru.donmai.us/wiki_pages/takamachi_nanoha,ok
1511608,inkling_girl,4,7624,,,danbooru_api_no_chinese,low,,https://danbooru.donmai.us/wiki_pages/inkling_girl,ok
615562,toujou_nozomi,4,6909,,,danbooru_api_no_chinese,low,,https://danbooru.donmai.us/wiki_pages/toujou_nozomi,not_found
1765420,jeanne_d'arc_alter_(avenger)_(fate),4,6894,,,danbooru_api_no_chinese,low,,https://danbooru.donmai.us/wiki_pages/jeanne_d%27arc_alter_%28avenger%29_%28fate%29,ok
445942,gardevoir,4,6606,,,danbooru_api_no_chinese,low,,https://danbooru.donmai.us/wiki_pages/gardevoir,ok
1682530,tamamo_no_mae_(fate/extra),4,6464,,,danbooru_api_no_chinese,low,,https://danbooru.donmai.us/wiki_pages/tamamo_no_mae_%28fate%2Fextra%29,not_found
2040387,doodle_sensei_(blue_archive),4,6324,,,danbooru_api_no_chinese,low,,https://danbooru.donmai.us/wiki_pages/doodle_sensei_%28blue_archive%29,ok
1532746,byleth_(fire_emblem),4,6056,,,danbooru_api_no_chinese,low,,https://danbooru.donmai.us/wiki_pages/byleth_%28fire_emblem%29,ok
1239690,rensouhou-chan,4,5885,,,danbooru_api_no_chinese,low,,https://danbooru.donmai.us/wiki_pages/rensouhou-chan,ok
1533332,marnie_(pokemon),4,5774,,,danbooru_api_no_chinese,low,,https://danbooru.donmai.us/wiki_pages/marnie_%28pokemon%29,ok
1478494,cu_chulainn_(fate),4,5626,,,danbooru_api_no_chinese,low,,https://danbooru.donmai.us/wiki_pages/cu_chulainn_%28fate%29,ok
1590956,mythra_(xenoblade),4,5611,,,danbooru_api_no_chinese,low,,https://danbooru.donmai.us/wiki_pages/mythra_%28xenoblade%29,ok
382074,hiiragi_kagami,4,5548,,,danbooru_api_no_chinese,low,,https://danbooru.donmai.us/wiki_pages/hiiragi_kagami,ok
1405300,kaban_(kemono_friends),4,5475,,,danbooru_api_no_chinese,low,,https://danbooru.donmai.us/wiki_pages/kaban_%28kemono_friends%29,ok
11498,kirby,4,5440,,,danbooru_api_no_chinese,low,,https://danbooru.donmai.us/wiki_pages/kirby,ok
710903,meiko_(vocaloid),4,5301,,,danbooru_api_no_chinese,low,,https://danbooru.donmai.us/wiki_pages/meiko_%28vocaloid%29,ok
593045,minami_kotori,4,5250,,,danbooru_api_no_chinese,low,,https://danbooru.donmai.us/wiki_pages/minami_kotori,ok
466669,c.c.,4,5237,,,danbooru_api_no_chinese,low,,https://danbooru.donmai.us/wiki_pages/c.c.,ok
382075,izumi_konata,4,5162,,,danbooru_api_no_chinese,low,,https://danbooru.donmai.us/wiki_pages/izumi_konata,ok
1630531,bismarck_(kancolle),4,5108,,,danbooru_api_no_chinese,low,,https://danbooru.donmai.us/wiki_pages/bismarck_%28kancolle%29,ok
7866,tsukino_usagi,4,5078,,,danbooru_api_no_chinese,low,,https://danbooru.donmai.us/wiki_pages/tsukino_usagi,ok
1682533,nero_claudius_(fate/extra),4,4787,,,danbooru_api_no_chinese,low,,https://danbooru.donmai.us/wiki_pages/nero_claudius_%28fate%2Fextra%29,ok
1339317,d.va_(overwatch),4,4767,,,danbooru_api_no_chinese,low,,https://danbooru.donmai.us/wiki_pages/d.va_%28overwatch%29,ok
1886284,byleth_(female)_(fire_emblem),4,4763,,,danbooru_api_no_chinese,low,,https://danbooru.donmai.us/wiki_pages/byleth_%28female%29_%28fire_emblem%29,not_found
593044,kousaka_honoka,4,4648,,,danbooru_api_no_chinese,low,,https://danbooru.donmai.us/wiki_pages/kousaka_honoka,not_found
1081167,mordred_(fate/apocrypha),4,4628,,,danbooru_api_no_chinese,low,,https://danbooru.donmai.us/wiki_pages/mordred_%28fate%2Fapocrypha%29,ok
1421198,bb_(fate),4,4590,,,danbooru_api_no_chinese,low,,https://danbooru.donmai.us/wiki_pages/bb_%28fate%29,ok
1248945,wo-class_aircraft_carrier,4,4585,,,danbooru_api_no_chinese,low,,https://danbooru.donmai.us/wiki_pages/wo-class_aircraft_carrier,ok
422767,gumi,4,4565,,,danbooru_api_no_chinese,low,,https://danbooru.donmai.us/wiki_pages/gumi,ok
1822797,boo_tao_(genshin_impact),4,4485,,,danbooru_api_no_chinese,low,,https://danbooru.donmai.us/wiki_pages/boo_tao_%28genshin_impact%29,ok
1631042,iowa_(kancolle),4,4482,,,danbooru_api_no_chinese,low,,https://danbooru.donmai.us/wiki_pages/iowa_%28kancolle%29,ok
1342225,verniy_(kancolle),4,4458,,,danbooru_api_no_chinese,low,,https://danbooru.donmai.us/wiki_pages/verniy_%28kancolle%29,ok
1933188,houshou_marine_(1st_costume),4,4410,,,danbooru_api_no_chinese,low,,https://danbooru.donmai.us/wiki_pages/houshou_marine_%281st_costume%29,ok
445830,red_(pokemon),4,4387,,,danbooru_api_no_chinese,low,,https://danbooru.donmai.us/wiki_pages/red_%28pokemon%29,ok
1529309,anya_(spy_x_family),4,4300,,,danbooru_api_no_chinese,low,,https://danbooru.donmai.us/wiki_pages/anya_%28spy_x_family%29,ok
460796,ex-keine,4,4216,,,danbooru_api_no_chinese,low,,https://danbooru.donmai.us/wiki_pages/ex-keine,ok
1769318,jeanne_d'arc_(ruler)_(fate),4,4191,,,danbooru_api_no_chinese,low,,https://danbooru.donmai.us/wiki_pages/jeanne_d%27arc_%28ruler%29_%28fate%29,ok
1442306,zero_two_(darling_in_the_franxx),4,4068,,,danbooru_api_no_chinese,low,,https://danbooru.donmai.us/wiki_pages/zero_two_%28darling_in_the_franxx%29,ok
9750,asahina_mikuru,4,4045,,,danbooru_api_no_chinese,low,,https://danbooru.donmai.us/wiki_pages/asahina_mikuru,ok
646093,ultimate_madoka,4,3994,,,danbooru_api_no_chinese,low,,https://danbooru.donmai.us/wiki_pages/ultimate_madoka,ok
1933162,gawr_gura_(1st_costume),4,3915,,,danbooru_api_no_chinese,low,,https://danbooru.donmai.us/wiki_pages/gawr_gura_%281st_costume%29,ok
1805355,suletta_mercury,4,3861,,,danbooru_api_no_chinese,low,,https://danbooru.donmai.us/wiki_pages/suletta_mercury,ok
1236324,serena_(pokemon),4,3829,,,danbooru_api_no_chinese,low,,https://danbooru.donmai.us/wiki_pages/serena_%28pokemon%29,ok
781225,lucina_(fire_emblem),4,3806,,,danbooru_api_no_chinese,low,,https://danbooru.donmai.us/wiki_pages/lucina_%28fire_emblem%29,ok
1528907,corrin_(fire_emblem),4,3761,,,danbooru_api_no_chinese,low,,https://danbooru.donmai.us/wiki_pages/corrin_%28fire_emblem%29,ok
664384,jougasaki_mika,4,3739,,,danbooru_api_no_chinese,low,,https://danbooru.donmai.us/wiki_pages/jougasaki_mika,ok
9075,takatsuki_yayoi,4,3733,,,danbooru_api_no_chinese,low,,https://danbooru.donmai.us/wiki_pages/takatsuki_yayoi,ok
9681,kyon,4,3707,,,danbooru_api_no_chinese,low,,https://danbooru.donmai.us/wiki_pages/kyon,ok
1292959,uraraka_ochako,4,3695,,,danbooru_api_no_chinese,low,,https://danbooru.donmai.us/wiki_pages/uraraka_ochako,not_found
8048,sailor_moon,4,3646,,,danbooru_api_no_chinese,low,,https://danbooru.donmai.us/wiki_pages/sailor_moon,ok
591909,stocking_(psg),4,3600,,,danbooru_api_no_chinese,low,,https://danbooru.donmai.us/wiki_pages/stocking_%28psg%29,ok
1933177,usada_pekora_(1st_costume),4,3596,,,danbooru_api_no_chinese,low,,https://danbooru.donmai.us/wiki_pages/usada_pekora_%281st_costume%29,ok
620127,narukami_yuu,4,3570,,,danbooru_api_no_chinese,low,,https://danbooru.donmai.us/wiki_pages/narukami_yuu,not_found
1649152,cu_chulainn_(fate/stay_night),4,3560,,,danbooru_api_no_chinese,low,,https://danbooru.donmai.us/wiki_pages/cu_chulainn_%28fate%2Fstay_night%29,ok
593780,super_sonico,4,3516,,,danbooru_api_no_chinese,low,,https://danbooru.donmai.us/wiki_pages/super_sonico,ok
1705933,monster_hunter_(character),4,3486,,,danbooru_api_no_chinese,low,,https://danbooru.donmai.us/wiki_pages/monster_hunter_%28character%29,ok
1265245,ichinose_shiki,4,3458,,,danbooru_api_no_chinese,low,,https://danbooru.donmai.us/wiki_pages/ichinose_shiki,ok
1159816,mirko,4,3450,,,danbooru_api_no_chinese,low,,https://danbooru.donmai.us/wiki_pages/mirko,ok
633863,tachibana_arisu,4,3383,,,danbooru_api_no_chinese,low,,https://danbooru.donmai.us/wiki_pages/tachibana_arisu,ok
662047,sanya_v._litvyak,4,3326,,,danbooru_api_no_chinese,low,,https://danbooru.donmai.us/wiki_pages/sanya_v._litvyak,ok
634453,barnaby_brooks_jr.,4,3325,,,danbooru_api_no_chinese,low,,https://danbooru.donmai.us/wiki_pages/barnaby_brooks_jr.,ok
421104,eila_ilmatar_juutilainen,4,3269,,,danbooru_api_no_chinese,low,,https://danbooru.donmai.us/wiki_pages/eila_ilmatar_juutilainen,ok
1447551,florence_nightingale_(fate),4,3239,,,danbooru_api_no_chinese,low,,https://danbooru.donmai.us/wiki_pages/florence_nightingale_%28fate%29,ok
1805391,miorine_rembran,4,3230,,,danbooru_api_no_chinese,low,,https://danbooru.donmai.us/wiki_pages/miorine_rembran,ok
724152,anastasia_(idolmaster),4,3206,,,danbooru_api_no_chinese,low,,https://danbooru.donmai.us/wiki_pages/anastasia_%28idolmaster%29,ok
649985,kaburagi_t._kotetsu,4,3203,,,danbooru_api_no_chinese,low,,https://danbooru.donmai.us/wiki_pages/kaburagi_t._kotetsu,ok
8553,yagami_hayate,4,3199,,,danbooru_api_no_chinese,low,,https://danbooru.donmai.us/wiki_pages/yagami_hayate,ok
539110,yuki_miku,4,3198,,,danbooru_api_no_chinese,low,,https://danbooru.donmai.us/wiki_pages/yuki_miku,ok
563892,kirito,4,3194,,,danbooru_api_no_chinese,low,,https://danbooru.donmai.us/wiki_pages/kirito,ok
1525541,gojou_satoru,4,3188,,,danbooru_api_no_chinese,low,,https://danbooru.donmai.us/wiki_pages/gojou_satoru,not_found
382076,hiiragi_tsukasa,4,3174,,,danbooru_api_no_chinese,low,,https://danbooru.donmai.us/wiki_pages/hiiragi_tsukasa,ok
649693,jack_the_ripper_(fate/apocrypha),4,3149,,,danbooru_api_no_chinese,low,,https://danbooru.donmai.us/wiki_pages/jack_the_ripper_%28fate%2Fapocrypha%29,ok
1295748,mercy_(overwatch),4,3119,,,danbooru_api_no_chinese,low,,https://danbooru.donmai.us/wiki_pages/mercy_%28overwatch%29,ok
1544892,raihan_(pokemon),4,3099,,,danbooru_api_no_chinese,low,,https://danbooru.donmai.us/wiki_pages/raihan_%28pokemon%29,ok
1478507,iskandar_(fate),4,3097,,,danbooru_api_no_chinese,low,,https://danbooru.donmai.us/wiki_pages/iskandar_%28fate%29,ok
1337035,leon_(pokemon),4,3088,,,danbooru_api_no_chinese,low,,https://danbooru.donmai.us/wiki_pages/leon_%28pokemon%29,ok
1240694,ruby_rose,4,3040,,,danbooru_api_no_chinese,low,,https://danbooru.donmai.us/wiki_pages/ruby_rose,ok
403357,nia_teppelin,4,3029,,,danbooru_api_no_chinese,low,,https://danbooru.donmai.us/wiki_pages/nia_teppelin,ok
1631514,z1_leberecht_maass_(kancolle),4,3027,,,danbooru_api_no_chinese,low,,https://danbooru.donmai.us/wiki_pages/z1_leberecht_maass_%28kancolle%29,ok
8956,star_sapphire,4,3006,,,danbooru_api_no_chinese,low,,https://danbooru.donmai.us/wiki_pages/star_sapphire,ok
1417248,common_raccoon_(kemono_friends),4,3001,,,danbooru_api_no_chinese,low,,https://danbooru.donmai.us/wiki_pages/common_raccoon_%28kemono_friends%29,ok
398775,sheryl_nome,4,2983,,,danbooru_api_no_chinese,low,,https://danbooru.donmai.us/wiki_pages/sheryl_nome,ok
375279,waver_velvet,4,2981,,,danbooru_api_no_chinese,low,,https://danbooru.donmai.us/wiki_pages/waver_velvet,ok
9077,miura_azusa,4,2957,,,danbooru_api_no_chinese,low,,https://danbooru.donmai.us/wiki_pages/miura_azusa,ok
1631516,z3_max_schultz_(kancolle),4,2957,,,danbooru_api_no_chinese,low,,https://danbooru.donmai.us/wiki_pages/z3_max_schultz_%28kancolle%29,ok
1886276,corrin_(female)_(fire_emblem),4,2957,,,danbooru_api_no_chinese,low,,https://danbooru.donmai.us/wiki_pages/corrin_%28female%29_%28fire_emblem%29,not_found
1631474,warspite_(kancolle),4,2939,,,danbooru_api_no_chinese,low,,https://danbooru.donmai.us/wiki_pages/warspite_%28kancolle%29,ok
663996,jougasaki_rika,4,2933,,,danbooru_api_no_chinese,low,,https://danbooru.donmai.us/wiki_pages/jougasaki_rika,ok
761961,weiss_schnee,4,2898,,,danbooru_api_no_chinese,low,,https://danbooru.donmai.us/wiki_pages/weiss_schnee,ok
8955,luna_child,4,2884,,,danbooru_api_no_chinese,low,,https://danbooru.donmai.us/wiki_pages/luna_child,ok
664492,maekawa_miku,4,2884,,,danbooru_api_no_chinese,low,,https://danbooru.donmai.us/wiki_pages/maekawa_miku,ok
508752,pyonta,4,2876,,,danbooru_api_no_chinese,low,,https://danbooru.donmai.us/wiki_pages/pyonta,ok
1593304,don-chan_(usada_pekora),4,2876,,,danbooru_api_no_chinese,low,,https://danbooru.donmai.us/wiki_pages/don-chan_%28usada_pekora%29,ok
1405055,fennec_(kemono_friends),4,2825,,,danbooru_api_no_chinese,low,,https://danbooru.donmai.us/wiki_pages/fennec_%28kemono_friends%29,ok
466393,lelouch_vi_britannia,4,2822,,,danbooru_api_no_chinese,low,,https://danbooru.donmai.us/wiki_pages/lelouch_vi_britannia,ok
8954,sunny_milk,4,2820,,,danbooru_api_no_chinese,low,,https://danbooru.donmai.us/wiki_pages/sunny_milk,ok
1631239,non-human_admiral_(kancolle),4,2804,,,danbooru_api_no_chinese,low,,https://danbooru.donmai.us/wiki_pages/non-human_admiral_%28kancolle%29,ok
512930,alice_(alice_in_wonderland),4,2801,,,danbooru_api_no_chinese,low,,https://danbooru.donmai.us/wiki_pages/alice_%28alice_in_wonderland%29,ok
660394,midorikawa_nao,4,2775,,,danbooru_api_no_chinese,low,,https://danbooru.donmai.us/wiki_pages/midorikawa_nao,ok
1361608,boko_(girls_und_panzer),4,2763,,,danbooru_api_no_chinese,low,,https://danbooru.donmai.us/wiki_pages/boko_%28girls_und_panzer%29,ok
1403841,yoshida_yuuko_(machikado_mazoku),4,2752,,,danbooru_api_no_chinese,low,,https://danbooru.donmai.us/wiki_pages/yoshida_yuuko_%28machikado_mazoku%29,not_found
660393,kise_yayoi,4,2737,,,danbooru_api_no_chinese,low,,https://danbooru.donmai.us/wiki_pages/kise_yayoi,ok
527779,han_juri,4,2734,,,danbooru_api_no_chinese,low,,https://danbooru.donmai.us/wiki_pages/han_juri,ok
603070,charlotte_(madoka_magica),4,2728,,,danbooru_api_no_chinese,low,,https://danbooru.donmai.us/wiki_pages/charlotte_%28madoka_magica%29,ok
707204,dizzy_(guilty_gear),4,2671,,,danbooru_api_no_chinese,low,,https://danbooru.donmai.us/wiki_pages/dizzy_%28guilty_gear%29,ok
1318502,callie_(splatoon),4,2609,,,danbooru_api_no_chinese,low,,https://danbooru.donmai.us/wiki_pages/callie_%28splatoon%29,ok
438339,rotom,4,2585,,,danbooru_api_no_chinese,low,,https://danbooru.donmai.us/wiki_pages/rotom,ok
658637,chitanda_eru,4,2548,,,danbooru_api_no_chinese,low,,https://danbooru.donmai.us/wiki_pages/chitanda_eru,ok
1378260,lana_(pokemon),4,2529,,,danbooru_api_no_chinese,low,,https://danbooru.donmai.us/wiki_pages/lana_%28pokemon%29,ok
414823,erica_hartmann,4,2528,,,danbooru_api_no_chinese,low,,https://danbooru.donmai.us/wiki_pages/erica_hartmann,ok
1631299,saratoga_(kancolle),4,2518,,,danbooru_api_no_chinese,low,,https://danbooru.donmai.us/wiki_pages/saratoga_%28kancolle%29,ok
1630472,akitsu_maru_(kancolle),4,2514,,,danbooru_api_no_chinese,low,,https://danbooru.donmai.us/wiki_pages/akitsu_maru_%28kancolle%29,ok
1318503,marie_(splatoon),4,2462,,,danbooru_api_no_chinese,low,,https://danbooru.donmai.us/wiki_pages/marie_%28splatoon%29,ok
1702683,diarmuid_ua_duibhne_(lancer)_(fate),4,2458,,,danbooru_api_no_chinese,low,,https://danbooru.donmai.us/wiki_pages/diarmuid_ua_duibhne_%28lancer%29_%28fate%29,ok
439625,kaenbyou_rin_(cat),4,2457,,,danbooru_api_no_chinese,low,,https://danbooru.donmai.us/wiki_pages/kaenbyou_rin_%28cat%29,ok
10284,asakura_ryouko,4,2456,,,danbooru_api_no_chinese,low,,https://danbooru.donmai.us/wiki_pages/asakura_ryouko,not_found
1449263,nia_(xenoblade),4,2449,,,danbooru_api_no_chinese,low,,https://danbooru.donmai.us/wiki_pages/nia_%28xenoblade%29,ok
1589924,simon_(ttgl),4,2447,,,danbooru_api_no_chinese,low,,https://danbooru.donmai.us/wiki_pages/simon_%28ttgl%29,ok
4587,shana,4,2441,,,danbooru_api_no_chinese,low,,https://danbooru.donmai.us/wiki_pages/shana,ok
660390,aoki_reika,4,2440,,,danbooru_api_no_chinese,low,,https://danbooru.donmai.us/wiki_pages/aoki_reika,ok
557446,ethan_(pokemon),4,2422,,,danbooru_api_no_chinese,low,,https://danbooru.donmai.us/wiki_pages/ethan_%28pokemon%29,ok
420872,gertrud_barkhorn,4,2417,,,danbooru_api_no_chinese,low,,https://danbooru.donmai.us/wiki_pages/gertrud_barkhorn,ok
1399517,tippy_(gochiusa),4,2407,,,danbooru_api_no_chinese,low,,https://danbooru.donmai.us/wiki_pages/tippy_%28gochiusa%29,ok
1250855,hex_maniac_(pokemon),4,2390,,,danbooru_api_no_chinese,low,,https://danbooru.donmai.us/wiki_pages/hex_maniac_%28pokemon%29,ok
394054,louise_francoise_le_blanc_de_la_valliere,4,2383,,,danbooru_api_no_chinese,low,,https://danbooru.donmai.us/wiki_pages/louise_francoise_le_blanc_de_la_valliere,ok
1933165,watson_amelia_(1st_costume),4,2364,,,danbooru_api_no_chinese,low,,https://danbooru.donmai.us/wiki_pages/watson_amelia_%281st_costume%29,ok
573907,blue_oak,4,2357,,,danbooru_api_no_chinese,low,,https://danbooru.donmai.us/wiki_pages/blue_oak,ok
1525544,itadori_yuuji,4,2353,,,danbooru_api_no_chinese,low,,https://danbooru.donmai.us/wiki_pages/itadori_yuuji,not_found
1817174,inkling_boy,4,2331,,,danbooru_api_no_chinese,low,,https://danbooru.donmai.us/wiki_pages/inkling_boy,ok
409162,senjougahara_hitagi,4,2298,,,danbooru_api_no_chinese,low,,https://danbooru.donmai.us/wiki_pages/senjougahara_hitagi,ok
395970,ranka_lee,4,2293,,,danbooru_api_no_chinese,low,,https://danbooru.donmai.us/wiki_pages/ranka_lee,ok
1267920,re-class_battleship,4,2289,,,danbooru_api_no_chinese,low,,https://danbooru.donmai.us/wiki_pages/re-class_battleship,ok
1631440,u-511_(kancolle),4,2286,,,danbooru_api_no_chinese,low,,https://danbooru.donmai.us/wiki_pages/u-511_%28kancolle%29,ok
615289,hilbert_(pokemon),4,2281,,,danbooru_api_no_chinese,low,,https://danbooru.donmai.us/wiki_pages/hilbert_%28pokemon%29,ok
1814848,takodachi_(ninomae_ina'nis),4,2281,,,danbooru_api_no_chinese,low,,https://danbooru.donmai.us/wiki_pages/takodachi_%28ninomae_ina%27nis%29,ok
1287911,hino_akane_(smile_precure!),4,2274,,,danbooru_api_no_chinese,low,,https://danbooru.donmai.us/wiki_pages/hino_akane_%28smile_precure%21%29,not_found
1316167,kurosawa_dia,4,2271,,,danbooru_api_no_chinese,low,,https://danbooru.donmai.us/wiki_pages/kurosawa_dia,ok
386434,piplup,4,2260,,,danbooru_api_no_chinese,low,,https://danbooru.donmai.us/wiki_pages/piplup,ok
403861,kyonko,4,2250,,,danbooru_api_no_chinese,low,,https://danbooru.donmai.us/wiki_pages/kyonko,ok
1765430,jeanne_d'arc_alter_(swimsuit_berserker)_(fate),4,2239,,,danbooru_api_no_chinese,low,,https://danbooru.donmai.us/wiki_pages/jeanne_d%27arc_alter_%28swimsuit_berserker%29_%28fate%29,ok
445847,charizard,4,2197,,,danbooru_api_no_chinese,low,,https://danbooru.donmai.us/wiki_pages/charizard,ok
1252196,akuma_homura,4,2185,,,danbooru_api_no_chinese,low,,https://danbooru.donmai.us/wiki_pages/akuma_homura,ok
1933160,inugami_korone_(1st_costume),4,2185,,,danbooru_api_no_chinese,low,,https://danbooru.donmai.us/wiki_pages/inugami_korone_%281st_costume%29,ok
4906,lum,4,2182,,,danbooru_api_no_chinese,low,,https://danbooru.donmai.us/wiki_pages/lum,ok
1933144,sakamata_chloe_(1st_costume),4,2178,,,danbooru_api_no_chinese,low,,https://danbooru.donmai.us/wiki_pages/sakamata_chloe_%281st_costume%29,ok
666034,akagi_miria,4,2175,,,danbooru_api_no_chinese,low,,https://danbooru.donmai.us/wiki_pages/akagi_miria,ok
853361,bb_(fate/extra),4,2174,,,danbooru_api_no_chinese,low,,https://danbooru.donmai.us/wiki_pages/bb_%28fate%2Fextra%29,ok
657125,ia_(vocaloid),4,2163,,,danbooru_api_no_chinese,low,,https://danbooru.donmai.us/wiki_pages/ia_%28vocaloid%29,ok
1990869,adventurer_(ff11),4,2156,,,danbooru_api_no_chinese,low,,https://danbooru.donmai.us/wiki_pages/adventurer_%28ff11%29,ok
717136,aida_mana,4,2143,,,danbooru_api_no_chinese,low,,https://danbooru.donmai.us/wiki_pages/aida_mana,ok
1680379,mash_kyrielight_(dangerous_beast),4,2132,,,danbooru_api_no_chinese,low,,https://danbooru.donmai.us/wiki_pages/mash_kyrielight_%28dangerous_beast%29,ok
1631265,pola_(kancolle),4,2125,,,danbooru_api_no_chinese,low,,https://danbooru.donmai.us/wiki_pages/pola_%28kancolle%29,ok
1459170,hachimiya_meguru,4,2119,,,danbooru_api_no_chinese,low,,https://danbooru.donmai.us/wiki_pages/hachimiya_meguru,ok
553633,lyra_(pokemon),4,2117,,,danbooru_api_no_chinese,low,,https://danbooru.donmai.us/wiki_pages/lyra_%28pokemon%29,ok
591906,panty_(psg),4,2103,,,danbooru_api_no_chinese,low,,https://danbooru.donmai.us/wiki_pages/panty_%28psg%29,ok
1630675,gambier_bay_(kancolle),4,2103,,,danbooru_api_no_chinese,low,,https://danbooru.donmai.us/wiki_pages/gambier_bay_%28kancolle%29,ok
1627569,fou_(fate),4,2092,,,danbooru_api_no_chinese,low,,https://danbooru.donmai.us/wiki_pages/fou_%28fate%29,ok
1533066,hilda_valentine_goneril,4,2090,,,danbooru_api_no_chinese,low,,https://danbooru.donmai.us/wiki_pages/hilda_valentine_goneril,ok
691541,perrine_h._clostermann,4,2086,,,danbooru_api_no_chinese,low,,https://danbooru.donmai.us/wiki_pages/perrine_h._clostermann,ok
599208,charlotte_e._yeager,4,2078,,,danbooru_api_no_chinese,low,,https://danbooru.donmai.us/wiki_pages/charlotte_e._yeager,ok
1431862,nero_claudius_(swimsuit_caster)_(fate),4,2078,,,danbooru_api_no_chinese,low,,https://danbooru.donmai.us/wiki_pages/nero_claudius_%28swimsuit_caster%29_%28fate%29,ok
16066,raising_heart,4,2075,,,danbooru_api_no_chinese,low,,https://danbooru.donmai.us/wiki_pages/raising_heart,ok
426767,ikamusume,4,2073,,,danbooru_api_no_chinese,low,,https://danbooru.donmai.us/wiki_pages/ikamusume,ok
1387121,tamamo_no_mae_(swimsuit_lancer)_(fate),4,2071,,,danbooru_api_no_chinese,low,,https://danbooru.donmai.us/wiki_pages/tamamo_no_mae_%28swimsuit_lancer%29_%28fate%29,ok
938279,lyn_(fire_emblem),4,2069,,,danbooru_api_no_chinese,low,,https://danbooru.donmai.us/wiki_pages/lyn_%28fire_emblem%29,ok
530171,kurumi_erika,4,2069,,,danbooru_api_no_chinese,low,,https://danbooru.donmai.us/wiki_pages/kurumi_erika,ok
1378262,mallow_(pokemon),4,2057,,,danbooru_api_no_chinese,low,,https://danbooru.donmai.us/wiki_pages/mallow_%28pokemon%29,ok
399582,lucario,4,2054,,,danbooru_api_no_chinese,low,,https://danbooru.donmai.us/wiki_pages/lucario,ok
610107,akaza_akari,4,2046,,,danbooru_api_no_chinese,low,,https://danbooru.donmai.us/wiki_pages/akaza_akari,ok
660392,hoshizora_miyuki,4,2043,,,danbooru_api_no_chinese,low,,https://danbooru.donmai.us/wiki_pages/hoshizora_miyuki,ok
1316168,kurosawa_ruby,4,2031,,,danbooru_api_no_chinese,low,,https://danbooru.donmai.us/wiki_pages/kurosawa_ruby,ok
512688,brendan_(pokemon),4,2030,,,danbooru_api_no_chinese,low,,https://danbooru.donmai.us/wiki_pages/brendan_%28pokemon%29,ok
1933143,la+_darknesss_(1st_costume),4,2025,,,danbooru_api_no_chinese,low,,https://danbooru.donmai.us/wiki_pages/la%2B_darknesss_%281st_costume%29,ok
414820,lynette_bishop,4,2008,,,danbooru_api_no_chinese,low,,https://danbooru.donmai.us/wiki_pages/lynette_bishop,ok
1406378,shoebill_(kemono_friends),4,2005,,,danbooru_api_no_chinese,low,,https://danbooru.donmai.us/wiki_pages/shoebill_%28kemono_friends%29,ok
1533350,morpeko,4,2002,,,danbooru_api_no_chinese,low,,https://danbooru.donmai.us/wiki_pages/morpeko,ok
2018110,neptune_(neptunia),4,1990,,,danbooru_api_no_chinese,low,,https://danbooru.donmai.us/wiki_pages/neptune_%28neptunia%29,ok
664082,miyamoto_frederica,4,1976,,,danbooru_api_no_chinese,low,,https://danbooru.donmai.us/wiki_pages/miyamoto_frederica,ok
14180,lilith_aensland,4,1970,,,danbooru_api_no_chinese,low,,https://danbooru.donmai.us/wiki_pages/lilith_aensland,not_found
1406537,shima_rin,4,1963,,,danbooru_api_no_chinese,low,,https://danbooru.donmai.us/wiki_pages/shima_rin,ok
1534498,meltryllis_(swimsuit_lancer)_(fate),4,1954,,,danbooru_api_no_chinese,low,,https://danbooru.donmai.us/wiki_pages/meltryllis_%28swimsuit_lancer%29_%28fate%29,ok
1630685,gotland_(kancolle),4,1944,,,danbooru_api_no_chinese,low,,https://danbooru.donmai.us/wiki_pages/gotland_%28kancolle%29,ok
1629430,mysterious_heroine_xx_(fate),4,1943,,,danbooru_api_no_chinese,low,,https://danbooru.donmai.us/wiki_pages/mysterious_heroine_xx_%28fate%29,ok
1405419,lucky_beast_(kemono_friends),4,1941,,,danbooru_api_no_chinese,low,,https://danbooru.donmai.us/wiki_pages/lucky_beast_%28kemono_friends%29,ok
10546,vegeta,4,1935,,,danbooru_api_no_chinese,low,,https://danbooru.donmai.us/wiki_pages/vegeta,ok
7477,noumi_kudryavka,4,1925,,,danbooru_api_no_chinese,low,,https://danbooru.donmai.us/wiki_pages/noumi_kudryavka,ok
1629435,krista_lenz,4,1919,,,danbooru_api_no_chinese,low,,https://danbooru.donmai.us/wiki_pages/krista_lenz,ok
1978894,9s_(nier:automata),4,1917,,,danbooru_api_no_chinese,low,,https://danbooru.donmai.us/wiki_pages/9s_%28nier%3Aautomata%29,ok
1160566,blake_belladonna,4,1914,,,danbooru_api_no_chinese,low,,https://danbooru.donmai.us/wiki_pages/blake_belladonna,ok
1517401,lize_helesta,4,1913,,,danbooru_api_no_chinese,low,,https://danbooru.donmai.us/wiki_pages/lize_helesta,ok
384405,irisviel_von_einzbern,4,1909,,,danbooru_api_no_chinese,low,,https://danbooru.donmai.us/wiki_pages/irisviel_von_einzbern,ok
1542251,orange_pekoe_(girls_und_panzer),4,1908,,,danbooru_api_no_chinese,low,,https://danbooru.donmai.us/wiki_pages/orange_pekoe_%28girls_und_panzer%29,ok
568921,aegis_(persona),4,1905,,,danbooru_api_no_chinese,low,,https://danbooru.donmai.us/wiki_pages/aegis_%28persona%29,not_found
467096,leaf_(pokemon),4,1898,,,danbooru_api_no_chinese,low,,https://danbooru.donmai.us/wiki_pages/leaf_%28pokemon%29,ok
1886280,robin_(female)_(fire_emblem),4,1881,,,danbooru_api_no_chinese,low,,https://danbooru.donmai.us/wiki_pages/robin_%28female%29_%28fire_emblem%29,not_found
1693513,elizabeth_bathory_(fate/extra_ccc),4,1876,,,danbooru_api_no_chinese,low,,https://danbooru.donmai.us/wiki_pages/elizabeth_bathory_%28fate%2Fextra_ccc%29,not_found
1933175,nekomata_okayu_(1st_costume),4,1872,,,danbooru_api_no_chinese,low,,https://danbooru.donmai.us/wiki_pages/nekomata_okayu_%281st_costume%29,ok
1972134,vita_(nanoha),4,1871,,,danbooru_api_no_chinese,low,,https://danbooru.donmai.us/wiki_pages/vita_%28nanoha%29,ok
1387712,viktor_nikiforov,4,1869,,,danbooru_api_no_chinese,low,,https://danbooru.donmai.us/wiki_pages/viktor_nikiforov,ok
567872,n_(pokemon),4,1866,,,danbooru_api_no_chinese,low,,https://danbooru.donmai.us/wiki_pages/n_%28pokemon%29,ok
1618002,slime_(genshin_impact),4,1866,,,danbooru_api_no_chinese,low,,https://danbooru.donmai.us/wiki_pages/slime_%28genshin_impact%29,ok
1631163,maru-yu_(kancolle),4,1864,,,danbooru_api_no_chinese,low,,https://danbooru.donmai.us/wiki_pages/maru-yu_%28kancolle%29,ok
1933211,nanashi_mumei_(1st_costume),4,1861,,,danbooru_api_no_chinese,low,,https://danbooru.donmai.us/wiki_pages/nanashi_mumei_%281st_costume%29,ok
383738,vivio,4,1857,,,danbooru_api_no_chinese,low,,https://danbooru.donmai.us/wiki_pages/vivio,ok
1629420,jeanne_d'arc_alter_santa_lily_(fate),4,1852,,,danbooru_api_no_chinese,low,,https://danbooru.donmai.us/wiki_pages/jeanne_d%27arc_alter_santa_lily_%28fate%29,ok
1408471,camilla_(fire_emblem),4,1851,,,danbooru_api_no_chinese,low,,https://danbooru.donmai.us/wiki_pages/camilla_%28fire_emblem%29,ok
1657251,elira_pendora,4,1840,,,danbooru_api_no_chinese,low,,https://danbooru.donmai.us/wiki_pages/elira_pendora,ok
8276,bardiche,4,1827,,,danbooru_api_no_chinese,low,,https://danbooru.donmai.us/wiki_pages/bardiche,ok
1670940,last_order_(toaru_majutsu_no_index),4,1821,,,danbooru_api_no_chinese,low,,https://danbooru.donmai.us/wiki_pages/last_order_%28toaru_majutsu_no_index%29,ok
601490,monokuma,4,1821,,,danbooru_api_no_chinese,low,,https://danbooru.donmai.us/wiki_pages/monokuma,ok
1383241,lusamine_(pokemon),4,1813,,,danbooru_api_no_chinese,low,,https://danbooru.donmai.us/wiki_pages/lusamine_%28pokemon%29,ok
716185,nishizumi_shiho,4,1810,,,danbooru_api_no_chinese,low,,https://danbooru.donmai.us/wiki_pages/nishizumi_shiho,ok
1447957,nero_claudius_(bride)_(fate),4,1796,,,danbooru_api_no_chinese,low,,https://danbooru.donmai.us/wiki_pages/nero_claudius_%28bride%29_%28fate%29,ok
1257062,pepperoni_(girls_und_panzer),4,1796,,,danbooru_api_no_chinese,low,,https://danbooru.donmai.us/wiki_pages/pepperoni_%28girls_und_panzer%29,ok
382079,takara_miyuki,4,1789,,,danbooru_api_no_chinese,low,,https://danbooru.donmai.us/wiki_pages/takara_miyuki,ok
2007520,houshou_marine_(summer),4,1776,,,danbooru_api_no_chinese,low,,https://danbooru.donmai.us/wiki_pages/houshou_marine_%28summer%29,ok
1675744,selen_tatsuki,4,1765,,,danbooru_api_no_chinese,low,,https://danbooru.donmai.us/wiki_pages/selen_tatsuki,ok
361258,ranma-chan,4,1756,,,danbooru_api_no_chinese,low,,https://danbooru.donmai.us/wiki_pages/ranma-chan,not_found
399147,yowane_haku,4,1753,,,danbooru_api_no_chinese,low,,https://danbooru.donmai.us/wiki_pages/yowane_haku,ok
1266581,ramlethal_valentine,4,1747,,,danbooru_api_no_chinese,low,,https://danbooru.donmai.us/wiki_pages/ramlethal_valentine,ok
401594,palutena,4,1739,,,danbooru_api_no_chinese,low,,https://danbooru.donmai.us/wiki_pages/palutena,ok
1295749,tracer_(overwatch),4,1737,,,danbooru_api_no_chinese,low,,https://danbooru.donmai.us/wiki_pages/tracer_%28overwatch%29,ok
392481,madotsuki,4,1732,,,danbooru_api_no_chinese,low,,https://danbooru.donmai.us/wiki_pages/madotsuki,ok
1560134,morpeko_(full),4,1728,,,danbooru_api_no_chinese,low,,https://danbooru.donmai.us/wiki_pages/morpeko_%28full%29,ok
1344590,matsuno_osomatsu,4,1726,,,danbooru_api_no_chinese,low,,https://danbooru.donmai.us/wiki_pages/matsuno_osomatsu,ok
1442305,hiro_(darling_in_the_franxx),4,1724,,,danbooru_api_no_chinese,low,,https://danbooru.donmai.us/wiki_pages/hiro_%28darling_in_the_franxx%29,ok
1584593,felicia_(vampire),4,1722,,,danbooru_api_no_chinese,low,,https://danbooru.donmai.us/wiki_pages/felicia_%28vampire%29,not_found
664313,moroboshi_kirari,4,1722,,,danbooru_api_no_chinese,low,,https://danbooru.donmai.us/wiki_pages/moroboshi_kirari,ok
496829,makoto_nanaya,4,1720,,,danbooru_api_no_chinese,low,,https://danbooru.donmai.us/wiki_pages/makoto_nanaya,ok
1344591,matsuno_karamatsu,4,1720,,,danbooru_api_no_chinese,low,,https://danbooru.donmai.us/wiki_pages/matsuno_karamatsu,ok
1634607,hoshino_ai_(oshi_no_ko),4,1720,,,danbooru_api_no_chinese,low,,https://danbooru.donmai.us/wiki_pages/hoshino_ai_%28oshi_no_ko%29,not_found
1824247,etna_(disgaea),4,1719,,,danbooru_api_no_chinese,low,,https://danbooru.donmai.us/wiki_pages/etna_%28disgaea%29,ok
1368824,takamaki_anne,4,1716,,,danbooru_api_no_chinese,low,,https://danbooru.donmai.us/wiki_pages/takamaki_anne,not_found
529058,hanasaki_tsubomi,4,1713,,,danbooru_api_no_chinese,low,,https://danbooru.donmai.us/wiki_pages/hanasaki_tsubomi,ok
1560614,saren_(princess_connect!),4,1705,,,danbooru_api_no_chinese,low,,https://danbooru.donmai.us/wiki_pages/saren_%28princess_connect%21%29,ok
5036,signum,4,1699,,,danbooru_api_no_chinese,low,,https://danbooru.donmai.us/wiki_pages/signum,ok
1420942,yuuki_setsuna_(love_live!),4,1699,,,danbooru_api_no_chinese,low,,https://danbooru.donmai.us/wiki_pages/yuuki_setsuna_%28love_live%21%29,not_found
1933164,takanashi_kiara_(1st_costume),4,1697,,,danbooru_api_no_chinese,low,,https://danbooru.donmai.us/wiki_pages/takanashi_kiara_%281st_costume%29,ok
1933161,kiryu_coco_(1st_costume),4,1693,,,danbooru_api_no_chinese,low,,https://danbooru.donmai.us/wiki_pages/kiryu_coco_%281st_costume%29,ok
674693,skyla_(pokemon),4,1692,,,danbooru_api_no_chinese,low,,https://danbooru.donmai.us/wiki_pages/skyla_%28pokemon%29,ok
1627626,leonardo_da_vinci_(fate),4,1690,,,danbooru_api_no_chinese,low,,https://danbooru.donmai.us/wiki_pages/leonardo_da_vinci_%28fate%29,ok
697698,kirigaya_suguha,4,1689,,,danbooru_api_no_chinese,low,,https://danbooru.donmai.us/wiki_pages/kirigaya_suguha,ok
1541326,hoshikawa_sara,4,1689,,,danbooru_api_no_chinese,low,,https://danbooru.donmai.us/wiki_pages/hoshikawa_sara,ok
1409154,tohru_(maidragon),4,1684,,,danbooru_api_no_chinese,low,,https://danbooru.donmai.us/wiki_pages/tohru_%28maidragon%29,ok
401222,noel_vermillion,4,1683,,,danbooru_api_no_chinese,low,,https://danbooru.donmai.us/wiki_pages/noel_vermillion,ok
1542253,rosehip_(girls_und_panzer),4,1680,,,danbooru_api_no_chinese,low,,https://danbooru.donmai.us/wiki_pages/rosehip_%28girls_und_panzer%29,ok
1933191,shishiro_botan_(1st_costume),4,1679,,,danbooru_api_no_chinese,low,,https://danbooru.donmai.us/wiki_pages/shishiro_botan_%281st_costume%29,ok
1594464,bloop_(gawr_gura),4,1678,,,danbooru_api_no_chinese,low,,https://danbooru.donmai.us/wiki_pages/bloop_%28gawr_gura%29,ok
1296572,todoroki_shouto,4,1677,,,danbooru_api_no_chinese,low,,https://danbooru.donmai.us/wiki_pages/todoroki_shouto,not_found
518079,tiki_(fire_emblem),4,1676,,,danbooru_api_no_chinese,low,,https://danbooru.donmai.us/wiki_pages/tiki_%28fire_emblem%29,ok
1665751,t-head_trainer,4,1676,,,danbooru_api_no_chinese,low,,https://danbooru.donmai.us/wiki_pages/t-head_trainer,not_found
375109,midna,4,1672,,,danbooru_api_no_chinese,low,,https://danbooru.donmai.us/wiki_pages/midna,ok
1417247,japanese_crested_ibis_(kemono_friends),4,1670,,,danbooru_api_no_chinese,low,,https://danbooru.donmai.us/wiki_pages/japanese_crested_ibis_%28kemono_friends%29,ok
8151,hino_rei,4,1653,,,danbooru_api_no_chinese,low,,https://danbooru.donmai.us/wiki_pages/hino_rei,ok
658795,mimura_kanako,4,1651,,,danbooru_api_no_chinese,low,,https://danbooru.donmai.us/wiki_pages/mimura_kanako,ok
1525780,rotom_phone,4,1651,,,danbooru_api_no_chinese,low,,https://danbooru.donmai.us/wiki_pages/rotom_phone,ok
1493508,princess_king_boo,4,1642,,,danbooru_api_no_chinese,low,,https://danbooru.donmai.us/wiki_pages/princess_king_boo,ok
712088,leafa,4,1638,,,danbooru_api_no_chinese,low,,https://danbooru.donmai.us/wiki_pages/leafa,not_found
8586,chibi_usa,4,1634,,,danbooru_api_no_chinese,low,,https://danbooru.donmai.us/wiki_pages/chibi_usa,ok
1886287,byleth_(male)_(fire_emblem),4,1632,,,danbooru_api_no_chinese,low,,https://danbooru.donmai.us/wiki_pages/byleth_%28male%29_%28fire_emblem%29,not_found
1829691,juliana_(pokemon),4,1632,,,danbooru_api_no_chinese,low,,https://danbooru.donmai.us/wiki_pages/juliana_%28pokemon%29,ok
1407467,northern_white-faced_owl_(kemono_friends),4,1631,,,danbooru_api_no_chinese,low,,https://danbooru.donmai.us/wiki_pages/northern_white-faced_owl_%28kemono_friends%29,ok
1933189,yukihana_lamy_(1st_costume),4,1629,,,danbooru_api_no_chinese,low,,https://danbooru.donmai.us/wiki_pages/yukihana_lamy_%281st_costume%29,ok
1933156,hoshimachi_suisei_(1st_costume),4,1627,,,danbooru_api_no_chinese,low,,https://danbooru.donmai.us/wiki_pages/hoshimachi_suisei_%281st_costume%29,ok
11427,kasugano_sakura,4,1620,,,danbooru_api_no_chinese,low,,https://danbooru.donmai.us/wiki_pages/kasugano_sakura,ok
727697,sylveon,4,1619,,,danbooru_api_no_chinese,low,,https://danbooru.donmai.us/wiki_pages/sylveon,ok
1572074,lucifer_(helltaker),4,1618,,,danbooru_api_no_chinese,low,,https://danbooru.donmai.us/wiki_pages/lucifer_%28helltaker%29,ok
1407816,silver_fox_(kemono_friends),4,1615,,,danbooru_api_no_chinese,low,,https://danbooru.donmai.us/wiki_pages/silver_fox_%28kemono_friends%29,ok
1375862,mimikyu,4,1601,,,danbooru_api_no_chinese,low,,https://danbooru.donmai.us/wiki_pages/mimikyu,ok
425768,umbreon,4,1599,,,danbooru_api_no_chinese,low,,https://danbooru.donmai.us/wiki_pages/umbreon,ok
1273262,rensouhou-kun,4,1599,,,danbooru_api_no_chinese,low,,https://danbooru.donmai.us/wiki_pages/rensouhou-kun,ok
674691,elesa_(pokemon),4,1598,,,danbooru_api_no_chinese,low,,https://danbooru.donmai.us/wiki_pages/elesa_%28pokemon%29,ok
1631141,libeccio_(kancolle),4,1596,,,danbooru_api_no_chinese,low,,https://danbooru.donmai.us/wiki_pages/libeccio_%28kancolle%29,ok
1338854,mei_(overwatch),4,1595,,,danbooru_api_no_chinese,low,,https://danbooru.donmai.us/wiki_pages/mei_%28overwatch%29,ok
1631408,tashkent_(kancolle),4,1590,,,danbooru_api_no_chinese,low,,https://danbooru.donmai.us/wiki_pages/tashkent_%28kancolle%29,ok
2018066,noire_(neptunia),4,1589,,,danbooru_api_no_chinese,low,,https://danbooru.donmai.us/wiki_pages/noire_%28neptunia%29,ok
466260,terra_branford,4,1587,,,danbooru_api_no_chinese,low,,https://danbooru.donmai.us/wiki_pages/terra_branford,ok
2018038,purple_heart_(neptunia),4,1585,,,danbooru_api_no_chinese,low,,https://danbooru.donmai.us/wiki_pages/purple_heart_%28neptunia%29,ok
1245442,i-class_destroyer,4,1582,,,danbooru_api_no_chinese,low,,https://danbooru.donmai.us/wiki_pages/i-class_destroyer,ok
1631062,jervis_(kancolle),4,1582,,,danbooru_api_no_chinese,low,,https://danbooru.donmai.us/wiki_pages/jervis_%28kancolle%29,ok
1933172,uruha_rushia_(1st_costume),4,1568,,,danbooru_api_no_chinese,low,,https://danbooru.donmai.us/wiki_pages/uruha_rushia_%281st_costume%29,ok
1682834,matikane_tannhauser_(umamusume),4,1564,,,danbooru_api_no_chinese,low,,https://danbooru.donmai.us/wiki_pages/matikane_tannhauser_%28umamusume%29,not_found
1513845,scorbunny,4,1563,,,danbooru_api_no_chinese,low,,https://danbooru.donmai.us/wiki_pages/scorbunny,ok
1630653,fletcher_(kancolle),4,1562,,,danbooru_api_no_chinese,low,,https://danbooru.donmai.us/wiki_pages/fletcher_%28kancolle%29,ok
1508231,sunazuka_akira,4,1559,,,danbooru_api_no_chinese,low,,https://danbooru.donmai.us/wiki_pages/sunazuka_akira,ok
425771,glaceon,4,1557,,,danbooru_api_no_chinese,low,,https://danbooru.donmai.us/wiki_pages/glaceon,ok
1344592,matsuno_choromatsu,4,1556,,,danbooru_api_no_chinese,low,,https://danbooru.donmai.us/wiki_pages/matsuno_choromatsu,ok
1933183,minato_aqua_(1st_costume),4,1550,,,danbooru_api_no_chinese,low,,https://danbooru.donmai.us/wiki_pages/minato_aqua_%281st_costume%29,ok
595668,hatsune_miku_(append),4,1548,,,danbooru_api_no_chinese,low,,https://danbooru.donmai.us/wiki_pages/hatsune_miku_%28append%29,ok
1629414,artoria_pendragon_(alter_swimsuit_rider)_(fate),4,1546,,,danbooru_api_no_chinese,low,,https://danbooru.donmai.us/wiki_pages/artoria_pendragon_%28alter_swimsuit_rider%29_%28fate%29,not_found
1667163,commander_(girls'_frontline),4,1543,,,danbooru_api_no_chinese,low,,https://danbooru.donmai.us/wiki_pages/commander_%28girls%27_frontline%29,ok
8152,kino_makoto,4,1536,,,danbooru_api_no_chinese,low,,https://danbooru.donmai.us/wiki_pages/kino_makoto,ok
470503,konjiki_no_yami,4,1535,,,danbooru_api_no_chinese,low,,https://danbooru.donmai.us/wiki_pages/konjiki_no_yami,ok
695285,sakuma_mayu,4,1533,,,danbooru_api_no_chinese,low,,https://danbooru.donmai.us/wiki_pages/sakuma_mayu,ok
1405975,grey_wolf_(kemono_friends),4,1532,,,danbooru_api_no_chinese,low,,https://danbooru.donmai.us/wiki_pages/grey_wolf_%28kemono_friends%29,ok
1409820,ezo_red_fox_(kemono_friends),4,1528,,,danbooru_api_no_chinese,low,,https://danbooru.donmai.us/wiki_pages/ezo_red_fox_%28kemono_friends%29,ok
1627756,scathach_skadi_(fate),4,1525,,,danbooru_api_no_chinese,low,,https://danbooru.donmai.us/wiki_pages/scathach_skadi_%28fate%29,not_found
1517393,inui_toko,4,1519,,,danbooru_api_no_chinese,low,,https://danbooru.donmai.us/wiki_pages/inui_toko,ok
970886,roll_(mega_man),4,1515,,,danbooru_api_no_chinese,low,,https://danbooru.donmai.us/wiki_pages/roll_%28mega_man%29,ok
606875,little_red_riding_hood_(grimm),4,1515,,,danbooru_api_no_chinese,low,,https://danbooru.donmai.us/wiki_pages/little_red_riding_hood_%28grimm%29,ok
1865424,rika_(pokemon),4,1514,,,danbooru_api_no_chinese,low,,https://danbooru.donmai.us/wiki_pages/rika_%28pokemon%29,ok
1544952,piers_(pokemon),4,1510,,,danbooru_api_no_chinese,low,,https://danbooru.donmai.us/wiki_pages/piers_%28pokemon%29,ok
414819,francesca_lucchini,4,1506,,,danbooru_api_no_chinese,low,,https://danbooru.donmai.us/wiki_pages/francesca_lucchini,ok
544077,kris_(pokemon),4,1503,,,danbooru_api_no_chinese,low,,https://danbooru.donmai.us/wiki_pages/kris_%28pokemon%29,ok
657793,cure_peace,4,1497,,,danbooru_api_no_chinese,low,,https://danbooru.donmai.us/wiki_pages/cure_peace,ok
1433946,marina_(splatoon),4,1495,,,danbooru_api_no_chinese,low,,https://danbooru.donmai.us/wiki_pages/marina_%28splatoon%29,ok
4908,kero,4,1488,,,danbooru_api_no_chinese,low,,https://danbooru.donmai.us/wiki_pages/kero,not_found
2003712,tokoyami_towa_(jirai_kei),4,1488,,,danbooru_api_no_chinese,low,,https://danbooru.donmai.us/wiki_pages/tokoyami_towa_%28jirai_kei%29,ok
1588986,abigail_williams_(swimsuit_foreigner)_(fate),4,1485,,,danbooru_api_no_chinese,low,,https://danbooru.donmai.us/wiki_pages/abigail_williams_%28swimsuit_foreigner%29_%28fate%29,ok
1344595,matsuno_todomatsu,4,1480,,,danbooru_api_no_chinese,low,,https://danbooru.donmai.us/wiki_pages/matsuno_todomatsu,ok
1757557,jeanne_d'arc_alter_(ver._shinjuku_1999)_(fate),4,1479,,,danbooru_api_no_chinese,low,,https://danbooru.donmai.us/wiki_pages/jeanne_d%27arc_alter_%28ver._shinjuku_1999%29_%28fate%29,ok
382240,nekomusume,4,1477,,,danbooru_api_no_chinese,low,,https://danbooru.donmai.us/wiki_pages/nekomusume,ok
424220,silver_(pokemon),4,1471,,,danbooru_api_no_chinese,low,,https://danbooru.donmai.us/wiki_pages/silver_%28pokemon%29,ok
1933148,tokoyami_towa_(1st_costume),4,1471,,,danbooru_api_no_chinese,low,,https://danbooru.donmai.us/wiki_pages/tokoyami_towa_%281st_costume%29,ok
437685,bayonetta,4,1470,,,danbooru_api_no_chinese,low,,https://danbooru.donmai.us/wiki_pages/bayonetta,ok
1627580,helena_blavatsky_(fate),4,1469,,,danbooru_api_no_chinese,low,,https://danbooru.donmai.us/wiki_pages/helena_blavatsky_%28fate%29,ok
1630559,enemy_aircraft_(kancolle),4,1467,,,danbooru_api_no_chinese,low,,https://danbooru.donmai.us/wiki_pages/enemy_aircraft_%28kancolle%29,ok
542683,sonya_(kill_me_baby),4,1466,,,danbooru_api_no_chinese,low,,https://danbooru.donmai.us/wiki_pages/sonya_%28kill_me_baby%29,ok
1443455,igarashi_futaba_(shiromanta),4,1462,,,danbooru_api_no_chinese,low,,https://danbooru.donmai.us/wiki_pages/igarashi_futaba_%28shiromanta%29,not_found
1503277,makaino_ririmu,4,1461,,,danbooru_api_no_chinese,low,,https://danbooru.donmai.us/wiki_pages/makaino_ririmu,ok
1499780,jeanne_d'arc_(swimsuit_archer)_(fate),4,1458,,,danbooru_api_no_chinese,low,,https://danbooru.donmai.us/wiki_pages/jeanne_d%27arc_%28swimsuit_archer%29_%28fate%29,ok
1257906,elsa_(frozen),4,1454,,,danbooru_api_no_chinese,low,,https://danbooru.donmai.us/wiki_pages/elsa_%28frozen%29,ok
446937,reiuji_utsuho_(bird),4,1451,,,danbooru_api_no_chinese,low,,https://danbooru.donmai.us/wiki_pages/reiuji_utsuho_%28bird%29,ok
466937,higashi_setsuna,4,1447,,,danbooru_api_no_chinese,low,,https://danbooru.donmai.us/wiki_pages/higashi_setsuna,ok
428744,yuri_lowell,4,1445,,,danbooru_api_no_chinese,low,,https://danbooru.donmai.us/wiki_pages/yuri_lowell,ok
1593360,bibi_(tokoyami_towa),4,1444,,,danbooru_api_no_chinese,low,,https://danbooru.donmai.us/wiki_pages/bibi_%28tokoyami_towa%29,ok
445414,bianca_(pokemon),4,1442,,,danbooru_api_no_chinese,low,,https://danbooru.donmai.us/wiki_pages/bianca_%28pokemon%29,ok
1829230,octoling_girl,4,1439,,,danbooru_api_no_chinese,low,,https://danbooru.donmai.us/wiki_pages/octoling_girl,ok
550010,tsukikage_yuri,4,1438,,,danbooru_api_no_chinese,low,,https://danbooru.donmai.us/wiki_pages/tsukikage_yuri,ok
1288044,popuko,4,1435,,,danbooru_api_no_chinese,low,,https://danbooru.donmai.us/wiki_pages/popuko,ok
1724523,irida_(pokemon),4,1434,,,danbooru_api_no_chinese,low,,https://danbooru.donmai.us/wiki_pages/irida_%28pokemon%29,ok
935913,alice_margatroid_(pc-98),4,1432,,,danbooru_api_no_chinese,low,,https://danbooru.donmai.us/wiki_pages/alice_margatroid_%28pc-98%29,ok
1377502,tamura_yuri,4,1430,,,danbooru_api_no_chinese,low,,https://danbooru.donmai.us/wiki_pages/tamura_yuri,ok
387299,prisma_illya,4,1429,,,danbooru_api_no_chinese,low,,https://danbooru.donmai.us/wiki_pages/prisma_illya,ok
1768632,mysterious_heroine_x_alter_(fate),4,1426,,,danbooru_api_no_chinese,low,,https://danbooru.donmai.us/wiki_pages/mysterious_heroine_x_alter_%28fate%29,ok
1556681,rex_(xenoblade),4,1421,,,danbooru_api_no_chinese,low,,https://danbooru.donmai.us/wiki_pages/rex_%28xenoblade%29,ok
445840,jigglypuff,4,1420,,,danbooru_api_no_chinese,low,,https://danbooru.donmai.us/wiki_pages/jigglypuff,ok
1886282,robin_(male)_(fire_emblem),4,1418,,,danbooru_api_no_chinese,low,,https://danbooru.donmai.us/wiki_pages/robin_%28male%29_%28fire_emblem%29,not_found
439343,ragna_the_bloodedge,4,1411,,,danbooru_api_no_chinese,low,,https://danbooru.donmai.us/wiki_pages/ragna_the_bloodedge,ok
1619061,jumpy_dumpty,4,1407,,,danbooru_api_no_chinese,low,,https://danbooru.donmai.us/wiki_pages/jumpy_dumpty,ok
1441567,monika_(doki_doki_literature_club),4,1406,,,danbooru_api_no_chinese,low,,https://danbooru.donmai.us/wiki_pages/monika_%28doki_doki_literature_club%29,ok
1589926,kamina_(ttgl),4,1404,,,danbooru_api_no_chinese,low,,https://danbooru.donmai.us/wiki_pages/kamina_%28ttgl%29,ok
592340,snivy,4,1401,,,danbooru_api_no_chinese,low,,https://danbooru.donmai.us/wiki_pages/snivy,ok
610092,yoshikawa_chinatsu,4,1395,,,danbooru_api_no_chinese,low,,https://danbooru.donmai.us/wiki_pages/yoshikawa_chinatsu,ok
602082,charlotte_dunois,4,1395,,,danbooru_api_no_chinese,low,,https://danbooru.donmai.us/wiki_pages/charlotte_dunois,ok
1571821,modeus_(helltaker),4,1395,,,danbooru_api_no_chinese,low,,https://danbooru.donmai.us/wiki_pages/modeus_%28helltaker%29,ok
1657252,pomu_rainpuff,4,1387,,,danbooru_api_no_chinese,low,,https://danbooru.donmai.us/wiki_pages/pomu_rainpuff,ok
1513846,sobble,4,1383,,,danbooru_api_no_chinese,low,,https://danbooru.donmai.us/wiki_pages/sobble,ok
1435315,oyama_mihari,4,1377,,,danbooru_api_no_chinese,low,,https://danbooru.donmai.us/wiki_pages/oyama_mihari,ok
2039817,minato_aqua_(sailor),4,1376,,,danbooru_api_no_chinese,low,,https://danbooru.donmai.us/wiki_pages/minato_aqua_%28sailor%29,ok
445848,squirtle,4,1372,,,danbooru_api_no_chinese,low,,https://danbooru.donmai.us/wiki_pages/squirtle,ok
416940,su-san,4,1370,,,danbooru_api_no_chinese,low,,https://danbooru.donmai.us/wiki_pages/su-san,ok
714995,yuno_(hidamari_sketch),4,1370,,,danbooru_api_no_chinese,low,,https://danbooru.donmai.us/wiki_pages/yuno_%28hidamari_sketch%29,ok
1525770,hop_(pokemon),4,1370,,,danbooru_api_no_chinese,low,,https://danbooru.donmai.us/wiki_pages/hop_%28pokemon%29,ok
464857,sailor_mercury,4,1361,,,danbooru_api_no_chinese,low,,https://danbooru.donmai.us/wiki_pages/sailor_mercury,ok
1607938,getou_suguru,4,1360,,,danbooru_api_no_chinese,low,,https://danbooru.donmai.us/wiki_pages/getou_suguru,not_found
1630544,colorado_(kancolle),4,1357,,,danbooru_api_no_chinese,low,,https://danbooru.donmai.us/wiki_pages/colorado_%28kancolle%29,ok
513774,shantae,4,1354,,,danbooru_api_no_chinese,low,,https://danbooru.donmai.us/wiki_pages/shantae,ok
1933157,sakura_miko_(1st_costume),4,1354,,,danbooru_api_no_chinese,low,,https://danbooru.donmai.us/wiki_pages/sakura_miko_%281st_costume%29,ok
2018082,blanc_(neptunia),4,1349,,,danbooru_api_no_chinese,low,,https://danbooru.donmai.us/wiki_pages/blanc_%28neptunia%29,ok
445933,vaporeon,4,1342,,,danbooru_api_no_chinese,low,,https://danbooru.donmai.us/wiki_pages/vaporeon,ok
547150,myoudouin_itsuki,4,1340,,,danbooru_api_no_chinese,low,,https://danbooru.donmai.us/wiki_pages/myoudouin_itsuki,ok
1631270,richelieu_(kancolle),4,1338,,,danbooru_api_no_chinese,low,,https://danbooru.donmai.us/wiki_pages/richelieu_%28kancolle%29,ok
653217,nepgear,4,1325,,,danbooru_api_no_chinese,low,,https://danbooru.donmai.us/wiki_pages/nepgear,ok
405776,riesz,4,1323,,,danbooru_api_no_chinese,low,,https://danbooru.donmai.us/wiki_pages/riesz,ok
746341,tharja_(fire_emblem),4,1318,,,danbooru_api_no_chinese,low,,https://danbooru.donmai.us/wiki_pages/tharja_%28fire_emblem%29,ok
1181678,boo_(mario),4,1316,,,danbooru_api_no_chinese,low,,https://danbooru.donmai.us/wiki_pages/boo_%28mario%29,ok
1383156,gladion_(pokemon),4,1314,,,danbooru_api_no_chinese,low,,https://danbooru.donmai.us/wiki_pages/gladion_%28pokemon%29,ok
622669,alisa_ilinichina_amiella,4,1306,,,danbooru_api_no_chinese,low,,https://danbooru.donmai.us/wiki_pages/alisa_ilinichina_amiella,ok
1291135,elphelt_valentine,4,1305,,,danbooru_api_no_chinese,low,,https://danbooru.donmai.us/wiki_pages/elphelt_valentine,ok
734427,sona_(league_of_legends),4,1302,,,danbooru_api_no_chinese,low,,https://danbooru.donmai.us/wiki_pages/sona_%28league_of_legends%29,ok
1627780,tokitarou_(fate),4,1299,,,danbooru_api_no_chinese,low,,https://danbooru.donmai.us/wiki_pages/tokitarou_%28fate%29,not_found
575975,iris_(pokemon),4,1298,,,danbooru_api_no_chinese,low,,https://danbooru.donmai.us/wiki_pages/iris_%28pokemon%29,ok
596093,caren_hortensia,4,1297,,,danbooru_api_no_chinese,low,,https://danbooru.donmai.us/wiki_pages/caren_hortensia,ok
542685,oribe_yasuna,4,1296,,,danbooru_api_no_chinese,low,,https://danbooru.donmai.us/wiki_pages/oribe_yasuna,ok
601379,takagi-san,4,1296,,,danbooru_api_no_chinese,low,,https://danbooru.donmai.us/wiki_pages/takagi-san,ok
1933141,hakui_koyori_(1st_costume),4,1296,,,danbooru_api_no_chinese,low,,https://danbooru.donmai.us/wiki_pages/hakui_koyori_%281st_costume%29,ok
1407495,eurasian_eagle_owl_(kemono_friends),4,1295,,,danbooru_api_no_chinese,low,,https://danbooru.donmai.us/wiki_pages/eurasian_eagle_owl_%28kemono_friends%29,ok
421683,angel_(kof),4,1287,,,danbooru_api_no_chinese,low,,https://danbooru.donmai.us/wiki_pages/angel_%28kof%29,ok
644430,rias_gremory,4,1287,,,danbooru_api_no_chinese,low,,https://danbooru.donmai.us/wiki_pages/rias_gremory,ok
558421,high_priest_(ragnarok_online),4,1286,,,danbooru_api_no_chinese,low,,https://danbooru.donmai.us/wiki_pages/high_priest_%28ragnarok_online%29,ok
1899592,pod_(nier:automata),4,1285,,,danbooru_api_no_chinese,low,,https://danbooru.donmai.us/wiki_pages/pod_%28nier%3Aautomata%29,ok
1420943,tennouji_rina,4,1282,,,danbooru_api_no_chinese,low,,https://danbooru.donmai.us/wiki_pages/tennouji_rina,not_found
555,haro,4,1278,,,danbooru_api_no_chinese,low,,https://danbooru.donmai.us/wiki_pages/haro,ok
532518,cure_marine,4,1276,,,danbooru_api_no_chinese,low,,https://danbooru.donmai.us/wiki_pages/cure_marine,ok
6177,moogle,4,1269,,,danbooru_api_no_chinese,low,,https://danbooru.donmai.us/wiki_pages/moogle,ok
1542249,assam_(girls_und_panzer),4,1269,,,danbooru_api_no_chinese,low,,https://danbooru.donmai.us/wiki_pages/assam_%28girls_und_panzer%29,ok
1414917,alpaca_suri_(kemono_friends),4,1269,,,danbooru_api_no_chinese,low,,https://danbooru.donmai.us/wiki_pages/alpaca_suri_%28kemono_friends%29,ok
1937492,tsukino_mito_(1st_costume),4,1268,,,danbooru_api_no_chinese,low,,https://danbooru.donmai.us/wiki_pages/tsukino_mito_%281st_costume%29,ok
425767,espeon,4,1266,,,danbooru_api_no_chinese,low,,https://danbooru.donmai.us/wiki_pages/espeon,ok
437588,kuma_(persona_4),4,1266,,,danbooru_api_no_chinese,low,,https://danbooru.donmai.us/wiki_pages/kuma_%28persona_4%29,ok
533537,ciel_(tsukihime),4,1265,,,danbooru_api_no_chinese,low,,https://danbooru.donmai.us/wiki_pages/ciel_%28tsukihime%29,ok
422389,cyndaquil,4,1263,,,danbooru_api_no_chinese,low,,https://danbooru.donmai.us/wiki_pages/cyndaquil,ok
1631068,johnston_(kancolle),4,1263,,,danbooru_api_no_chinese,low,,https://danbooru.donmai.us/wiki_pages/johnston_%28kancolle%29,ok
1814893,magical_mirai_miku,4,1262,,,danbooru_api_no_chinese,low,,https://danbooru.donmai.us/wiki_pages/magical_mirai_miku,ok
464855,sailor_venus,4,1257,,,danbooru_api_no_chinese,low,,https://danbooru.donmai.us/wiki_pages/sailor_venus,ok
445845,charmander,4,1256,,,danbooru_api_no_chinese,low,,https://danbooru.donmai.us/wiki_pages/charmander,ok
1299395,amanogawa_kirara,4,1256,,,danbooru_api_no_chinese,low,,https://danbooru.donmai.us/wiki_pages/amanogawa_kirara,ok
554323,may_(guilty_gear),4,1250,,,danbooru_api_no_chinese,low,,https://danbooru.donmai.us/wiki_pages/may_%28guilty_gear%29,ok
421102,minna-dietlinde_wilcke,4,1250,,,danbooru_api_no_chinese,low,,https://danbooru.donmai.us/wiki_pages/minna-dietlinde_wilcke,ok
1696728,rydia_(ff4),4,1249,,,danbooru_api_no_chinese,low,,https://danbooru.donmai.us/wiki_pages/rydia_%28ff4%29,ok
1520852,hozuki_momiji,4,1248,,,danbooru_api_no_chinese,low,,https://danbooru.donmai.us/wiki_pages/hozuki_momiji,ok
1472521,medea_(fate),4,1246,,,danbooru_api_no_chinese,low,,https://danbooru.donmai.us/wiki_pages/medea_%28fate%29,ok
1406070,jaguar_(kemono_friends),4,1240,,,danbooru_api_no_chinese,low,,https://danbooru.donmai.us/wiki_pages/jaguar_%28kemono_friends%29,ok
459048,momozono_love,4,1238,,,danbooru_api_no_chinese,low,,https://danbooru.donmai.us/wiki_pages/momozono_love,ok
1842585,alear_(fire_emblem),4,1237,,,danbooru_api_no_chinese,low,,https://danbooru.donmai.us/wiki_pages/alear_%28fire_emblem%29,ok
566644,blaze_the_cat,4,1233,,,danbooru_api_no_chinese,low,,https://danbooru.donmai.us/wiki_pages/blaze_the_cat,ok
1933147,murasaki_shion_(1st_costume),4,1232,,,danbooru_api_no_chinese,low,,https://danbooru.donmai.us/wiki_pages/murasaki_shion_%281st_costume%29,ok
7459,white_mage,4,1231,,,danbooru_api_no_chinese,low,,https://danbooru.donmai.us/wiki_pages/white_mage,not_found
501746,shadow_the_hedgehog,4,1231,,,danbooru_api_no_chinese,low,,https://danbooru.donmai.us/wiki_pages/shadow_the_hedgehog,ok
464856,sailor_mars,4,1230,,,danbooru_api_no_chinese,low,,https://danbooru.donmai.us/wiki_pages/sailor_mars,ok
1514243,shigure_ui_(vtuber),4,1217,,,danbooru_api_no_chinese,low,,https://danbooru.donmai.us/wiki_pages/shigure_ui_%28vtuber%29,ok
544078,lucas_(pokemon),4,1216,,,danbooru_api_no_chinese,low,,https://danbooru.donmai.us/wiki_pages/lucas_%28pokemon%29,ok
618301,ivan_karelin,4,1215,,,danbooru_api_no_chinese,low,,https://danbooru.donmai.us/wiki_pages/ivan_karelin,ok
1933142,kazama_iroha_(1st_costume),4,1215,,,danbooru_api_no_chinese,low,,https://danbooru.donmai.us/wiki_pages/kazama_iroha_%281st_costume%29,ok
1761329,sprigatito,4,1214,,,danbooru_api_no_chinese,low,,https://danbooru.donmai.us/wiki_pages/sprigatito,ok
564326,nakamura_yuri,4,1208,,,danbooru_api_no_chinese,low,,https://danbooru.donmai.us/wiki_pages/nakamura_yuri,ok
1856034,backbeako,4,1206,,,danbooru_api_no_chinese,low,,https://danbooru.donmai.us/wiki_pages/backbeako,not_found
1571010,takasaki_yuu,4,1206,,,danbooru_api_no_chinese,low,,https://danbooru.donmai.us/wiki_pages/takasaki_yuu,not_found
1288043,pipimi,4,1202,,,danbooru_api_no_chinese,low,,https://danbooru.donmai.us/wiki_pages/pipimi,ok
1560602,kyouka_(princess_connect!),4,1201,,,danbooru_api_no_chinese,low,,https://danbooru.donmai.us/wiki_pages/kyouka_%28princess_connect%21%29,not_found
528478,sabrina_(pokemon),4,1200,,,danbooru_api_no_chinese,low,,https://danbooru.donmai.us/wiki_pages/sabrina_%28pokemon%29,ok
1624311,nagi_(kannagi),4,1196,,,danbooru_api_no_chinese,low,,https://danbooru.donmai.us/wiki_pages/nagi_%28kannagi%29,ok
1541815,rabbit_yukine,4,1191,,,danbooru_api_no_chinese,low,,https://danbooru.donmai.us/wiki_pages/rabbit_yukine,ok
1933109,amane_kanata_(1st_costume),4,1191,,,danbooru_api_no_chinese,low,,https://danbooru.donmai.us/wiki_pages/amane_kanata_%281st_costume%29,ok
1405299,emperor_penguin_(kemono_friends),4,1190,,,danbooru_api_no_chinese,low,,https://danbooru.donmai.us/wiki_pages/emperor_penguin_%28kemono_friends%29,ok
1631518,zara_(kancolle),4,1189,,,danbooru_api_no_chinese,low,,https://danbooru.donmai.us/wiki_pages/zara_%28kancolle%29,ok
1496142,minamoto_sakura,4,1188,,,danbooru_api_no_chinese,low,,https://danbooru.donmai.us/wiki_pages/minamoto_sakura,ok
375868,kururugi_suzaku,4,1187,,,danbooru_api_no_chinese,low,,https://danbooru.donmai.us/wiki_pages/kururugi_suzaku,ok
1247199,braixen,4,1183,,,danbooru_api_no_chinese,low,,https://danbooru.donmai.us/wiki_pages/braixen,ok
1242334,ta-class_battleship,4,1181,,,danbooru_api_no_chinese,low,,https://danbooru.donmai.us/wiki_pages/ta-class_battleship,ok
1886373,sora_harewataru,4,1179,,,danbooru_api_no_chinese,low,,https://danbooru.donmai.us/wiki_pages/sora_harewataru,ok
10145,tsuruya,4,1178,,,danbooru_api_no_chinese,low,,https://danbooru.donmai.us/wiki_pages/tsuruya,ok
528716,yui_(angel_beats!),4,1170,,,danbooru_api_no_chinese,low,,https://danbooru.donmai.us/wiki_pages/yui_%28angel_beats%21%29,ok
485033,sora_(kingdom_hearts),4,1167,,,danbooru_api_no_chinese,low,,https://danbooru.donmai.us/wiki_pages/sora_%28kingdom_hearts%29,ok
1055501,micaiah_(fire_emblem),4,1167,,,danbooru_api_no_chinese,low,,https://danbooru.donmai.us/wiki_pages/micaiah_%28fire_emblem%29,ok
1242336,ru-class_battleship,4,1163,,,danbooru_api_no_chinese,low,,https://danbooru.donmai.us/wiki_pages/ru-class_battleship,ok
1522347,suzuhara_lulu,4,1163,,,danbooru_api_no_chinese,low,,https://danbooru.donmai.us/wiki_pages/suzuhara_lulu,ok
1638054,fu_hua_(herrscher_of_sentience),4,1162,,,danbooru_api_no_chinese,low,,https://danbooru.donmai.us/wiki_pages/fu_hua_%28herrscher_of_sentience%29,not_found
1440644,inuyama_aoi,4,1159,,,danbooru_api_no_chinese,low,,https://danbooru.donmai.us/wiki_pages/inuyama_aoi,ok
1799880,nemona_(pokemon),4,1157,,,danbooru_api_no_chinese,low,,https://danbooru.donmai.us/wiki_pages/nemona_%28pokemon%29,ok
1629448,passionlip_(fate),4,1155,,,danbooru_api_no_chinese,low,,https://danbooru.donmai.us/wiki_pages/passionlip_%28fate%29,ok
1781047,artoria_pendragon_(alter_swimsuit_rider)_(second_ascension)_(fate),4,1155,,,danbooru_api_no_chinese,low,,https://danbooru.donmai.us/wiki_pages/artoria_pendragon_%28alter_swimsuit_rider%29_%28second_ascension%29_%28fate%29,not_found
1448421,pearl_(splatoon),4,1153,,,danbooru_api_no_chinese,low,,https://danbooru.donmai.us/wiki_pages/pearl_%28splatoon%29,ok
1933196,ouro_kronii_(1st_costume),4,1152,,,danbooru_api_no_chinese,low,,https://danbooru.donmai.us/wiki_pages/ouro_kronii_%281st_costume%29,ok
592339,tepig,4,1150,,,danbooru_api_no_chinese,low,,https://danbooru.donmai.us/wiki_pages/tepig,ok
1527167,azura_(fire_emblem),4,1146,,,danbooru_api_no_chinese,low,,https://danbooru.donmai.us/wiki_pages/azura_%28fire_emblem%29,ok
8305,tomoe_hotaru,4,1144,,,danbooru_api_no_chinese,low,,https://danbooru.donmai.us/wiki_pages/tomoe_hotaru,ok
1629357,medb_(fate),4,1139,,,danbooru_api_no_chinese,low,,https://danbooru.donmai.us/wiki_pages/medb_%28fate%29,ok
1366296,popplio,4,1138,,,danbooru_api_no_chinese,low,,https://danbooru.donmai.us/wiki_pages/popplio,ok
87514,cure_black,4,1136,,,danbooru_api_no_chinese,low,,https://danbooru.donmai.us/wiki_pages/cure_black,ok
1489783,carpaccio_(girls_und_panzer),4,1135,,,danbooru_api_no_chinese,low,,https://danbooru.donmai.us/wiki_pages/carpaccio_%28girls_und_panzer%29,ok
466365,mega_man_(character),4,1132,,,danbooru_api_no_chinese,low,,https://danbooru.donmai.us/wiki_pages/mega_man_%28character%29,ok
1292965,jirou_kyouka,4,1132,,,danbooru_api_no_chinese,low,,https://danbooru.donmai.us/wiki_pages/jirou_kyouka,not_found
1660217,lucoa_(maidragon),4,1132,,,danbooru_api_no_chinese,low,,https://danbooru.donmai.us/wiki_pages/lucoa_%28maidragon%29,ok
1513843,grookey,4,1128,,,danbooru_api_no_chinese,low,,https://danbooru.donmai.us/wiki_pages/grookey,ok
8896,backbeard,4,1124,,,danbooru_api_no_chinese,low,,https://danbooru.donmai.us/wiki_pages/backbeard,ok
472786,america_(hetalia),4,1123,,,danbooru_api_no_chinese,low,,https://danbooru.donmai.us/wiki_pages/america_%28hetalia%29,ok
1631147,littorio_(kancolle),4,1122,,,danbooru_api_no_chinese,low,,https://danbooru.donmai.us/wiki_pages/littorio_%28kancolle%29,ok
438329,torchic,4,1120,,,danbooru_api_no_chinese,low,,https://danbooru.donmai.us/wiki_pages/torchic,ok
379900,squall_leonhart,4,1120,,,danbooru_api_no_chinese,low,,https://danbooru.donmai.us/wiki_pages/squall_leonhart,ok
15312,millia_rage,4,1116,,,danbooru_api_no_chinese,low,,https://danbooru.donmai.us/wiki_pages/millia_rage,ok
502557,nu-13,4,1114,,,danbooru_api_no_chinese,low,,https://danbooru.donmai.us/wiki_pages/nu-13,ok
630836,huang_baoling,4,1112,,,danbooru_api_no_chinese,low,,https://danbooru.donmai.us/wiki_pages/huang_baoling,not_found
1230568,isabelle_(animal_crossing),4,1110,,,danbooru_api_no_chinese,low,,https://danbooru.donmai.us/wiki_pages/isabelle_%28animal_crossing%29,ok
1573025,isekai_joucho,4,1110,,,danbooru_api_no_chinese,low,,https://danbooru.donmai.us/wiki_pages/isekai_joucho,not_found
378066,chris_redfield,4,1108,,,danbooru_api_no_chinese,low,,https://danbooru.donmai.us/wiki_pages/chris_redfield,ok
717859,nate_(pokemon),4,1108,,,danbooru_api_no_chinese,low,,https://danbooru.donmai.us/wiki_pages/nate_%28pokemon%29,ok
1295903,pharah_(overwatch),4,1107,,,danbooru_api_no_chinese,low,,https://danbooru.donmai.us/wiki_pages/pharah_%28overwatch%29,ok
550750,cure_sunshine,4,1104,,,danbooru_api_no_chinese,low,,https://danbooru.donmai.us/wiki_pages/cure_sunshine,ok
1627153,medjed_(fate),4,1104,,,danbooru_api_no_chinese,low,,https://danbooru.donmai.us/wiki_pages/medjed_%28fate%29,ok
1478568,merlin_(fate),4,1103,,,danbooru_api_no_chinese,low,,https://danbooru.donmai.us/wiki_pages/merlin_%28fate%29,ok
715313,marth_(fire_emblem),4,1101,,,danbooru_api_no_chinese,low,,https://danbooru.donmai.us/wiki_pages/marth_%28fire_emblem%29,ok
1281721,slaine_troyard,4,1095,,,danbooru_api_no_chinese,low,,https://danbooru.donmai.us/wiki_pages/slaine_troyard,ok
1978848,a2_(nier:automata),4,1093,,,danbooru_api_no_chinese,low,,https://danbooru.donmai.us/wiki_pages/a2_%28nier%3Aautomata%29,ok
503437,eve_(elsword),4,1092,,,danbooru_api_no_chinese,low,,https://danbooru.donmai.us/wiki_pages/eve_%28elsword%29,ok
657796,cure_beauty,4,1089,,,danbooru_api_no_chinese,low,,https://danbooru.donmai.us/wiki_pages/cure_beauty,ok
1797173,hyakumantenbara_salome,4,1089,,,danbooru_api_no_chinese,low,,https://danbooru.donmai.us/wiki_pages/hyakumantenbara_salome,ok
1246632,monomi_(danganronpa),4,1088,,,danbooru_api_no_chinese,low,,https://danbooru.donmai.us/wiki_pages/monomi_%28danganronpa%29,ok
1572071,justice_(helltaker),4,1086,,,danbooru_api_no_chinese,low,,https://danbooru.donmai.us/wiki_pages/justice_%28helltaker%29,ok
1829693,florian_(pokemon),4,1083,,,danbooru_api_no_chinese,low,,https://danbooru.donmai.us/wiki_pages/florian_%28pokemon%29,ok
532519,cure_blossom,4,1082,,,danbooru_api_no_chinese,low,,https://danbooru.donmai.us/wiki_pages/cure_blossom,ok
1591636,goh_(pokemon),4,1082,,,danbooru_api_no_chinese,low,,https://danbooru.donmai.us/wiki_pages/goh_%28pokemon%29,ok
743241,racing_miku,4,1077,,,danbooru_api_no_chinese,low,,https://danbooru.donmai.us/wiki_pages/racing_miku,ok
1657250,finana_ryugu,4,1077,,,danbooru_api_no_chinese,low,,https://danbooru.donmai.us/wiki_pages/finana_ryugu,ok
15840,kos-mos,4,1076,,,danbooru_api_no_chinese,low,,https://danbooru.donmai.us/wiki_pages/kos-mos,ok
596161,steven_stone,4,1076,,,danbooru_api_no_chinese,low,,https://danbooru.donmai.us/wiki_pages/steven_stone,ok
705643,ib_(ib),4,1073,,,danbooru_api_no_chinese,low,,https://danbooru.donmai.us/wiki_pages/ib_%28ib%29,ok
464858,sailor_jupiter,4,1072,,,danbooru_api_no_chinese,low,,https://danbooru.donmai.us/wiki_pages/sailor_jupiter,ok
14569,jill_valentine,4,1072,,,danbooru_api_no_chinese,low,,https://danbooru.donmai.us/wiki_pages/jill_valentine,ok
428743,estellise_sidos_heurassein,4,1072,,,danbooru_api_no_chinese,low,,https://danbooru.donmai.us/wiki_pages/estellise_sidos_heurassein,ok
1252365,calem_(pokemon),4,1071,,,danbooru_api_no_chinese,low,,https://danbooru.donmai.us/wiki_pages/calem_%28pokemon%29,ok
1387115,scathach_(swimsuit_assassin)_(fate),4,1069,,,danbooru_api_no_chinese,low,,https://danbooru.donmai.us/wiki_pages/scathach_%28swimsuit_assassin%29_%28fate%29,ok
1591011,nia_(blade)_(xenoblade),4,1067,,,danbooru_api_no_chinese,low,,https://danbooru.donmai.us/wiki_pages/nia_%28blade%29_%28xenoblade%29,ok
186196,winry_rockbell,4,1061,,,danbooru_api_no_chinese,low,,https://danbooru.donmai.us/wiki_pages/winry_rockbell,ok
1533061,bernadetta_von_varley,4,1059,,,danbooru_api_no_chinese,low,,https://danbooru.donmai.us/wiki_pages/bernadetta_von_varley,ok
376498,zidane_tribal,4,1058,,,danbooru_api_no_chinese,low,,https://danbooru.donmai.us/wiki_pages/zidane_tribal,ok
436529,toon_link,4,1058,,,danbooru_api_no_chinese,low,,https://danbooru.donmai.us/wiki_pages/toon_link,ok
422393,jirachi,4,1052,,,danbooru_api_no_chinese,low,,https://danbooru.donmai.us/wiki_pages/jirachi,ok
628623,sorceress_(dragon's_crown),4,1052,,,danbooru_api_no_chinese,low,,https://danbooru.donmai.us/wiki_pages/sorceress_%28dragon%27s_crown%29,ok
1420954,nakasu_kasumi,4,1051,,,danbooru_api_no_chinese,low,,https://danbooru.donmai.us/wiki_pages/nakasu_kasumi,ok
9687,kula_diamond,4,1049,,,danbooru_api_no_chinese,low,,https://danbooru.donmai.us/wiki_pages/kula_diamond,ok
587354,lux_(league_of_legends),4,1049,,,danbooru_api_no_chinese,low,,https://danbooru.donmai.us/wiki_pages/lux_%28league_of_legends%29,ok
1631276,roma_(kancolle),4,1049,,,danbooru_api_no_chinese,low,,https://danbooru.donmai.us/wiki_pages/roma_%28kancolle%29,ok
439063,rachel_alucard,4,1048,,,danbooru_api_no_chinese,low,,https://danbooru.donmai.us/wiki_pages/rachel_alucard,ok
437349,garchomp,4,1045,,,danbooru_api_no_chinese,low,,https://danbooru.donmai.us/wiki_pages/garchomp,ok
1534941,claude_von_riegan,4,1045,,,danbooru_api_no_chinese,low,,https://danbooru.donmai.us/wiki_pages/claude_von_riegan,ok
526169,trunks_(dragon_ball),4,1042,,,danbooru_api_no_chinese,low,,https://danbooru.donmai.us/wiki_pages/trunks_%28dragon_ball%29,ok
1766156,astolfo_(sailor_paladin)_(fate),4,1042,,,danbooru_api_no_chinese,low,,https://danbooru.donmai.us/wiki_pages/astolfo_%28sailor_paladin%29_%28fate%29,ok
382261,subaru_nakajima,4,1039,,,danbooru_api_no_chinese,low,,https://danbooru.donmai.us/wiki_pages/subaru_nakajima,ok
1645715,zero_(mega_man),4,1038,,,danbooru_api_no_chinese,low,,https://danbooru.donmai.us/wiki_pages/zero_%28mega_man%29,ok
1933137,nakiri_ayame_(1st_costume),4,1038,,,danbooru_api_no_chinese,low,,https://danbooru.donmai.us/wiki_pages/nakiri_ayame_%281st_costume%29,ok
1443456,takeda_harumi_(shiromanta),4,1037,,,danbooru_api_no_chinese,low,,https://danbooru.donmai.us/wiki_pages/takeda_harumi_%28shiromanta%29,not_found
1790620,clumsy_nun_(diva),4,1036,,,danbooru_api_no_chinese,low,,https://danbooru.donmai.us/wiki_pages/clumsy_nun_%28diva%29,ok
402521,meta_knight,4,1035,,,danbooru_api_no_chinese,low,,https://danbooru.donmai.us/wiki_pages/meta_knight,ok
436841,raven_(dc),4,1029,,,danbooru_api_no_chinese,low,,https://danbooru.donmai.us/wiki_pages/raven_%28dc%29,ok
567695,cheren_(pokemon),4,1027,,,danbooru_api_no_chinese,low,,https://danbooru.donmai.us/wiki_pages/cheren_%28pokemon%29,ok
1318266,clarisse_(granblue_fantasy),4,1027,,,danbooru_api_no_chinese,low,,https://danbooru.donmai.us/wiki_pages/clarisse_%28granblue_fantasy%29,ok
378317,garnet_til_alexandros_xvii,4,1024,,,danbooru_api_no_chinese,low,,https://danbooru.donmai.us/wiki_pages/garnet_til_alexandros_xvii,ok
605171,kujou_karen,4,1024,,,danbooru_api_no_chinese,low,,https://danbooru.donmai.us/wiki_pages/kujou_karen,ok
1627618,king_hassan_(fate),4,1023,,,danbooru_api_no_chinese,low,,https://danbooru.donmai.us/wiki_pages/king_hassan_%28fate%29,ok
1606513,len_(tsukihime),4,1022,,,danbooru_api_no_chinese,low,,https://danbooru.donmai.us/wiki_pages/len_%28tsukihime%29,ok
474262,slime_(dragon_quest),4,1020,,,danbooru_api_no_chinese,low,,https://danbooru.donmai.us/wiki_pages/slime_%28dragon_quest%29,ok
981832,guts_(berserk),4,1019,,,danbooru_api_no_chinese,low,,https://danbooru.donmai.us/wiki_pages/guts_%28berserk%29,ok
1410354,purah,4,1019,,,danbooru_api_no_chinese,low,,https://danbooru.donmai.us/wiki_pages/purah,ok
1593833,crewmate_(among_us),4,1019,,,danbooru_api_no_chinese,low,,https://danbooru.donmai.us/wiki_pages/crewmate_%28among_us%29,ok
1684882,florence_nightingale_(trick_or_treatment)_(fate),4,1018,,,danbooru_api_no_chinese,low,,https://danbooru.donmai.us/wiki_pages/florence_nightingale_%28trick_or_treatment%29_%28fate%29,ok
429524,mudkip,4,1015,,,danbooru_api_no_chinese,low,,https://danbooru.donmai.us/wiki_pages/mudkip,ok
717654,kiriya_aoi,4,1014,,,danbooru_api_no_chinese,low,,https://danbooru.donmai.us/wiki_pages/kiriya_aoi,ok
1537880,dimitri_alexandre_blaiddyd,4,1013,,,danbooru_api_no_chinese,low,,https://danbooru.donmai.us/wiki_pages/dimitri_alexandre_blaiddyd,ok
716728,kitashirakawa_tamako,4,1012,,,danbooru_api_no_chinese,low,,https://danbooru.donmai.us/wiki_pages/kitashirakawa_tamako,ok
1432652,jack-o'_valentine,4,1012,,,danbooru_api_no_chinese,low,,https://danbooru.donmai.us/wiki_pages/jack-o%27_valentine,ok
657791,cure_happy,4,1010,,,danbooru_api_no_chinese,low,,https://danbooru.donmai.us/wiki_pages/cure_happy,ok
539676,taneshima_popura,4,1008,,,danbooru_api_no_chinese,low,,https://danbooru.donmai.us/wiki_pages/taneshima_popura,ok
1442307,ichigo_(darling_in_the_franxx),4,1007,,,danbooru_api_no_chinese,low,,https://danbooru.donmai.us/wiki_pages/ichigo_%28darling_in_the_franxx%29,ok
431436,momo_velia_deviluke,4,1006,,,danbooru_api_no_chinese,low,,https://danbooru.donmai.us/wiki_pages/momo_velia_deviluke,ok
461883,chikorita,4,1004,,,danbooru_api_no_chinese,low,,https://danbooru.donmai.us/wiki_pages/chikorita,ok
423041,rouge_the_bat,4,1003,,,danbooru_api_no_chinese,low,,https://danbooru.donmai.us/wiki_pages/rouge_the_bat,ok
1754603,mio_(xenoblade),4,1003,,,danbooru_api_no_chinese,low,,https://danbooru.donmai.us/wiki_pages/mio_%28xenoblade%29,ok
657794,cure_march,4,1001,,,danbooru_api_no_chinese,low,,https://danbooru.donmai.us/wiki_pages/cure_march,ok
1275005,ousaka_shizuku,4,1001,,,danbooru_api_no_chinese,low,,https://danbooru.donmai.us/wiki_pages/ousaka_shizuku,not_found
594282,cure_melody,4,1000,,,danbooru_api_no_chinese,low,,https://danbooru.donmai.us/wiki_pages/cure_melody,ok
688703,miia_(monster_musume),4,999,,,danbooru_api_no_chinese,low,,https://danbooru.donmai.us/wiki_pages/miia_%28monster_musume%29,ok
1323324,yuna_(ff10),4,994,,,danbooru_api_no_chinese,low,,https://danbooru.donmai.us/wiki_pages/yuna_%28ff10%29,ok
1404598,ilulu_(maidragon),4,994,,,danbooru_api_no_chinese,low,,https://danbooru.donmai.us/wiki_pages/ilulu_%28maidragon%29,ok
286,kooh,4,993,,,danbooru_api_no_chinese,low,,https://danbooru.donmai.us/wiki_pages/kooh,not_found
691588,pit_(kid_icarus),4,993,,,danbooru_api_no_chinese,low,,https://danbooru.donmai.us/wiki_pages/pit_%28kid_icarus%29,ok
534615,tails_(sonic),4,993,,,danbooru_api_no_chinese,low,,https://danbooru.donmai.us/wiki_pages/tails_%28sonic%29,ok
1257905,shirayuki_hime,4,992,,,danbooru_api_no_chinese,low,,https://danbooru.donmai.us/wiki_pages/shirayuki_hime,ok
717540,yotsuba_alice,4,991,,,danbooru_api_no_chinese,low,,https://danbooru.donmai.us/wiki_pages/yotsuba_alice,ok
1933174,shirogane_noel_(1st_costume),4,991,,,danbooru_api_no_chinese,low,,https://danbooru.donmai.us/wiki_pages/shirogane_noel_%281st_costume%29,ok
1783170,meltryllis_(swimsuit_lancer)_(first_ascension)_(fate),4,988,,,danbooru_api_no_chinese,low,,https://danbooru.donmai.us/wiki_pages/meltryllis_%28swimsuit_lancer%29_%28first_ascension%29_%28fate%29,ok
1569872,yuuki_(princess_connect!),4,987,,,danbooru_api_no_chinese,low,,https://danbooru.donmai.us/wiki_pages/yuuki_%28princess_connect%21%29,ok
1554751,damian_desmond,4,986,,,danbooru_api_no_chinese,low,,https://danbooru.donmai.us/wiki_pages/damian_desmond,ok
482492,tendou_akane,4,985,,,danbooru_api_no_chinese,low,,https://danbooru.donmai.us/wiki_pages/tendou_akane,ok
420074,izayoi_aki,4,985,,,danbooru_api_no_chinese,low,,https://danbooru.donmai.us/wiki_pages/izayoi_aki,ok
1387746,yuri_plisetsky,4,984,,,danbooru_api_no_chinese,low,,https://danbooru.donmai.us/wiki_pages/yuri_plisetsky,ok
1405056,lion_(kemono_friends),4,983,,,danbooru_api_no_chinese,low,,https://danbooru.donmai.us/wiki_pages/lion_%28kemono_friends%29,ok
1285682,iroha_(samurai_spirits),4,982,,,danbooru_api_no_chinese,low,,https://danbooru.donmai.us/wiki_pages/iroha_%28samurai_spirits%29,ok
1254335,marie_rose,4,980,,,danbooru_api_no_chinese,low,,https://danbooru.donmai.us/wiki_pages/marie_rose,ok
1435684,merlin_(fate/prototype),4,979,,,danbooru_api_no_chinese,low,,https://danbooru.donmai.us/wiki_pages/merlin_%28fate%2Fprototype%29,ok
1290263,danua,4,976,,,danbooru_api_no_chinese,low,,https://danbooru.donmai.us/wiki_pages/danua,ok
50896,pichu,4,971,,,danbooru_api_no_chinese,low,,https://danbooru.donmai.us/wiki_pages/pichu,ok
438937,spider-man,4,970,,,danbooru_api_no_chinese,low,,https://danbooru.donmai.us/wiki_pages/spider-man,ok
1571004,shibuya_kanon,4,970,,,danbooru_api_no_chinese,low,,https://danbooru.donmai.us/wiki_pages/shibuya_kanon,ok
1572068,cerberus_(helltaker),4,968,,,danbooru_api_no_chinese,low,,https://danbooru.donmai.us/wiki_pages/cerberus_%28helltaker%29,ok
401814,saotome_alto,4,966,,,danbooru_api_no_chinese,low,,https://danbooru.donmai.us/wiki_pages/saotome_alto,ok
1762549,mordred_(memories_at_trifas)_(fate),4,966,,,danbooru_api_no_chinese,low,,https://danbooru.donmai.us/wiki_pages/mordred_%28memories_at_trifas%29_%28fate%29,ok
1566256,captain_(kemono_friends),4,964,,,danbooru_api_no_chinese,low,,https://danbooru.donmai.us/wiki_pages/captain_%28kemono_friends%29,ok
1243506,magical_ruby,4,963,,,danbooru_api_no_chinese,low,,https://danbooru.donmai.us/wiki_pages/magical_ruby,ok
655527,kayneth_el-melloi_archibald,4,963,,,danbooru_api_no_chinese,low,,https://danbooru.donmai.us/wiki_pages/kayneth_el-melloi_archibald,ok
1311289,lyria_(granblue_fantasy),4,963,,,danbooru_api_no_chinese,low,,https://danbooru.donmai.us/wiki_pages/lyria_%28granblue_fantasy%29,ok
397841,ganondorf,4,962,,,danbooru_api_no_chinese,low,,https://danbooru.donmai.us/wiki_pages/ganondorf,ok
1792537,zabaniyya_(housamo),4,962,,,danbooru_api_no_chinese,low,,https://danbooru.donmai.us/wiki_pages/zabaniyya_%28housamo%29,ok
557902,priest_(ragnarok_online),4,959,,,danbooru_api_no_chinese,low,,https://danbooru.donmai.us/wiki_pages/priest_%28ragnarok_online%29,ok
520564,lucy_heartfilia,4,959,,,danbooru_api_no_chinese,low,,https://danbooru.donmai.us/wiki_pages/lucy_heartfilia,ok
444532,maka_albarn,4,958,,,danbooru_api_no_chinese,low,,https://danbooru.donmai.us/wiki_pages/maka_albarn,ok
618134,karina_lyle,4,958,,,danbooru_api_no_chinese,low,,https://danbooru.donmai.us/wiki_pages/karina_lyle,ok
1631297,samuel_b._roberts_(kancolle),4,957,,,danbooru_api_no_chinese,low,,https://danbooru.donmai.us/wiki_pages/samuel_b._roberts_%28kancolle%29,ok
610702,oktavia_von_seckendorff,4,954,,,danbooru_api_no_chinese,low,,https://danbooru.donmai.us/wiki_pages/oktavia_von_seckendorff,ok
1754602,eunie_(xenoblade),4,954,,,danbooru_api_no_chinese,low,,https://danbooru.donmai.us/wiki_pages/eunie_%28xenoblade%29,ok
87516,cure_white,4,952,,,danbooru_api_no_chinese,low,,https://danbooru.donmai.us/wiki_pages/cure_white,ok
11488,sol_badguy,4,952,,,danbooru_api_no_chinese,low,,https://danbooru.donmai.us/wiki_pages/sol_badguy,ok
399324,vash_the_stampede,4,951,,,danbooru_api_no_chinese,low,,https://danbooru.donmai.us/wiki_pages/vash_the_stampede,ok
376579,katsura_hinagiku,4,951,,,danbooru_api_no_chinese,low,,https://danbooru.donmai.us/wiki_pages/katsura_hinagiku,ok
1630548,commandant_teste_(kancolle),4,951,,,danbooru_api_no_chinese,low,,https://danbooru.donmai.us/wiki_pages/commandant_teste_%28kancolle%29,ok
1478614,wakan_tanka,4,951,,,danbooru_api_no_chinese,low,,https://danbooru.donmai.us/wiki_pages/wakan_tanka,ok
536053,ghost_(modern_warfare_2),4,950,,,danbooru_api_no_chinese,low,,https://danbooru.donmai.us/wiki_pages/ghost_%28modern_warfare_2%29,ok
1345441,asahina_mirai,4,950,,,danbooru_api_no_chinese,low,,https://danbooru.donmai.us/wiki_pages/asahina_mirai,ok
1933128,tsunomaki_watame_(1st_costume),4,949,,,danbooru_api_no_chinese,low,,https://danbooru.donmai.us/wiki_pages/tsunomaki_watame_%281st_costume%29,ok
1572332,helltaker_(character),4,949,,,danbooru_api_no_chinese,low,,https://danbooru.donmai.us/wiki_pages/helltaker_%28character%29,ok
1407120,humboldt_penguin_(kemono_friends),4,948,,,danbooru_api_no_chinese,low,,https://danbooru.donmai.us/wiki_pages/humboldt_penguin_%28kemono_friends%29,ok
1545097,cinderace,4,948,,,danbooru_api_no_chinese,low,,https://danbooru.donmai.us/wiki_pages/cinderace,ok
456946,assassin_(fate/zero),4,947,,,danbooru_api_no_chinese,low,,https://danbooru.donmai.us/wiki_pages/assassin_%28fate%2Fzero%29,ok
465401,ten'ou_haruka,4,946,,,danbooru_api_no_chinese,low,,https://danbooru.donmai.us/wiki_pages/ten%27ou_haruka,ok
16210,lenna_charlotte_tycoon,4,946,,,danbooru_api_no_chinese,low,,https://danbooru.donmai.us/wiki_pages/lenna_charlotte_tycoon,ok
616166,caitlyn_(league_of_legends),4,944,,,danbooru_api_no_chinese,low,,https://danbooru.donmai.us/wiki_pages/caitlyn_%28league_of_legends%29,ok
1600181,ness_(mother_2),4,941,,,danbooru_api_no_chinese,low,,https://danbooru.donmai.us/wiki_pages/ness_%28mother_2%29,ok
1597904,shishio_chris,4,940,,,danbooru_api_no_chinese,low,,https://danbooru.donmai.us/wiki_pages/shishio_chris,ok
396114,lei_lei,4,939,,,danbooru_api_no_chinese,low,,https://danbooru.donmai.us/wiki_pages/lei_lei,not_found
1408885,dhole_(kemono_friends),4,939,,,danbooru_api_no_chinese,low,,https://danbooru.donmai.us/wiki_pages/dhole_%28kemono_friends%29,ok
1886278,corrin_(male)_(fire_emblem),4,935,,,danbooru_api_no_chinese,low,,https://danbooru.donmai.us/wiki_pages/corrin_%28male%29_%28fire_emblem%29,not_found
536735,yuuki_juudai,4,934,,,danbooru_api_no_chinese,low,,https://danbooru.donmai.us/wiki_pages/yuuki_juudai,not_found
1240487,yusa_kozue,4,933,,,danbooru_api_no_chinese,low,,https://danbooru.donmai.us/wiki_pages/yusa_kozue,ok
1886303,alear_(female)_(fire_emblem),4,933,,,danbooru_api_no_chinese,low,,https://danbooru.donmai.us/wiki_pages/alear_%28female%29_%28fire_emblem%29,not_found
1344498,vane_(granblue_fantasy),4,932,,,danbooru_api_no_chinese,low,,https://danbooru.donmai.us/wiki_pages/vane_%28granblue_fantasy%29,ok
2061496,sakura_miko_(casual),4,931,,,danbooru_api_no_chinese,low,,https://danbooru.donmai.us/wiki_pages/sakura_miko_%28casual%29,ok
1367142,litten,4,929,,,danbooru_api_no_chinese,low,,https://danbooru.donmai.us/wiki_pages/litten,ok
1597903,ryugasaki_rene,4,928,,,danbooru_api_no_chinese,low,,https://danbooru.donmai.us/wiki_pages/ryugasaki_rene,ok
1530334,yorumi_rena,4,927,,,danbooru_api_no_chinese,low,,https://danbooru.donmai.us/wiki_pages/yorumi_rena,ok
1592675,bianca_(dq5),4,926,,,danbooru_api_no_chinese,low,,https://danbooru.donmai.us/wiki_pages/bianca_%28dq5%29,ok
254440,kirlia,4,926,,,danbooru_api_no_chinese,low,,https://danbooru.donmai.us/wiki_pages/kirlia,ok
1630493,aquila_(kancolle),4,924,,,danbooru_api_no_chinese,low,,https://danbooru.donmai.us/wiki_pages/aquila_%28kancolle%29,ok
388724,lala_satalin_deviluke,4,923,,,danbooru_api_no_chinese,low,,https://danbooru.donmai.us/wiki_pages/lala_satalin_deviluke,ok
1235294,kurokawa_eren,4,922,,,danbooru_api_no_chinese,low,,https://danbooru.donmai.us/wiki_pages/kurokawa_eren,ok
1631590,basil_(omori),4,922,,,danbooru_api_no_chinese,low,,https://danbooru.donmai.us/wiki_pages/basil_%28omori%29,ok
473288,sister_claire,4,921,,,danbooru_api_no_chinese,low,,https://danbooru.donmai.us/wiki_pages/sister_claire,ok
16208,faris_scherwiz,4,919,,,danbooru_api_no_chinese,low,,https://danbooru.donmai.us/wiki_pages/faris_scherwiz,ok
1369698,hau_(pokemon),4,919,,,danbooru_api_no_chinese,low,,https://danbooru.donmai.us/wiki_pages/hau_%28pokemon%29,ok
1931557,ookami_mio_(3rd_costume),4,919,,,danbooru_api_no_chinese,low,,https://danbooru.donmai.us/wiki_pages/ookami_mio_%283rd_costume%29,not_found
701389,sonia_nevermind,4,917,,,danbooru_api_no_chinese,low,,https://danbooru.donmai.us/wiki_pages/sonia_nevermind,ok
4858,chocobo,4,916,,,danbooru_api_no_chinese,low,,https://danbooru.donmai.us/wiki_pages/chocobo,ok
1505470,galo_thymos,4,915,,,danbooru_api_no_chinese,low,,https://danbooru.donmai.us/wiki_pages/galo_thymos,ok
620348,keith_goodman,4,912,,,danbooru_api_no_chinese,low,,https://danbooru.donmai.us/wiki_pages/keith_goodman,ok
1875916,tiki_(adult)_(fire_emblem),4,912,,,danbooru_api_no_chinese,low,,https://danbooru.donmai.us/wiki_pages/tiki_%28adult%29_%28fire_emblem%29,ok
1263716,kiss-shot_acerola-orion_heart-under-blade,4,911,,,danbooru_api_no_chinese,low,,https://danbooru.donmai.us/wiki_pages/kiss-shot_acerola-orion_heart-under-blade,ok
1257904,aino_megumi,4,909,,,danbooru_api_no_chinese,low,,https://danbooru.donmai.us/wiki_pages/aino_megumi,ok
1538828,ingrid_brandl_galatea,4,908,,,danbooru_api_no_chinese,low,,https://danbooru.donmai.us/wiki_pages/ingrid_brandl_galatea,ok
1327418,maria_cadenzavna_eve,4,907,,,danbooru_api_no_chinese,low,,https://danbooru.donmai.us/wiki_pages/maria_cadenzavna_eve,ok
1790618,froggy_nun_(diva),4,907,,,danbooru_api_no_chinese,low,,https://danbooru.donmai.us/wiki_pages/froggy_nun_%28diva%29,ok
1279056,revy_(black_lagoon),4,906,,,danbooru_api_no_chinese,low,,https://danbooru.donmai.us/wiki_pages/revy_%28black_lagoon%29,ok
1823213,arven_(pokemon),4,906,,,danbooru_api_no_chinese,low,,https://danbooru.donmai.us/wiki_pages/arven_%28pokemon%29,ok
1310847,hunter_(bloodborne),4,905,,,danbooru_api_no_chinese,low,,https://danbooru.donmai.us/wiki_pages/hunter_%28bloodborne%29,ok
1572164,luma_(mario),4,904,,,danbooru_api_no_chinese,low,,https://danbooru.donmai.us/wiki_pages/luma_%28mario%29,ok
411757,roy_(fire_emblem),4,903,,,danbooru_api_no_chinese,low,,https://danbooru.donmai.us/wiki_pages/roy_%28fire_emblem%29,ok
1526525,jill_stingray,4,903,,,danbooru_api_no_chinese,low,,https://danbooru.donmai.us/wiki_pages/jill_stingray,ok
890228,alisa_(girls_und_panzer),4,902,,,danbooru_api_no_chinese,low,,https://danbooru.donmai.us/wiki_pages/alisa_%28girls_und_panzer%29,ok
1627523,bradamante_(fate),4,901,,,danbooru_api_no_chinese,low,,https://danbooru.donmai.us/wiki_pages/bradamante_%28fate%29,ok
1610738,island_fox_(kemono_friends),4,901,,,danbooru_api_no_chinese,low,,https://danbooru.donmai.us/wiki_pages/island_fox_%28kemono_friends%29,ok
1478519,cu_chulainn_(caster)_(fate),4,899,,,danbooru_api_no_chinese,low,,https://danbooru.donmai.us/wiki_pages/cu_chulainn_%28caster%29_%28fate%29,ok
1650598,mejiro_ardan_(umamusume),4,899,,,danbooru_api_no_chinese,low,,https://danbooru.donmai.us/wiki_pages/mejiro_ardan_%28umamusume%29,ok
597426,eirika_(fire_emblem),4,898,,,danbooru_api_no_chinese,low,,https://danbooru.donmai.us/wiki_pages/eirika_%28fire_emblem%29,ok
1933111,natsuiro_matsuri_(1st_costume),4,898,,,danbooru_api_no_chinese,low,,https://danbooru.donmai.us/wiki_pages/natsuiro_matsuri_%281st_costume%29,ok
1671353,tarnished_(elden_ring),4,898,,,danbooru_api_no_chinese,low,,https://danbooru.donmai.us/wiki_pages/tarnished_%28elden_ring%29,ok
1637361,pyra_(pro_swimmer)_(xenoblade),4,897,,,danbooru_api_no_chinese,low,,https://danbooru.donmai.us/wiki_pages/pyra_%28pro_swimmer%29_%28xenoblade%29,ok
414192,rx-78-2,4,893,,,danbooru_api_no_chinese,low,,https://danbooru.donmai.us/wiki_pages/rx-78-2,not_found
1235700,seiren_(suite_precure),4,892,,,danbooru_api_no_chinese,low,,https://danbooru.donmai.us/wiki_pages/seiren_%28suite_precure%29,not_found
1976777,mococo_abyssgard_(1st_costume),4,892,,,danbooru_api_no_chinese,low,,https://danbooru.donmai.us/wiki_pages/mococo_abyssgard_%281st_costume%29,ok
1504965,hagoromo_lala,4,891,,,danbooru_api_no_chinese,low,,https://danbooru.donmai.us/wiki_pages/hagoromo_lala,ok
631826,sans,4,890,,,danbooru_api_no_chinese,low,,https://danbooru.donmai.us/wiki_pages/sans,not_found
1390755,cosmog,4,890,,,danbooru_api_no_chinese,low,,https://danbooru.donmai.us/wiki_pages/cosmog,ok
1533411,neo_politan,4,889,,,danbooru_api_no_chinese,low,,https://danbooru.donmai.us/wiki_pages/neo_politan,not_found
14172,rainbow_mika,4,888,,,danbooru_api_no_chinese,low,,https://danbooru.donmai.us/wiki_pages/rainbow_mika,ok
2061500,shirogane_noel_(casual),4,888,,,danbooru_api_no_chinese,low,,https://danbooru.donmai.us/wiki_pages/shirogane_noel_%28casual%29,ok
2068458,nekomata_okayu_(oversized_shirt),4,888,,,danbooru_api_no_chinese,low,,https://danbooru.donmai.us/wiki_pages/nekomata_okayu_%28oversized_shirt%29,ok
1976776,fuwawa_abyssgard_(1st_costume),4,887,,,danbooru_api_no_chinese,low,,https://danbooru.donmai.us/wiki_pages/fuwawa_abyssgard_%281st_costume%29,ok
409295,zack_fair,4,886,,,danbooru_api_no_chinese,low,,https://danbooru.donmai.us/wiki_pages/zack_fair,ok
765367,chrom_(fire_emblem),4,885,,,danbooru_api_no_chinese,low,,https://danbooru.donmai.us/wiki_pages/chrom_%28fire_emblem%29,ok
400139,kaiou_michiru,4,884,,,danbooru_api_no_chinese,low,,https://danbooru.donmai.us/wiki_pages/kaiou_michiru,ok
2004297,yang_guifei_(second_ascension)_(fate),4,884,,,danbooru_api_no_chinese,low,,https://danbooru.donmai.us/wiki_pages/yang_guifei_%28second_ascension%29_%28fate%29,ok
1258956,anna_(frozen),4,883,,,danbooru_api_no_chinese,low,,https://danbooru.donmai.us/wiki_pages/anna_%28frozen%29,ok
1311252,fighter_(granblue_fantasy),4,882,,,danbooru_api_no_chinese,low,,https://danbooru.donmai.us/wiki_pages/fighter_%28granblue_fantasy%29,ok
1378272,alolan_vulpix,4,881,,,danbooru_api_no_chinese,low,,https://danbooru.donmai.us/wiki_pages/alolan_vulpix,ok
657795,cure_sunny,4,879,,,danbooru_api_no_chinese,low,,https://danbooru.donmai.us/wiki_pages/cure_sunny,ok
552918,kaine_(nier),4,877,,,danbooru_api_no_chinese,low,,https://danbooru.donmai.us/wiki_pages/kaine_%28nier%29,ok
1933146,ookami_mio_(1st_costume),4,877,,,danbooru_api_no_chinese,low,,https://danbooru.donmai.us/wiki_pages/ookami_mio_%281st_costume%29,ok
708151,kido_tsubomi,4,875,,,danbooru_api_no_chinese,low,,https://danbooru.donmai.us/wiki_pages/kido_tsubomi,ok
1816469,izuna_(swimsuit)_(blue_archive),4,874,,,danbooru_api_no_chinese,low,,https://danbooru.donmai.us/wiki_pages/izuna_%28swimsuit%29_%28blue_archive%29,ok
1211856,kiki_(majo_no_takkyuubin),4,873,,,danbooru_api_no_chinese,low,,https://danbooru.donmai.us/wiki_pages/kiki_%28majo_no_takkyuubin%29,ok
623899,shirabe_ako,4,873,,,danbooru_api_no_chinese,low,,https://danbooru.donmai.us/wiki_pages/shirabe_ako,ok
1822945,grusha_(pokemon),4,873,,,danbooru_api_no_chinese,low,,https://danbooru.donmai.us/wiki_pages/grusha_%28pokemon%29,ok
467599,takoluka,4,872,,,danbooru_api_no_chinese,low,,https://danbooru.donmai.us/wiki_pages/takoluka,ok
524044,gekota,4,869,,,danbooru_api_no_chinese,low,,https://danbooru.donmai.us/wiki_pages/gekota,ok
1933167,mori_calliope_(1st_costume),4,869,,,danbooru_api_no_chinese,low,,https://danbooru.donmai.us/wiki_pages/mori_calliope_%281st_costume%29,ok
8711,prinny,4,867,,,danbooru_api_no_chinese,low,,https://danbooru.donmai.us/wiki_pages/prinny,ok
422413,altaria,4,865,,,danbooru_api_no_chinese,low,,https://danbooru.donmai.us/wiki_pages/altaria,ok
455510,cure_peach,4,865,,,danbooru_api_no_chinese,low,,https://danbooru.donmai.us/wiki_pages/cure_peach,ok
1441570,natsuki_(doki_doki_literature_club),4,865,,,danbooru_api_no_chinese,low,,https://danbooru.donmai.us/wiki_pages/natsuki_%28doki_doki_literature_club%29,ok
1791907,utsumi_erice,4,865,,,danbooru_api_no_chinese,low,,https://danbooru.donmai.us/wiki_pages/utsumi_erice,ok
1379601,guzma_(pokemon),4,863,,,danbooru_api_no_chinese,low,,https://danbooru.donmai.us/wiki_pages/guzma_%28pokemon%29,ok
1768617,scathach_(piercing_bunny)_(fate),4,862,,,danbooru_api_no_chinese,low,,https://danbooru.donmai.us/wiki_pages/scathach_%28piercing_bunny%29_%28fate%29,ok
602083,laura_bodewig,4,861,,,danbooru_api_no_chinese,low,,https://danbooru.donmai.us/wiki_pages/laura_bodewig,ok
588022,cecilia_alcott,4,860,,,danbooru_api_no_chinese,low,,https://danbooru.donmai.us/wiki_pages/cecilia_alcott,ok
1786499,artoria_caster_(second_ascension)_(fate),4,860,,,danbooru_api_no_chinese,low,,https://danbooru.donmai.us/wiki_pages/artoria_caster_%28second_ascension%29_%28fate%29,ok
2063323,amane_kanata_(work),4,860,,,danbooru_api_no_chinese,low,,https://danbooru.donmai.us/wiki_pages/amane_kanata_%28work%29,ok
491993,chibi_miku,4,859,,,danbooru_api_no_chinese,low,,https://danbooru.donmai.us/wiki_pages/chibi_miku,ok
1408788,brown_bear_(kemono_friends),4,859,,,danbooru_api_no_chinese,low,,https://danbooru.donmai.us/wiki_pages/brown_bear_%28kemono_friends%29,ok
1579297,male_doctor_(arknights),4,858,,,danbooru_api_no_chinese,low,,https://danbooru.donmai.us/wiki_pages/male_doctor_%28arknights%29,ok
1933145,takane_lui_(1st_costume),4,858,,,danbooru_api_no_chinese,low,,https://danbooru.donmai.us/wiki_pages/takane_lui_%281st_costume%29,ok
16164,celes_chere,4,856,,,danbooru_api_no_chinese,low,,https://danbooru.donmai.us/wiki_pages/celes_chere,ok
1124739,angela_balzac,4,856,,,danbooru_api_no_chinese,low,,https://danbooru.donmai.us/wiki_pages/angela_balzac,ok
382135,reinforce_zwei,4,855,,,danbooru_api_no_chinese,low,,https://danbooru.donmai.us/wiki_pages/reinforce_zwei,ok
542843,nina_(fire_emblem),4,855,,,danbooru_api_no_chinese,low,,https://danbooru.donmai.us/wiki_pages/nina_%28fire_emblem%29,ok
1462595,andira_(granblue_fantasy),4,855,,,danbooru_api_no_chinese,low,,https://danbooru.donmai.us/wiki_pages/andira_%28granblue_fantasy%29,ok
1755026,fujimaru_ritsuka_(male)_(polar_chaldea_uniform),4,855,,,danbooru_api_no_chinese,low,,https://danbooru.donmai.us/wiki_pages/fujimaru_ritsuka_%28male%29_%28polar_chaldea_uniform%29,ok
1535101,azki_(hololive),4,855,,,danbooru_api_no_chinese,low,,https://danbooru.donmai.us/wiki_pages/azki_%28hololive%29,ok
1441207,soap_(modern_warfare_2),4,854,,,danbooru_api_no_chinese,low,,https://danbooru.donmai.us/wiki_pages/soap_%28modern_warfare_2%29,ok
700633,ene_(kagerou_project),4,854,,,danbooru_api_no_chinese,low,,https://danbooru.donmai.us/wiki_pages/ene_%28kagerou_project%29,ok
1527238,kiran_(fire_emblem),4,854,,,danbooru_api_no_chinese,low,,https://danbooru.donmai.us/wiki_pages/kiran_%28fire_emblem%29,ok
1261730,elesis_(elsword),4,852,,,danbooru_api_no_chinese,low,,https://danbooru.donmai.us/wiki_pages/elesis_%28elsword%29,ok
445930,lapras,4,851,,,danbooru_api_no_chinese,low,,https://danbooru.donmai.us/wiki_pages/lapras,ok
1527683,yamper,4,850,,,danbooru_api_no_chinese,low,,https://danbooru.donmai.us/wiki_pages/yamper,ok
664406,natalia_(idolmaster),4,849,,,danbooru_api_no_chinese,low,,https://danbooru.donmai.us/wiki_pages/natalia_%28idolmaster%29,ok
1404427,tsuchinoko_(kemono_friends),4,849,,,danbooru_api_no_chinese,low,,https://danbooru.donmai.us/wiki_pages/tsuchinoko_%28kemono_friends%29,ok
652455,maou_(maoyuu),4,848,,,danbooru_api_no_chinese,low,,https://danbooru.donmai.us/wiki_pages/maou_%28maoyuu%29,ok
668312,senkawa_chihiro,4,847,,,danbooru_api_no_chinese,low,,https://danbooru.donmai.us/wiki_pages/senkawa_chihiro,ok
1755030,fujimaru_ritsuka_(female)_(polar_chaldea_uniform),4,847,,,danbooru_api_no_chinese,low,,https://danbooru.donmai.us/wiki_pages/fujimaru_ritsuka_%28female%29_%28polar_chaldea_uniform%29,ok
1505029,leonardo_da_vinci_(rider)_(fate),4,846,,,danbooru_api_no_chinese,low,,https://danbooru.donmai.us/wiki_pages/leonardo_da_vinci_%28rider%29_%28fate%29,ok
1663193,white_rabbit_(alice_in_wonderland),4,844,,,danbooru_api_no_chinese,low,,https://danbooru.donmai.us/wiki_pages/white_rabbit_%28alice_in_wonderland%29,ok
1533069,rhea_(fire_emblem),4,844,,,danbooru_api_no_chinese,low,,https://danbooru.donmai.us/wiki_pages/rhea_%28fire_emblem%29,ok
1643937,sunny_(omori),4,844,,,danbooru_api_no_chinese,low,,https://danbooru.donmai.us/wiki_pages/sunny_%28omori%29,ok
550369,lightning_farron,4,840,,,danbooru_api_no_chinese,low,,https://danbooru.donmai.us/wiki_pages/lightning_farron,ok
1591026,pneuma_(xenoblade),4,840,,,danbooru_api_no_chinese,low,,https://danbooru.donmai.us/wiki_pages/pneuma_%28xenoblade%29,ok
1419237,tanned_cirno,4,839,,,danbooru_api_no_chinese,low,,https://danbooru.donmai.us/wiki_pages/tanned_cirno,ok
555676,makoto_(street_fighter),4,838,,,danbooru_api_no_chinese,low,,https://danbooru.donmai.us/wiki_pages/makoto_%28street_fighter%29,ok
445934,jolteon,4,838,,,danbooru_api_no_chinese,low,,https://danbooru.donmai.us/wiki_pages/jolteon,ok
1370113,sylphiette_(mushoku_tensei),4,836,,,danbooru_api_no_chinese,low,,https://danbooru.donmai.us/wiki_pages/sylphiette_%28mushoku_tensei%29,ok
956365,mew_(pokemon),4,835,,,danbooru_api_no_chinese,low,,https://danbooru.donmai.us/wiki_pages/mew_%28pokemon%29,ok
422506,erika_(pokemon),4,835,,,danbooru_api_no_chinese,low,,https://danbooru.donmai.us/wiki_pages/erika_%28pokemon%29,ok
1686891,friend_(nanashi_mumei),4,835,,,danbooru_api_no_chinese,low,,https://danbooru.donmai.us/wiki_pages/friend_%28nanashi_mumei%29,ok
1875918,tiki_(young)_(fire_emblem),4,834,,,danbooru_api_no_chinese,low,,https://danbooru.donmai.us/wiki_pages/tiki_%28young%29_%28fire_emblem%29,ok
1573721,st._louis_(luxurious_wheels)_(azur_lane),4,834,,,danbooru_api_no_chinese,low,,https://danbooru.donmai.us/wiki_pages/st._louis_%28luxurious_wheels%29_%28azur_lane%29,ok
1992651,hoshimachi_suisei_(school_uniform),4,833,,,danbooru_api_no_chinese,low,,https://danbooru.donmai.us/wiki_pages/hoshimachi_suisei_%28school_uniform%29,not_found
9881,meer_campbell,4,832,,,danbooru_api_no_chinese,low,,https://danbooru.donmai.us/wiki_pages/meer_campbell,ok
1761331,fuecoco,4,832,,,danbooru_api_no_chinese,low,,https://danbooru.donmai.us/wiki_pages/fuecoco,ok
1862559,meowscarada,4,832,,,danbooru_api_no_chinese,low,,https://danbooru.donmai.us/wiki_pages/meowscarada,ok
1933176,oozora_subaru_(1st_costume),4,831,,,danbooru_api_no_chinese,low,,https://danbooru.donmai.us/wiki_pages/oozora_subaru_%281st_costume%29,ok
1933194,omaru_polka_(1st_costume),4,831,,,danbooru_api_no_chinese,low,,https://danbooru.donmai.us/wiki_pages/omaru_polka_%281st_costume%29,ok
1405054,caracal_(kemono_friends),4,830,,,danbooru_api_no_chinese,low,,https://danbooru.donmai.us/wiki_pages/caracal_%28kemono_friends%29,ok
1399945,tanya_degurechaff,4,829,,,danbooru_api_no_chinese,low,,https://danbooru.donmai.us/wiki_pages/tanya_degurechaff,ok
2018079,vert_(neptunia),4,828,,,danbooru_api_no_chinese,low,,https://danbooru.donmai.us/wiki_pages/vert_%28neptunia%29,ok
684942,garry_(ib),4,828,,,danbooru_api_no_chinese,low,,https://danbooru.donmai.us/wiki_pages/garry_%28ib%29,ok
1631262,perth_(kancolle),4,828,,,danbooru_api_no_chinese,low,,https://danbooru.donmai.us/wiki_pages/perth_%28kancolle%29,ok
1629426,mysterious_heroine_x_(fate),4,827,,,danbooru_api_no_chinese,low,,https://danbooru.donmai.us/wiki_pages/mysterious_heroine_x_%28fate%29,ok
1251661,mega_gardevoir,4,827,,,danbooru_api_no_chinese,low,,https://danbooru.donmai.us/wiki_pages/mega_gardevoir,ok
1441569,yuri_(doki_doki_literature_club),4,827,,,danbooru_api_no_chinese,low,,https://danbooru.donmai.us/wiki_pages/yuri_%28doki_doki_literature_club%29,ok
14169,ken_masters,4,826,,,danbooru_api_no_chinese,low,,https://danbooru.donmai.us/wiki_pages/ken_masters,ok
445931,ditto,4,826,,,danbooru_api_no_chinese,low,,https://danbooru.donmai.us/wiki_pages/ditto,ok
1565907,seele_(alter_ego),4,826,,,danbooru_api_no_chinese,low,,https://danbooru.donmai.us/wiki_pages/seele_%28alter_ego%29,ok
1631233,nelson_(kancolle),4,826,,,danbooru_api_no_chinese,low,,https://danbooru.donmai.us/wiki_pages/nelson_%28kancolle%29,ok
1784572,abigail_williams_(swimsuit_foreigner)_(third_ascension)_(fate),4,826,,,danbooru_api_no_chinese,low,,https://danbooru.donmai.us/wiki_pages/abigail_williams_%28swimsuit_foreigner%29_%28third_ascension%29_%28fate%29,ok
722479,fennekin,4,822,,,danbooru_api_no_chinese,low,,https://danbooru.donmai.us/wiki_pages/fennekin,ok
11594,lina_inverse,4,821,,,danbooru_api_no_chinese,low,,https://danbooru.donmai.us/wiki_pages/lina_inverse,ok
538729,cure_moonlight,4,821,,,danbooru_api_no_chinese,low,,https://danbooru.donmai.us/wiki_pages/cure_moonlight,ok
611796,litwick,4,821,,,danbooru_api_no_chinese,low,,https://danbooru.donmai.us/wiki_pages/litwick,ok
1766600,abigail_williams_(third_ascension)_(fate),4,820,,,danbooru_api_no_chinese,low,,https://danbooru.donmai.us/wiki_pages/abigail_williams_%28third_ascension%29_%28fate%29,ok
1765868,jeanne_d'arc_alter_(avenger)_(third_ascension)_(fate),4,819,,,danbooru_api_no_chinese,low,,https://danbooru.donmai.us/wiki_pages/jeanne_d%27arc_alter_%28avenger%29_%28third_ascension%29_%28fate%29,ok
439342,taokaka,4,818,,,danbooru_api_no_chinese,low,,https://danbooru.donmai.us/wiki_pages/taokaka,ok
507427,anegasaki_nene,4,818,,,danbooru_api_no_chinese,low,,https://danbooru.donmai.us/wiki_pages/anegasaki_nene,ok
1405052,moose_(kemono_friends),4,816,,,danbooru_api_no_chinese,low,,https://danbooru.donmai.us/wiki_pages/moose_%28kemono_friends%29,ok
1979031,pekomon_(usada_pekora),4,813,,,danbooru_api_no_chinese,low,,https://danbooru.donmai.us/wiki_pages/pekomon_%28usada_pekora%29,ok
1719451,crow_(la+_darknesss),4,813,,,danbooru_api_no_chinese,low,,https://danbooru.donmai.us/wiki_pages/crow_%28la%2B_darknesss%29,ok
1630689,grecale_(kancolle),4,812,,,danbooru_api_no_chinese,low,,https://danbooru.donmai.us/wiki_pages/grecale_%28kancolle%29,ok
426520,waddle_dee,4,811,,,danbooru_api_no_chinese,low,,https://danbooru.donmai.us/wiki_pages/waddle_dee,ok
1626978,reisen_(touhou_bougetsushou),4,811,,,danbooru_api_no_chinese,low,,https://danbooru.donmai.us/wiki_pages/reisen_%28touhou_bougetsushou%29,ok
1768610,saber_alter_(ver._shinjuku_1999)_(fate),4,811,,,danbooru_api_no_chinese,low,,https://danbooru.donmai.us/wiki_pages/saber_alter_%28ver._shinjuku_1999%29_%28fate%29,not_found
390231,raichu,4,810,,,danbooru_api_no_chinese,low,,https://danbooru.donmai.us/wiki_pages/raichu,ok
410735,mewtwo,4,808,,,danbooru_api_no_chinese,low,,https://danbooru.donmai.us/wiki_pages/mewtwo,ok
790426,ara_haan,4,808,,,danbooru_api_no_chinese,low,,https://danbooru.donmai.us/wiki_pages/ara_haan,ok
1398095,hinatsuru_ai,4,808,,,danbooru_api_no_chinese,low,,https://danbooru.donmai.us/wiki_pages/hinatsuru_ai,ok
8330,hoshino_ruri,4,807,,,danbooru_api_no_chinese,low,,https://danbooru.donmai.us/wiki_pages/hoshino_ruri,ok
516743,lance_(pokemon),4,807,,,danbooru_api_no_chinese,low,,https://danbooru.donmai.us/wiki_pages/lance_%28pokemon%29,ok
1452666,brynhildr_(fate),4,807,,,danbooru_api_no_chinese,low,,https://danbooru.donmai.us/wiki_pages/brynhildr_%28fate%29,not_found
382266,teana_lanster,4,806,,,danbooru_api_no_chinese,low,,https://danbooru.donmai.us/wiki_pages/teana_lanster,ok
445938,snorlax,4,805,,,danbooru_api_no_chinese,low,,https://danbooru.donmai.us/wiki_pages/snorlax,ok
605494,filia_(skullgirls),4,804,,,danbooru_api_no_chinese,low,,https://danbooru.donmai.us/wiki_pages/filia_%28skullgirls%29,ok
1933214,hakos_baelz_(1st_costume),4,804,,,danbooru_api_no_chinese,low,,https://danbooru.donmai.us/wiki_pages/hakos_baelz_%281st_costume%29,ok
406554,latias,4,803,,,danbooru_api_no_chinese,low,,https://danbooru.donmai.us/wiki_pages/latias,ok
1240058,hange_zoe,4,803,,,danbooru_api_no_chinese,low,,https://danbooru.donmai.us/wiki_pages/hange_zoe,ok
1374971,female_protagonist_(pokemon_go),4,803,,,danbooru_api_no_chinese,low,,https://danbooru.donmai.us/wiki_pages/female_protagonist_%28pokemon_go%29,ok
680146,mary_(ib),4,802,,,danbooru_api_no_chinese,low,,https://danbooru.donmai.us/wiki_pages/mary_%28ib%29,ok
1782491,oberon_(third_ascension)_(fate),4,802,,,danbooru_api_no_chinese,low,,https://danbooru.donmai.us/wiki_pages/oberon_%28third_ascension%29_%28fate%29,ok
1388311,elizabeth_bathory_(brave)_(fate),4,801,,,danbooru_api_no_chinese,low,,https://danbooru.donmai.us/wiki_pages/elizabeth_bathory_%28brave%29_%28fate%29,ok
1822926,penny_(pokemon),4,801,,,danbooru_api_no_chinese,low,,https://danbooru.donmai.us/wiki_pages/penny_%28pokemon%29,ok
1764432,jeanne_d'arc_(third_ascension)_(fate),4,799,,,danbooru_api_no_chinese,low,,https://danbooru.donmai.us/wiki_pages/jeanne_d%27arc_%28third_ascension%29_%28fate%29,ok
1475191,aoba_moca,4,797,,,danbooru_api_no_chinese,low,,https://danbooru.donmai.us/wiki_pages/aoba_moca,ok
1438842,emma_verde,4,797,,,danbooru_api_no_chinese,low,,https://danbooru.donmai.us/wiki_pages/emma_verde,ok
1534451,amamiya_kokoro,4,797,,,danbooru_api_no_chinese,low,,https://danbooru.donmai.us/wiki_pages/amamiya_kokoro,ok
1346609,beatrix_(granblue_fantasy),4,795,,,danbooru_api_no_chinese,low,,https://danbooru.donmai.us/wiki_pages/beatrix_%28granblue_fantasy%29,ok
611797,chandelure,4,794,,,danbooru_api_no_chinese,low,,https://danbooru.donmai.us/wiki_pages/chandelure,ok
1627732,paul_bunyan_(fate),4,794,,,danbooru_api_no_chinese,low,,https://danbooru.donmai.us/wiki_pages/paul_bunyan_%28fate%29,ok
410791,king_dedede,4,794,,,danbooru_api_no_chinese,low,,https://danbooru.donmai.us/wiki_pages/king_dedede,ok
1259432,oomori_yuuko,4,793,,,danbooru_api_no_chinese,low,,https://danbooru.donmai.us/wiki_pages/oomori_yuuko,ok
464859,sailor_saturn,4,792,,,danbooru_api_no_chinese,low,,https://danbooru.donmai.us/wiki_pages/sailor_saturn,ok
1401541,izayoi_liko,4,789,,,danbooru_api_no_chinese,low,,https://danbooru.donmai.us/wiki_pages/izayoi_liko,ok
1398812,kobayashi_(maidragon),4,789,,,danbooru_api_no_chinese,low,,https://danbooru.donmai.us/wiki_pages/kobayashi_%28maidragon%29,ok
1413408,small-clawed_otter_(kemono_friends),4,787,,,danbooru_api_no_chinese,low,,https://danbooru.donmai.us/wiki_pages/small-clawed_otter_%28kemono_friends%29,ok
14491,i-no,4,784,,,danbooru_api_no_chinese,low,,https://danbooru.donmai.us/wiki_pages/i-no,ok
1951813,mudrock_(elite_ii)_(arknights),4,783,,,danbooru_api_no_chinese,low,,https://danbooru.donmai.us/wiki_pages/mudrock_%28elite_ii%29_%28arknights%29,ok
1675745,petra_gurin,4,782,,,danbooru_api_no_chinese,low,,https://danbooru.donmai.us/wiki_pages/petra_gurin,ok
702015,matoi_(pso2),4,781,,,danbooru_api_no_chinese,low,,https://danbooru.donmai.us/wiki_pages/matoi_%28pso2%29,ok
15724,riza_hawkeye,4,780,,,danbooru_api_no_chinese,low,,https://danbooru.donmai.us/wiki_pages/riza_hawkeye,ok
601752,milla_maxwell,4,780,,,danbooru_api_no_chinese,low,,https://danbooru.donmai.us/wiki_pages/milla_maxwell,ok
1615566,usa-chan_(idolmaster),4,778,,,danbooru_api_no_chinese,low,,https://danbooru.donmai.us/wiki_pages/usa-chan_%28idolmaster%29,ok
1203675,melia_antiqua,4,778,,,danbooru_api_no_chinese,low,,https://danbooru.donmai.us/wiki_pages/melia_antiqua,ok
1277652,yuuri_(shoujo_shuumatsu_ryokou),4,778,,,danbooru_api_no_chinese,low,,https://danbooru.donmai.us/wiki_pages/yuuri_%28shoujo_shuumatsu_ryokou%29,ok
1299400,haruno_haruka,4,778,,,danbooru_api_no_chinese,low,,https://danbooru.donmai.us/wiki_pages/haruno_haruka,ok
1420709,hadou_nejire,4,777,,,danbooru_api_no_chinese,low,,https://danbooru.donmai.us/wiki_pages/hadou_nejire,not_found
427882,bazett_fraga_mcremitz,4,776,,,danbooru_api_no_chinese,low,,https://danbooru.donmai.us/wiki_pages/bazett_fraga_mcremitz,ok
566218,platinum_the_trinity,4,776,,,danbooru_api_no_chinese,low,,https://danbooru.donmai.us/wiki_pages/platinum_the_trinity,ok
1515003,rena_erindel,4,775,,,danbooru_api_no_chinese,low,,https://danbooru.donmai.us/wiki_pages/rena_erindel,ok
1249877,iori_rinko,4,774,,,danbooru_api_no_chinese,low,,https://danbooru.donmai.us/wiki_pages/iori_rinko,ok
2061468,oozora_subaru_(work),4,774,,,danbooru_api_no_chinese,low,,https://danbooru.donmai.us/wiki_pages/oozora_subaru_%28work%29,not_found
1441502,chito_(shoujo_shuumatsu_ryokou),4,773,,,danbooru_api_no_chinese,low,,https://danbooru.donmai.us/wiki_pages/chito_%28shoujo_shuumatsu_ryokou%29,ok
16204,agrias_oaks,4,772,,,danbooru_api_no_chinese,low,,https://danbooru.donmai.us/wiki_pages/agrias_oaks,ok
1249308,greninja,4,772,,,danbooru_api_no_chinese,low,,https://danbooru.donmai.us/wiki_pages/greninja,ok
1783171,meltryllis_(swimsuit_lancer)_(second_ascension)_(fate),4,771,,,danbooru_api_no_chinese,low,,https://danbooru.donmai.us/wiki_pages/meltryllis_%28swimsuit_lancer%29_%28second_ascension%29_%28fate%29,ok
2061491,gawr_gura_(casual),4,770,,,danbooru_api_no_chinese,low,,https://danbooru.donmai.us/wiki_pages/gawr_gura_%28casual%29,ok
1674016,manya_(dq4),4,768,,,danbooru_api_no_chinese,low,,https://danbooru.donmai.us/wiki_pages/manya_%28dq4%29,ok
419659,rita_mordio,4,768,,,danbooru_api_no_chinese,low,,https://danbooru.donmai.us/wiki_pages/rita_mordio,ok
444238,drifloon,4,767,,,danbooru_api_no_chinese,low,,https://danbooru.donmai.us/wiki_pages/drifloon,ok
1245116,ri-class_heavy_cruiser,4,767,,,danbooru_api_no_chinese,low,,https://danbooru.donmai.us/wiki_pages/ri-class_heavy_cruiser,ok
466150,yuri_sakazaki,4,762,,,danbooru_api_no_chinese,low,,https://danbooru.donmai.us/wiki_pages/yuri_sakazaki,ok
523901,shinonome_nano,4,762,,,danbooru_api_no_chinese,low,,https://danbooru.donmai.us/wiki_pages/shinonome_nano,ok
1449525,phosphophyllite_(ll),4,762,,,danbooru_api_no_chinese,low,,https://danbooru.donmai.us/wiki_pages/phosphophyllite_%28ll%29,ok
1934879,k1-b0,4,761,,,danbooru_api_no_chinese,low,,https://danbooru.donmai.us/wiki_pages/k1-b0,ok
1565905,bianka_durandal_ataegina,4,760,,,danbooru_api_no_chinese,low,,https://danbooru.donmai.us/wiki_pages/bianka_durandal_ataegina,not_found
1631060,janus_(kancolle),4,758,,,danbooru_api_no_chinese,low,,https://danbooru.donmai.us/wiki_pages/janus_%28kancolle%29,ok
445904,gastly,4,757,,,danbooru_api_no_chinese,low,,https://danbooru.donmai.us/wiki_pages/gastly,ok
462002,flygon,4,756,,,danbooru_api_no_chinese,low,,https://danbooru.donmai.us/wiki_pages/flygon,ok
450993,milotic,4,754,,,danbooru_api_no_chinese,low,,https://danbooru.donmai.us/wiki_pages/milotic,ok
13993,ky_kiske,4,753,,,danbooru_api_no_chinese,low,,https://danbooru.donmai.us/wiki_pages/ky_kiske,ok
1781830,jeanne_d'arc_(swimsuit_archer)_(first_ascension)_(fate),4,753,,,danbooru_api_no_chinese,low,,https://danbooru.donmai.us/wiki_pages/jeanne_d%27arc_%28swimsuit_archer%29_%28first_ascension%29_%28fate%29,ok
695974,roxie_(pokemon),4,753,,,danbooru_api_no_chinese,low,,https://danbooru.donmai.us/wiki_pages/roxie_%28pokemon%29,ok
462261,nikka_edvardine_katajainen,4,752,,,danbooru_api_no_chinese,low,,https://danbooru.donmai.us/wiki_pages/nikka_edvardine_katajainen,ok
716715,cure_heart,4,752,,,danbooru_api_no_chinese,low,,https://danbooru.donmai.us/wiki_pages/cure_heart,ok
1228013,regina_(dokidoki!_precure),4,751,,,danbooru_api_no_chinese,low,,https://danbooru.donmai.us/wiki_pages/regina_%28dokidoki%21_precure%29,not_found
8108,piccolo,4,748,,,danbooru_api_no_chinese,low,,https://danbooru.donmai.us/wiki_pages/piccolo,ok
1281005,naomi_(girls_und_panzer),4,748,,,danbooru_api_no_chinese,low,,https://danbooru.donmai.us/wiki_pages/naomi_%28girls_und_panzer%29,ok
449290,dragonite,4,747,,,danbooru_api_no_chinese,low,,https://danbooru.donmai.us/wiki_pages/dragonite,ok
1416572,nanami_yachiyo,4,747,,,danbooru_api_no_chinese,low,,https://danbooru.donmai.us/wiki_pages/nanami_yachiyo,ok
1496591,nikaidou_saki,4,747,,,danbooru_api_no_chinese,low,,https://danbooru.donmai.us/wiki_pages/nikaidou_saki,ok
1400058,satanichia_kurumizawa_mcdowell,4,745,,,danbooru_api_no_chinese,low,,https://danbooru.donmai.us/wiki_pages/satanichia_kurumizawa_mcdowell,ok
1790615,spicy_nun_(diva),4,744,,,danbooru_api_no_chinese,low,,https://danbooru.donmai.us/wiki_pages/spicy_nun_%28diva%29,ok
2003721,mori_calliope_(streetwear),4,743,,,danbooru_api_no_chinese,low,,https://danbooru.donmai.us/wiki_pages/mori_calliope_%28streetwear%29,ok
1885929,nijigaoka_mashiro,4,743,,,danbooru_api_no_chinese,low,,https://danbooru.donmai.us/wiki_pages/nijigaoka_mashiro,ok
466172,bartz_klauser,4,742,,,danbooru_api_no_chinese,low,,https://danbooru.donmai.us/wiki_pages/bartz_klauser,ok
1431868,nitocris_(swimsuit_assassin)_(fate),4,742,,,danbooru_api_no_chinese,low,,https://danbooru.donmai.us/wiki_pages/nitocris_%28swimsuit_assassin%29_%28fate%29,ok
445875,psyduck,4,740,,,danbooru_api_no_chinese,low,,https://danbooru.donmai.us/wiki_pages/psyduck,ok
445864,clefairy,4,740,,,danbooru_api_no_chinese,low,,https://danbooru.donmai.us/wiki_pages/clefairy,ok
1645753,roll_caskett_(mega_man),4,739,,,danbooru_api_no_chinese,low,,https://danbooru.donmai.us/wiki_pages/roll_caskett_%28mega_man%29,ok
1627625,lavinia_whateley_(fate),4,739,,,danbooru_api_no_chinese,low,,https://danbooru.donmai.us/wiki_pages/lavinia_whateley_%28fate%29,ok
1333463,beatrice_(re:zero),4,738,,,danbooru_api_no_chinese,low,,https://danbooru.donmai.us/wiki_pages/beatrice_%28re%3Azero%29,ok
427478,fudou_yuusei,4,737,,,danbooru_api_no_chinese,low,,https://danbooru.donmai.us/wiki_pages/fudou_yuusei,not_found
593801,cure_rhythm,4,734,,,danbooru_api_no_chinese,low,,https://danbooru.donmai.us/wiki_pages/cure_rhythm,ok
1346345,takimoto_hifumi,4,733,,,danbooru_api_no_chinese,low,,https://danbooru.donmai.us/wiki_pages/takimoto_hifumi,ok
1693731,mash_kyrielight_(swimsuit_of_perpetual_summer),4,732,,,danbooru_api_no_chinese,low,,https://danbooru.donmai.us/wiki_pages/mash_kyrielight_%28swimsuit_of_perpetual_summer%29,ok
1491428,takamiya_rion,4,732,,,danbooru_api_no_chinese,low,,https://danbooru.donmai.us/wiki_pages/takamiya_rion,ok
520900,sf-a2_miki,4,731,,,danbooru_api_no_chinese,low,,https://danbooru.donmai.us/wiki_pages/sf-a2_miki,ok
408937,young_link,4,730,,,danbooru_api_no_chinese,low,,https://danbooru.donmai.us/wiki_pages/young_link,ok
690136,touhoku_zunko,4,730,,,danbooru_api_no_chinese,low,,https://danbooru.donmai.us/wiki_pages/touhoku_zunko,ok
1508806,julia_(fire_emblem),4,728,,,danbooru_api_no_chinese,low,,https://danbooru.donmai.us/wiki_pages/julia_%28fire_emblem%29,ok
2018045,black_heart_(neptunia),4,728,,,danbooru_api_no_chinese,low,,https://danbooru.donmai.us/wiki_pages/black_heart_%28neptunia%29,ok
1528912,takumi_(fire_emblem),4,727,,,danbooru_api_no_chinese,low,,https://danbooru.donmai.us/wiki_pages/takumi_%28fire_emblem%29,ok
1538827,mercedes_von_martritz,4,727,,,danbooru_api_no_chinese,low,,https://danbooru.donmai.us/wiki_pages/mercedes_von_martritz,ok
2057377,shiori_novella_(1st_costume),4,727,,,danbooru_api_no_chinese,low,,https://danbooru.donmai.us/wiki_pages/shiori_novella_%281st_costume%29,ok
1527178,elise_(fire_emblem),4,724,,,danbooru_api_no_chinese,low,,https://danbooru.donmai.us/wiki_pages/elise_%28fire_emblem%29,ok
31266,roy_mustang,4,723,,,danbooru_api_no_chinese,low,,https://danbooru.donmai.us/wiki_pages/roy_mustang,ok
1343981,mikumo_guynemer,4,722,,,danbooru_api_no_chinese,low,,https://danbooru.donmai.us/wiki_pages/mikumo_guynemer,ok
1906528,carmine_(pokemon),4,720,,,danbooru_api_no_chinese,low,,https://danbooru.donmai.us/wiki_pages/carmine_%28pokemon%29,ok
1387122,mordred_(swimsuit_rider)_(fate),4,718,,,danbooru_api_no_chinese,low,,https://danbooru.donmai.us/wiki_pages/mordred_%28swimsuit_rider%29_%28fate%29,ok
1408392,golden_snub-nosed_monkey_(kemono_friends),4,717,,,danbooru_api_no_chinese,low,,https://danbooru.donmai.us/wiki_pages/golden_snub-nosed_monkey_%28kemono_friends%29,ok
1627172,viy_(fate),4,717,,,danbooru_api_no_chinese,low,,https://danbooru.donmai.us/wiki_pages/viy_%28fate%29,ok
1765330,elizabeth_bathory_(first_ascension)_(fate),4,716,,,danbooru_api_no_chinese,low,,https://danbooru.donmai.us/wiki_pages/elizabeth_bathory_%28first_ascension%29_%28fate%29,ok
2041948,hoshimachi_suisei_(streetwear),4,716,,,danbooru_api_no_chinese,low,,https://danbooru.donmai.us/wiki_pages/hoshimachi_suisei_%28streetwear%29,not_found
496529,touwa_erio,4,714,,,danbooru_api_no_chinese,low,,https://danbooru.donmai.us/wiki_pages/touwa_erio,ok
1450276,cutlass_(girls_und_panzer),4,714,,,danbooru_api_no_chinese,low,,https://danbooru.donmai.us/wiki_pages/cutlass_%28girls_und_panzer%29,ok
1705076,rosa_(tears_of_themis),4,714,,,danbooru_api_no_chinese,low,,https://danbooru.donmai.us/wiki_pages/rosa_%28tears_of_themis%29,ok
408664,pachirisu,4,713,,,danbooru_api_no_chinese,low,,https://danbooru.donmai.us/wiki_pages/pachirisu,ok
1285963,alena_(dq4),4,712,,,danbooru_api_no_chinese,low,,https://danbooru.donmai.us/wiki_pages/alena_%28dq4%29,ok
1237658,error_musume,4,709,,,danbooru_api_no_chinese,low,,https://danbooru.donmai.us/wiki_pages/error_musume,ok
1629339,gray_(fate),4,709,,,danbooru_api_no_chinese,low,,https://danbooru.donmai.us/wiki_pages/gray_%28fate%29,ok
1627758,scheherazade_(fate),4,709,,,danbooru_api_no_chinese,low,,https://danbooru.donmai.us/wiki_pages/scheherazade_%28fate%29,ok
1694419,douki-chan_(douki-chan),4,708,,,danbooru_api_no_chinese,low,,https://danbooru.donmai.us/wiki_pages/douki-chan_%28douki-chan%29,ok
405335,olimar,4,707,,,danbooru_api_no_chinese,low,,https://danbooru.donmai.us/wiki_pages/olimar,ok
1337509,freyja_wion,4,706,,,danbooru_api_no_chinese,low,,https://danbooru.donmai.us/wiki_pages/freyja_wion,ok
2061489,takanashi_kiara_(casual),4,706,,,danbooru_api_no_chinese,low,,https://danbooru.donmai.us/wiki_pages/takanashi_kiara_%28casual%29,ok
1837736,saren_(summer)_(princess_connect!),4,706,,,danbooru_api_no_chinese,low,,https://danbooru.donmai.us/wiki_pages/saren_%28summer%29_%28princess_connect%21%29,ok
1327917,yuel_(granblue_fantasy),4,704,,,danbooru_api_no_chinese,low,,https://danbooru.donmai.us/wiki_pages/yuel_%28granblue_fantasy%29,ok
1520873,murosaki_miyo,4,704,,,danbooru_api_no_chinese,low,,https://danbooru.donmai.us/wiki_pages/murosaki_miyo,ok
544079,barry_(pokemon),4,703,,,danbooru_api_no_chinese,low,,https://danbooru.donmai.us/wiki_pages/barry_%28pokemon%29,ok
480982,asbel_lhant,4,703,,,danbooru_api_no_chinese,low,,https://danbooru.donmai.us/wiki_pages/asbel_lhant,ok
1233901,sophie_(tales),4,703,,,danbooru_api_no_chinese,low,,https://danbooru.donmai.us/wiki_pages/sophie_%28tales%29,ok
1530109,alcremie,4,702,,,danbooru_api_no_chinese,low,,https://danbooru.donmai.us/wiki_pages/alcremie,ok
4516,poring,4,701,,,danbooru_api_no_chinese,low,,https://danbooru.donmai.us/wiki_pages/poring,ok
1641409,ingrid_(capcom),4,701,,,danbooru_api_no_chinese,low,,https://danbooru.donmai.us/wiki_pages/ingrid_%28capcom%29,ok
381037,minazuki_karen,4,700,,,danbooru_api_no_chinese,low,,https://danbooru.donmai.us/wiki_pages/minazuki_karen,ok
1400388,olga_marie_animusphere,4,699,,,danbooru_api_no_chinese,low,,https://danbooru.donmai.us/wiki_pages/olga_marie_animusphere,ok
575935,mishaguji,4,698,,,danbooru_api_no_chinese,low,,https://danbooru.donmai.us/wiki_pages/mishaguji,ok
1441568,sayori_(doki_doki_literature_club),4,698,,,danbooru_api_no_chinese,low,,https://danbooru.donmai.us/wiki_pages/sayori_%28doki_doki_literature_club%29,ok
1692320,nemo_(fate),4,698,,,danbooru_api_no_chinese,low,,https://danbooru.donmai.us/wiki_pages/nemo_%28fate%29,ok
497689,cheria_barnes,4,697,,,danbooru_api_no_chinese,low,,https://danbooru.donmai.us/wiki_pages/cheria_barnes,ok
717138,cure_sword,4,696,,,danbooru_api_no_chinese,low,,https://danbooru.donmai.us/wiki_pages/cure_sword,ok
1296576,kirishima_eijirou,4,695,,,danbooru_api_no_chinese,low,,https://danbooru.donmai.us/wiki_pages/kirishima_eijirou,not_found
1825540,shiver_(splatoon),4,695,,,danbooru_api_no_chinese,low,,https://danbooru.donmai.us/wiki_pages/shiver_%28splatoon%29,ok
1434774,uehara_himari,4,694,,,danbooru_api_no_chinese,low,,https://danbooru.donmai.us/wiki_pages/uehara_himari,ok
1596529,bubba_(watson_amelia),4,694,,,danbooru_api_no_chinese,low,,https://danbooru.donmai.us/wiki_pages/bubba_%28watson_amelia%29,ok
1545621,astolfo_(saber)_(fate),4,692,,,danbooru_api_no_chinese,low,,https://danbooru.donmai.us/wiki_pages/astolfo_%28saber%29_%28fate%29,ok
1697525,arezu_(pokemon),4,691,,,danbooru_api_no_chinese,low,,https://danbooru.donmai.us/wiki_pages/arezu_%28pokemon%29,ok
433613,sailor_chibi_moon,4,690,,,danbooru_api_no_chinese,low,,https://danbooru.donmai.us/wiki_pages/sailor_chibi_moon,ok
1677248,lain_paterson,4,690,,,danbooru_api_no_chinese,low,,https://danbooru.donmai.us/wiki_pages/lain_paterson,ok
1564454,subaru_duck,4,689,,,danbooru_api_no_chinese,low,,https://danbooru.donmai.us/wiki_pages/subaru_duck,ok
1560546,chocola_(nekopara),4,688,,,danbooru_api_no_chinese,low,,https://danbooru.donmai.us/wiki_pages/chocola_%28nekopara%29,ok
404919,soldier_(dq3),4,686,,,danbooru_api_no_chinese,low,,https://danbooru.donmai.us/wiki_pages/soldier_%28dq3%29,not_found
1525774,wooloo,4,686,,,danbooru_api_no_chinese,low,,https://danbooru.donmai.us/wiki_pages/wooloo,ok
1724456,volo_(pokemon),4,686,,,danbooru_api_no_chinese,low,,https://danbooru.donmai.us/wiki_pages/volo_%28pokemon%29,ok
1782757,kama_(first_ascension)_(fate),4,685,,,danbooru_api_no_chinese,low,,https://danbooru.donmai.us/wiki_pages/kama_%28first_ascension%29_%28fate%29,not_found
2018078,uni_(neptunia),4,684,,,danbooru_api_no_chinese,low,,https://danbooru.donmai.us/wiki_pages/uni_%28neptunia%29,ok
1528887,grima_(fire_emblem),4,683,,,danbooru_api_no_chinese,low,,https://danbooru.donmai.us/wiki_pages/grima_%28fire_emblem%29,not_found
1768854,mysterious_heroine_x_alter_(first_ascension)_(fate),4,683,,,danbooru_api_no_chinese,low,,https://danbooru.donmai.us/wiki_pages/mysterious_heroine_x_alter_%28first_ascension%29_%28fate%29,ok
1619673,puru-see_(hoshizuki_(seigetsu)),4,682,,,danbooru_api_no_chinese,low,,https://danbooru.donmai.us/wiki_pages/puru-see_%28hoshizuki_%28seigetsu%29%29,ok
658080,ikusaba_mukuro,4,679,,,danbooru_api_no_chinese,low,,https://danbooru.donmai.us/wiki_pages/ikusaba_mukuro,ok
437351,morishima_haruka,4,678,,,danbooru_api_no_chinese,low,,https://danbooru.donmai.us/wiki_pages/morishima_haruka,ok
1520878,oka_asahi,4,678,,,danbooru_api_no_chinese,low,,https://danbooru.donmai.us/wiki_pages/oka_asahi,ok
1686868,mr._squeaks_(hakos_baelz),4,674,,,danbooru_api_no_chinese,low,,https://danbooru.donmai.us/wiki_pages/mr._squeaks_%28hakos_baelz%29,ok
1971286,ui_(swimsuit)_(blue_archive),4,674,,,danbooru_api_no_chinese,low,,https://danbooru.donmai.us/wiki_pages/ui_%28swimsuit%29_%28blue_archive%29,ok
1836895,karyl_(summer)_(princess_connect!),4,673,,,danbooru_api_no_chinese,low,,https://danbooru.donmai.us/wiki_pages/karyl_%28summer%29_%28princess_connect%21%29,ok
1315625,adult_neptune,4,672,,,danbooru_api_no_chinese,low,,https://danbooru.donmai.us/wiki_pages/adult_neptune,ok
1695582,laura_la_mer,4,672,,,danbooru_api_no_chinese,low,,https://danbooru.donmai.us/wiki_pages/laura_la_mer,ok
1493140,red_pikmin,4,669,,,danbooru_api_no_chinese,low,,https://danbooru.donmai.us/wiki_pages/red_pikmin,ok
1257848,hoshimiya_kate,4,669,,,danbooru_api_no_chinese,low,,https://danbooru.donmai.us/wiki_pages/hoshimiya_kate,ok
1933135,akai_haato_(1st_costume),4,669,,,danbooru_api_no_chinese,low,,https://danbooru.donmai.us/wiki_pages/akai_haato_%281st_costume%29,ok
1376985,roger_(guilty_gear),4,668,,,danbooru_api_no_chinese,low,,https://danbooru.donmai.us/wiki_pages/roger_%28guilty_gear%29,ok
1933187,kureiji_ollie_(1st_costume),4,667,,,danbooru_api_no_chinese,low,,https://danbooru.donmai.us/wiki_pages/kureiji_ollie_%281st_costume%29,ok
422385,wingull,4,666,,,danbooru_api_no_chinese,low,,https://danbooru.donmai.us/wiki_pages/wingull,ok
1409004,african_wild_dog_(kemono_friends),4,665,,,danbooru_api_no_chinese,low,,https://danbooru.donmai.us/wiki_pages/african_wild_dog_%28kemono_friends%29,ok
1930563,nekomata_okayu_(3rd_costume),4,665,,,danbooru_api_no_chinese,low,,https://danbooru.donmai.us/wiki_pages/nekomata_okayu_%283rd_costume%29,not_found
1396665,medusa_(lancer)_(fate),4,664,,,danbooru_api_no_chinese,low,,https://danbooru.donmai.us/wiki_pages/medusa_%28lancer%29_%28fate%29,ok
1286003,alice_cartelet,4,663,,,danbooru_api_no_chinese,low,,https://danbooru.donmai.us/wiki_pages/alice_cartelet,ok
1368529,vyrn_(granblue_fantasy),4,662,,,danbooru_api_no_chinese,low,,https://danbooru.donmai.us/wiki_pages/vyrn_%28granblue_fantasy%29,ok
1627881,skadi_(waverider)_(arknights),4,660,,,danbooru_api_no_chinese,low,,https://danbooru.donmai.us/wiki_pages/skadi_%28waverider%29_%28arknights%29,ok
1480768,siro_(dennou_shoujo_youtuber_siro),4,659,,,danbooru_api_no_chinese,low,,https://danbooru.donmai.us/wiki_pages/siro_%28dennou_shoujo_youtuber_siro%29,not_found
1532745,sothis_(fire_emblem),4,658,,,danbooru_api_no_chinese,low,,https://danbooru.donmai.us/wiki_pages/sothis_%28fire_emblem%29,ok
1528696,nui_sociere,4,658,,,danbooru_api_no_chinese,low,,https://danbooru.donmai.us/wiki_pages/nui_sociere,ok
1724570,adaman_(pokemon),4,657,,,danbooru_api_no_chinese,low,,https://danbooru.donmai.us/wiki_pages/adaman_%28pokemon%29,ok
1326283,jeanne_d'arc_(granblue_fantasy),4,656,,,danbooru_api_no_chinese,low,,https://danbooru.donmai.us/wiki_pages/jeanne_d%27arc_%28granblue_fantasy%29,ok
1396666,gilgamesh_(caster)_(fate),4,656,,,danbooru_api_no_chinese,low,,https://danbooru.donmai.us/wiki_pages/gilgamesh_%28caster%29_%28fate%29,ok
1631369,south_dakota_(kancolle),4,655,,,danbooru_api_no_chinese,low,,https://danbooru.donmai.us/wiki_pages/south_dakota_%28kancolle%29,ok
1325649,hacka_doll_3,4,654,,,danbooru_api_no_chinese,low,,https://danbooru.donmai.us/wiki_pages/hacka_doll_3,ok
1535934,falin_thorden,4,654,,,danbooru_api_no_chinese,low,,https://danbooru.donmai.us/wiki_pages/falin_thorden,not_found
1482584,xenovia_quarta,4,650,,,danbooru_api_no_chinese,low,,https://danbooru.donmai.us/wiki_pages/xenovia_quarta,ok
1977084,baobhan_sith_(first_ascension)_(fate),4,646,,,danbooru_api_no_chinese,low,,https://danbooru.donmai.us/wiki_pages/baobhan_sith_%28first_ascension%29_%28fate%29,ok
722673,yukimura_aoi,4,644,,,danbooru_api_no_chinese,low,,https://danbooru.donmai.us/wiki_pages/yukimura_aoi,ok
1504963,hoshina_hikaru,4,643,,,danbooru_api_no_chinese,low,,https://danbooru.donmai.us/wiki_pages/hoshina_hikaru,ok
1322176,silva_(granblue_fantasy),4,642,,,danbooru_api_no_chinese,low,,https://danbooru.donmai.us/wiki_pages/silva_%28granblue_fantasy%29,ok
1538826,annette_fantine_dominic,4,641,,,danbooru_api_no_chinese,low,,https://danbooru.donmai.us/wiki_pages/annette_fantine_dominic,ok
1781831,jeanne_d'arc_(swimsuit_archer)_(second_ascension)_(fate),4,640,,,danbooru_api_no_chinese,low,,https://danbooru.donmai.us/wiki_pages/jeanne_d%27arc_%28swimsuit_archer%29_%28second_ascension%29_%28fate%29,ok
2039803,murasaki_shion_(gothic_lolita),4,638,,,danbooru_api_no_chinese,low,,https://danbooru.donmai.us/wiki_pages/murasaki_shion_%28gothic_lolita%29,ok
1535933,laios_thorden,4,636,,,danbooru_api_no_chinese,low,,https://danbooru.donmai.us/wiki_pages/laios_thorden,not_found
1627784,valkyrie_(fate),4,636,,,danbooru_api_no_chinese,low,,https://danbooru.donmai.us/wiki_pages/valkyrie_%28fate%29,ok
1523150,bokukawauso,4,634,,,danbooru_api_no_chinese,low,,https://danbooru.donmai.us/wiki_pages/bokukawauso,ok
1255892,cure_lovely,4,633,,,danbooru_api_no_chinese,low,,https://danbooru.donmai.us/wiki_pages/cure_lovely,ok
1600200,wuxian_(the_legend_of_luoxiaohei),4,633,,,danbooru_api_no_chinese,low,,https://danbooru.donmai.us/wiki_pages/wuxian_%28the_legend_of_luoxiaohei%29,not_found
1686625,conte_di_cavour_(kancolle),4,633,,,danbooru_api_no_chinese,low,,https://danbooru.donmai.us/wiki_pages/conte_di_cavour_%28kancolle%29,ok
710628,asuna_(sao-alo),4,632,,,danbooru_api_no_chinese,low,,https://danbooru.donmai.us/wiki_pages/asuna_%28sao-alo%29,ok
1312417,muppo,4,631,,,danbooru_api_no_chinese,low,,https://danbooru.donmai.us/wiki_pages/muppo,ok
1931154,uruha_rushia_(3rd_costume),4,629,,,danbooru_api_no_chinese,low,,https://danbooru.donmai.us/wiki_pages/uruha_rushia_%283rd_costume%29,ok
1886371,cure_sky,4,627,,,danbooru_api_no_chinese,low,,https://danbooru.donmai.us/wiki_pages/cure_sky,ok
1251357,diamond_(houseki_no_kuni),4,626,,,danbooru_api_no_chinese,low,,https://danbooru.donmai.us/wiki_pages/diamond_%28houseki_no_kuni%29,ok
1598263,neko_(minato_aqua),4,626,,,danbooru_api_no_chinese,low,,https://danbooru.donmai.us/wiki_pages/neko_%28minato_aqua%29,ok
1639085,kinugasa_kai_ni_(kancolle),4,625,,,danbooru_api_no_chinese,low,,https://danbooru.donmai.us/wiki_pages/kinugasa_kai_ni_%28kancolle%29,ok
1340823,asirpa,4,618,,,danbooru_api_no_chinese,low,,https://danbooru.donmai.us/wiki_pages/asirpa,ok
1504669,tsujino_akari,4,614,,,danbooru_api_no_chinese,low,,https://danbooru.donmai.us/wiki_pages/tsujino_akari,ok
1533772,uzuki_sayaka,4,607,,,danbooru_api_no_chinese,low,,https://danbooru.donmai.us/wiki_pages/uzuki_sayaka,ok
1533771,kumada_masaru,4,600,,,danbooru_api_no_chinese,low,,https://danbooru.donmai.us/wiki_pages/kumada_masaru,ok
