tag,count,zh_name,confidence,note
official_alternate_costume,225665,官方替换服装,medium,自动拆词组合，建议校对语序
striped_clothes,198065,条纹服装,medium,自动拆词组合，建议校对语序
rabbit_ears,189631,兔子耳朵,medium,自动拆词组合，建议校对语序
dark-skinned_female,146761,深色皮肤女性,medium,自动拆词组合，建议校对语序
completely_nude,142366,完全裸体,medium,自动拆词组合，建议校对语序
black_pantyhose,141072,黑色连裤袜,medium,自动拆词组合，建议校对语序
hand_on_own_hip,125620,手在自己的臀部,medium,自动拆词组合，建议校对语序
loli,124937,萝莉,high,
clothing_cutout,121589,服装开洞,medium,自动拆词组合，建议校对语序
muscular,112819,肌肉发达,medium,自动拆词组合，建议校对语序
upper_teeth_only,104994,上牙齿仅,medium,自动拆词组合，建议校对语序
colored_skin,98305,有色皮肤,medium,自动拆词组合，建议校对语序
side-tie_bikini_bottom,83802,侧边系带比基尼下装,medium,自动拆词组合，建议校对语序
playboy_bunny,82752,花花公子兔女郎,high,
white_socks,80206,白色袜子,medium,自动拆词组合，建议校对语序
female_pubic_hair,75433,女性阴部头发,medium,自动拆词组合，建议校对语序
muscular_male,75109,肌肉发达男性,medium,自动拆词组合，建议校对语序
dark-skinned_male,70557,深色皮肤男性,medium,自动拆词组合，建议校对语序
black_socks,66442,黑色袜子,medium,自动拆词组合，建议校对语序
single_hair_bun,61221,单个头发发髻,medium,自动拆词组合，建议校对语序
grabbing_another's_breast,58320,抓住他人的乳房,medium,自动拆词组合，建议校对语序
bug,56981,虫,medium,自动拆词组合，建议校对语序
red_necktie,56695,红色领带,medium,自动拆词组合，建议校对语序
breasts_out,55592,乳房露出,medium,自动拆词组合，建议校对语序
aged_down,55292,年龄变小,medium,自动拆词组合，建议校对语序
?,53804,？,high,符号表情标签
striped_thighhighs,51920,条纹长筒袜,medium,自动拆词组合，建议校对语序
rabbit_tail,51013,兔子尾巴,medium,自动拆词组合，建议校对语序
red_bowtie,50092,红色领结,medium,自动拆词组合，建议校对语序
^^^,46548,^^^,medium,符号/表情标签
black_necktie,46085,黑色领带,medium,自动拆词组合，建议校对语序
covering_privates,41756,遮住私处,medium,自动拆词组合，建议校对语序
scar_on_face,41520,伤疤在脸,medium,自动拆词组合，建议校对语序
large_pectorals,40876,大胸肌,medium,自动拆词组合，建议校对语序
red_neckerchief,38847,红色领巾,medium,自动拆词组合，建议校对语序
white_pantyhose,38001,白色连裤袜,medium,自动拆词组合，建议校对语序
hand_fan,37751,手扇子,medium,自动拆词组合，建议校对语序
clothing_aside,37048,服装拨开,medium,自动拆词组合，建议校对语序
neck_bell,36305,脖子铃铛,medium,自动拆词组合，建议校对语序
bikini_top_only,34879,比基尼上装仅,medium,自动拆词组合，建议校对语序
colored_sclera,34468,有色巩膜,medium,自动拆词组合，建议校对语序
blue_necktie,32614,蓝色领带,medium,自动拆词组合，建议校对语序
topless_male,31321,上身裸露男性,medium,自动拆词组合，建议校对语序
swim_ring,30767,swim泳圈,medium,自动拆词；需校对未知片段: swim
one-hour_drawing_challenge,29539,一小时绘画挑战,high,
mature_male,29491,成熟男性,medium,自动拆词组合，建议校对语序
vertical-striped_clothes,29407,竖向条纹服装,medium,自动拆词组合，建议校对语序
unworn_headwear,29366,未穿戴头饰,medium,自动拆词组合，建议校对语序
brown_pantyhose,28910,棕色连裤袜,medium,自动拆词组合，建议校对语序
black_bowtie,27993,黑色领结,medium,自动拆词组合，建议校对语序
hand_in_own_hair,27986,手在自己的头发,medium,自动拆词组合，建议校对语序
tanlines,27147,晒痕,high,
animal_hands,26895,动物双手,medium,自动拆词组合，建议校对语序
abyssal_ship,26255,深海舰船,medium,自动拆词组合，建议校对语序
mini_person,25810,迷你人物,medium,自动拆词组合，建议校对语序
hands_on_own_hips,25548,双手在自己的臀部,medium,自动拆词组合，建议校对语序
furry_female,25433,兽人女性,medium,自动拆词组合，建议校对语序
blue_one-piece_swimsuit,25047,蓝色一个件泳装,medium,自动拆词组合，建议校对语序
furrowed_brow,25037,furrowed眉,medium,自动拆词；需校对未知片段: furrowed
aged_up,24592,年龄变大,medium,自动拆词组合，建议校对语序
mature_female,24349,成熟女性,medium,自动拆词组合，建议校对语序
female_masturbation,24265,女性自慰,medium,自动拆词组合，建议校对语序
breasts_squeezed_together,24177,乳房挤压在一起,medium,自动拆词组合，建议校对语序
rabbit,24063,兔子,medium,自动拆词组合，建议校对语序
official_alternate_hairstyle,23485,官方替换发型,medium,自动拆词组合，建议校对语序
partially_fingerless_gloves,23421,部分露指手套,medium,自动拆词组合，建议校对语序
rabbit_girl,22881,兔子女孩,medium,自动拆词组合，建议校对语序
unworn_hat,22752,未穿戴帽子,medium,自动拆词组合，建议校对语序
blue_bowtie,22618,蓝色领结,medium,自动拆词组合，建议校对语序
eyebrows_hidden_by_hair,22440,眉毛隐藏被头发,medium,自动拆词组合，建议校对语序
hugging_object,21328,抱着物体,medium,自动拆词组合，建议校对语序
torn_pantyhose,20893,破损连裤袜,medium,自动拆词组合，建议校对语序
fishnet_pantyhose,20809,网眼连裤袜,medium,自动拆词组合，建议校对语序
furry_male,20533,兽人男性,medium,自动拆词组合，建议校对语序
front-tie_bikini_top,20291,前部系带比基尼上装,medium,自动拆词组合，建议校对语序
lab_coat,19971,实验服,high,
dakimakura_(medium),19942,抱枕（媒介）,high,
cum_overflow,19827,精液overflow,medium,自动拆词；需校对未知片段: overflow
black_one-piece_swimsuit,19759,黑色一个件泳装,medium,自动拆词组合，建议校对语序
nipple_stimulation,19677,乳头stimulation,medium,自动拆词；需校对未知片段: stimulation
winter_uniform,18904,winter制服,medium,自动拆词；需校对未知片段: winter
covering_own_mouth,18831,遮住自己的嘴,medium,自动拆词组合，建议校对语序
yellow_ascot,18730,黄色领巾,medium,自动拆词组合，建议校对语序
shota,18226,正太,medium,自动拆词组合，建议校对语序
long_bangs,17941,长刘海,medium,自动拆词组合，建议校对语序
vision_(genshin_impact),17881,神之眼（原神）,low,自动拆词；需校对未知片段: vision
foot_focus,17850,脚特写,medium,自动拆词组合，建议校对语序
straight-on,17435,straight在,medium,自动拆词；需校对未知片段: straight
white_one-piece_swimsuit,17343,白色一个件泳装,medium,自动拆词组合，建议校对语序
tail_ornament,17264,尾巴饰品,medium,自动拆词组合，建议校对语序
selfie,16718,selfie,low,自动拆词；需校对未知片段: selfie
single_side_bun,16663,单个侧边发髻,medium,自动拆词组合，建议校对语序
tracen_school_uniform,16166,tracen学校制服,medium,自动拆词；需校对未知片段: tracen
body_fur,16011,身体毛皮,medium,自动拆词组合，建议校对语序
reaching_towards_viewer,15994,reachingtowardsviewer,low,"自动拆词；需校对未知片段: reaching, towards, viewer"
bird_wings,15857,鸟翅膀,medium,自动拆词组合，建议校对语序
summer_uniform,15690,summer制服,medium,自动拆词；需校对未知片段: summer
looking_ahead,15478,看着ahead,medium,自动拆词；需校对未知片段: ahead
checkered_clothes,15373,棋盘格服装,medium,自动拆词组合，建议校对语序
food-themed_hair_ornament,15303,食物主题头发饰品,medium,自动拆词组合，建议校对语序
pom_pom_(cheerleading),15083,绒球绒球（cheerleading）,medium,自动拆词组合，建议校对语序
artist_logo,15046,artist标志,medium,自动拆词；需校对未知片段: artist
retro_artstyle,14817,retroartstyle,low,"自动拆词；需校对未知片段: retro, artstyle"
feather_hair_ornament,14590,羽毛头发饰品,medium,自动拆词组合，建议校对语序
headpat,14569,headpat,low,自动拆词；需校对未知片段: headpat
blood_on_clothes,14528,血在服装,medium,自动拆词组合，建议校对语序
bridal_garter,14094,新娘吊袜带,medium,自动拆词组合，建议校对语序
tube_top,14090,筒状上装,medium,自动拆词组合，建议校对语序
painting_(medium),13693,painting（媒介）,low,自动拆词；需校对未知片段: painting
stuffed_rabbit,13566,填充兔子,medium,自动拆词组合，建议校对语序
white_fur,13469,白色毛皮,medium,自动拆词组合，建议校对语序
uneven_legwear,13299,不均匀腿部穿着,medium,自动拆词组合，建议校对语序
blue_halo,13257,蓝色光环,medium,自动拆词组合，建议校对语序
open_cardigan,12941,打开开衫,medium,自动拆词组合，建议校对语序
two-tone_dress,12910,两个tone连衣裙,medium,自动拆词；需校对未知片段: tone
stretching,12867,stretching,low,自动拆词；需校对未知片段: stretching
tight_clothes,12700,紧身服装,medium,自动拆词组合，建议校对语序
blue_neckerchief,12674,蓝色领巾,medium,自动拆词组合，建议校对语序
ear_covers,12668,耳朵covers,medium,自动拆词；需校对未知片段: covers
cone_hair_bun,12628,cone头发发髻,medium,自动拆词；需校对未知片段: cone
hugging_own_legs,12529,抱着自己的腿,medium,自动拆词组合，建议校对语序
own_hands_clasped,12325,自己的双手clasped,medium,自动拆词；需校对未知片段: clasped
hand_on_own_head,12313,手在自己的头,medium,自动拆词组合，建议校对语序
yellow_neckerchief,12250,黄色领巾,medium,自动拆词组合，建议校对语序
oil-paper_umbrella,12189,oil纸伞,medium,自动拆词；需校对未知片段: oil
hakama_short_skirt,12172,袴短裙子,medium,自动拆词组合，建议校对语序
red_ascot,12149,红色领巾,medium,自动拆词组合，建议校对语序
arm_strap,12071,手臂带子,medium,自动拆词组合，建议校对语序
bare_pectorals,11946,bare胸肌,medium,自动拆词；需校对未知片段: bare
tile_floor,11933,tile地板,medium,自动拆词；需校对未知片段: tile
pink_halo,11868,粉色光环,medium,自动拆词组合，建议校对语序
unworn_eyewear,11782,未穿戴眼镜,medium,自动拆词组合，建议校对语序
torn_thighhighs,11559,破损长筒袜,medium,自动拆词组合，建议校对语序
animal_nose,11539,动物鼻子,medium,自动拆词组合，建议校对语序
reference_sheet,11529,引用sheet,medium,自动拆词；需校对未知片段: sheet
bat_(animal),11529,蝙蝠（动物）,medium,自动拆词组合，建议校对语序
grabbing_own_breast,11480,抓住自己的乳房,medium,自动拆词组合，建议校对语序
imminent_penetration,11458,即将penetration,medium,自动拆词；需校对未知片段: penetration
animification,11364,animification,low,自动拆词；需校对未知片段: animification
public_indecency,11321,publicindecency,low,"自动拆词；需校对未知片段: public, indecency"
long_sideburns,11313,长sideburns,medium,自动拆词；需校对未知片段: sideburns
pantyhose_under_shorts,11236,连裤袜下短裤,medium,自动拆词组合，建议校对语序
on_one_knee,11165,在一个膝,medium,自动拆词组合，建议校对语序
blunt_ends,10788,bluntends,low,"自动拆词；需校对未知片段: blunt, ends"
sample_watermark,10710,样张水印,medium,自动拆词组合，建议校对语序
tail_raised,10702,尾巴raised,medium,自动拆词；需校对未知片段: raised
ear_ornament,10536,耳朵饰品,medium,自动拆词组合，建议校对语序
crescent_hat_ornament,10296,新月帽子饰品,medium,自动拆词组合，建议校对语序
cowbell,10180,cowbell,low,自动拆词；需校对未知片段: cowbell
split_mouth,10176,分开嘴,medium,自动拆词组合，建议校对语序
hand_on_own_thigh,10138,手在自己的大腿,medium,自动拆词组合，建议校对语序
black_neckerchief,10123,黑色领巾,medium,自动拆词组合，建议校对语序
old,10057,old,low,自动拆词；需校对未知片段: old
onee-shota,10041,onee正太,medium,自动拆词；需校对未知片段: onee
fish_tail,9995,鱼尾巴,medium,自动拆词组合，建议校对语序
split-color_hair,9941,分开color头发,medium,自动拆词；需校对未知片段: color
pectoral_cleavage,9907,胸肌乳沟,medium,自动拆词组合，建议校对语序
holding_stuffed_toy,9869,拿着填充玩具,medium,自动拆词组合，建议校对语序
rabbit_hair_ornament,9742,兔子头发饰品,medium,自动拆词组合，建议校对语序
holding_another's_wrist,9710,拿着他人的手腕,medium,自动拆词组合，建议校对语序
name_connection,9680,name连接,medium,自动拆词；需校对未知片段: name
pink_bowtie,9638,粉色领结,medium,自动拆词组合，建议校对语序
colored_tips,9622,有色tips,medium,自动拆词；需校对未知片段: tips
yellow_necktie,9603,黄色领带,medium,自动拆词组合，建议校对语序
light_frown,9559,浅色frown,medium,自动拆词；需校对未知片段: frown
unworn_shoes,9545,未穿戴鞋,medium,自动拆词组合，建议校对语序
goat_horns,9359,山羊角,medium,自动拆词组合，建议校对语序
copyright_notice,9347,copyrightnotice,low,"自动拆词；需校对未知片段: copyright, notice"
striped_necktie,9181,条纹领带,medium,自动拆词组合，建议校对语序
white_bowtie,9144,白色领结,medium,自动拆词组合，建议校对语序
multicolored_jacket,8997,多色夹克,medium,自动拆词组合，建议校对语序
:/,8953,:/,low,自动拆词；需校对未知片段: :/
green_necktie,8924,绿色领带,medium,自动拆词组合，建议校对语序
dark_background,8914,深色背景,medium,自动拆词组合，建议校对语序
double-parted_bangs,8912,双parted刘海,medium,自动拆词；需校对未知片段: parted
white_ascot,8670,白色领巾,medium,自动拆词组合，建议校对语序
smoking_pipe,8649,smoking管,medium,自动拆词；需校对未知片段: smoking
voice_actor_connection,8587,voiceactor连接,low,"自动拆词；需校对未知片段: voice, actor"
argyle_clothes,8516,菱格服装,medium,自动拆词组合，建议校对语序
tassel_earrings,8511,流苏耳环,medium,自动拆词组合，建议校对语序
drink_can,8509,饮料罐,medium,自动拆词组合，建议校对语序
black_sports_bra,8492,黑色运动bra,medium,自动拆词；需校对未知片段: bra
yellow_bowtie,8471,黄色领结,medium,自动拆词组合，建议校对语序
pink_thighhighs,8462,粉色长筒袜,medium,自动拆词组合，建议校对语序
star_hat_ornament,8461,星星帽子饰品,medium,自动拆词组合，建议校对语序
purple_bowtie,8421,紫色领结,medium,自动拆词组合，建议校对语序
animal_collar,8411,动物衣领,medium,自动拆词组合，建议校对语序
assertive_female,8396,assertive女性,medium,自动拆词；需校对未知片段: assertive
striped_pantyhose,8211,条纹连裤袜,medium,自动拆词组合，建议校对语序
aqua_necktie,8195,水色领带,medium,自动拆词组合，建议校对语序
content_rating,8043,contentrating,low,"自动拆词；需校对未知片段: content, rating"
nervous_sweating,7962,nervoussweating,low,"自动拆词；需校对未知片段: nervous, sweating"
bikini_bottom_only,7915,比基尼下装仅,medium,自动拆词组合，建议校对语序
shark_tail,7907,鲨鱼尾巴,medium,自动拆词组合，建议校对语序
red_halo,7902,红色光环,medium,自动拆词组合，建议校对语序
red_eyeshadow,7890,红色眼影,medium,自动拆词组合，建议校对语序
miqo'te,7886,miqo'te,low,自动拆词；需校对未知片段: miqo'te
vertical-striped_thighhighs,7865,竖向条纹长筒袜,medium,自动拆词组合，建议校对语序
heart_brooch,7846,心形胸针,medium,自动拆词组合，建议校对语序
puff_of_air,7835,puffair,low,"自动拆词；需校对未知片段: puff, air"
burger,7817,burger,low,自动拆词；需校对未知片段: burger
blue_gemstone,7778,蓝色宝石,medium,自动拆词组合，建议校对语序
heads_together,7741,heads在一起,medium,自动拆词；需校对未知片段: heads
grey_thighhighs,7737,灰色长筒袜,medium,自动拆词组合，建议校对语序
jaggy_lines,7721,jaggylines,low,"自动拆词；需校对未知片段: jaggy, lines"
biceps,7702,biceps,low,自动拆词；需校对未知片段: biceps
yellow_halo,7632,黄色光环,medium,自动拆词组合，建议校对语序
traditional_bowtie,7617,传统领结,medium,自动拆词组合，建议校对语序
navel_hair,7596,navel头发,medium,自动拆词；需校对未知片段: navel
ear_bow,7552,耳朵蝴蝶结,medium,自动拆词组合，建议校对语序
unworn_panties,7541,未穿戴内裤,medium,自动拆词组合，建议校对语序
unworn_skirt,7503,未穿戴裙子,medium,自动拆词组合，建议校对语序
topknot,7501,topknot,low,自动拆词；需校对未知片段: topknot
white_neckerchief,7364,白色领巾,medium,自动拆词组合，建议校对语序
planted,7267,planted,low,自动拆词；需校对未知片段: planted
infection_monitor_(arknights),7221,infectionmonitor（arknights）,low,"自动拆词；需校对未知片段: infection, monitor"
:|,7210,:|,low,自动拆词；需校对未知片段: :|
cube_hair_ornament,7168,cube头发饰品,medium,自动拆词；需校对未知片段: cube
cross-shaped_pupils,7103,十字形瞳孔,medium,自动拆词组合，建议校对语序
striped_bowtie,7095,条纹领结,medium,自动拆词组合，建议校对语序
artistic_error,7088,artisticerror,low,"自动拆词；需校对未知片段: artistic, error"
white_necktie,7082,白色领带,medium,自动拆词组合，建议校对语序
blood_on_hands,7032,血在双手,medium,自动拆词组合，建议校对语序
official_alternate_hair_length,6926,官方替换头发length,medium,自动拆词；需校对未知片段: length
\m/,6904,\m/,low,自动拆词；需校对未知片段: \m/
sweater_lift,6890,毛衣掀起,medium,自动拆词组合，建议校对语序
tile_wall,6875,tile墙,medium,自动拆词；需校对未知片段: tile
chest_harness,6690,胸部harness,medium,自动拆词；需校对未知片段: harness
coat_on_shoulders,6644,外套在shoulders,medium,自动拆词；需校对未知片段: shoulders
lower_teeth_only,6637,lower牙齿仅,medium,自动拆词；需校对未知片段: lower
multiple_rings,6626,多个rings,medium,自动拆词；需校对未知片段: rings
hand_on_own_ass,6565,手在自己的屁股,medium,自动拆词组合，建议校对语序
single_mechanical_arm,6563,单个机械手臂,medium,自动拆词组合，建议校对语序
single_sidelock,6556,单个sidelock,medium,自动拆词；需校对未知片段: sidelock
frilled_thighhighs,6524,荷叶边长筒袜,medium,自动拆词组合，建议校对语序
purple_necktie,6504,紫色领带,medium,自动拆词组合，建议校对语序
two-tone_shirt,6486,两个tone衬衫,medium,自动拆词；需校对未知片段: tone
sleeves_past_elbows,6441,袖子pastelbows,low,"自动拆词；需校对未知片段: past, elbows"
two-tone_fur,6428,两个tone毛皮,medium,自动拆词；需校对未知片段: tone
utility_pole,6380,utility杆,medium,自动拆词；需校对未知片段: utility
medium_bangs,6351,媒介刘海,medium,自动拆词组合，建议校对语序
food_focus,6299,食物特写,medium,自动拆词组合，建议校对语序
striped_socks,6294,条纹袜子,medium,自动拆词组合，建议校对语序
mismatched_pupils,6291,不匹配瞳孔,medium,自动拆词组合，建议校对语序
oripathy_lesion_(arknights),6259,oripathylesion（arknights）,low,"自动拆词；需校对未知片段: oripathy, lesion"
flower-shaped_pupils,6214,花形瞳孔,medium,自动拆词组合，建议校对语序
see-through_shirt,6210,透视衬衫,medium,自动拆词组合，建议校对语序
unworn_clothes,6204,未穿戴服装,medium,自动拆词组合，建议校对语序
lapels,6198,lapels,low,自动拆词；需校对未知片段: lapels
brown_fur,6154,棕色毛皮,medium,自动拆词组合，建议校对语序
holding_removed_eyewear,6149,拿着removed眼镜,medium,自动拆词；需校对未知片段: removed
print_pantyhose,6147,印花连裤袜,medium,自动拆词组合，建议校对语序
grey_pantyhose,6124,灰色连裤袜,medium,自动拆词组合，建议校对语序
gradient_eyes,6117,渐变眼睛,medium,自动拆词组合，建议校对语序
cow_print_bikini,6114,cow印花比基尼,medium,自动拆词；需校对未知片段: cow
bra_visible_through_clothes,6106,bravisible视服装,low,"自动拆词；需校对未知片段: bra, visible"
chest_sarashi,6067,胸部sarashi,medium,自动拆词；需校对未知片段: sarashi
animal_ear_headphones,6049,动物耳朵headphones,medium,自动拆词；需校对未知片段: headphones
swivel_chair,6029,swivel椅子,medium,自动拆词；需校对未知片段: swivel
green_bowtie,5983,绿色领结,medium,自动拆词组合，建议校对语序
bird_ears,5947,鸟耳朵,medium,自动拆词组合，建议校对语序
squatting_cowgirl_position,5894,squattingcowgirlposition,low,"自动拆词；需校对未知片段: squatting, cowgirl, position"
shark_girl,5876,鲨鱼女孩,medium,自动拆词组合，建议校对语序
energy,5857,能量,medium,自动拆词组合，建议校对语序
arthropod_girl,5848,节肢动物女孩,medium,自动拆词组合，建议校对语序
obijime,5834,obijime,low,自动拆词；需校对未知片段: obijime
mixed-sex_bathing,5830,mixed性交bathing,low,"自动拆词；需校对未知片段: mixed, bathing"
fur-trimmed_headwear,5830,毛皮饰边头饰,medium,自动拆词组合，建议校对语序
strap_pull,5826,带子拉,medium,自动拆词组合，建议校对语序
pink_necktie,5800,粉色领带,medium,自动拆词组合，建议校对语序
toeless_footwear,5797,toeless鞋类,medium,自动拆词；需校对未知片段: toeless
blue_socks,5750,蓝色袜子,medium,自动拆词组合，建议校对语序
frilled_hat,5727,荷叶边帽子,medium,自动拆词组合，建议校对语序
open_hands,5722,打开双手,medium,自动拆词组合，建议校对语序
orange_(fruit),5708,橙色（fruit）,medium,自动拆词组合，建议校对语序
heart-shaped_chocolate,5627,心形形巧克力,medium,自动拆词组合，建议校对语序
black_cloak,5610,黑色斗篷,medium,自动拆词组合，建议校对语序
cable_knit,5589,cableknit,low,"自动拆词；需校对未知片段: cable, knit"
slime_(substance),5556,slime（substance）,low,自动拆词；需校对未知片段: slime
low_twin_braids,5536,低twinbraids,low,"自动拆词；需校对未知片段: twin, braids"
print_thighhighs,5527,印花长筒袜,medium,自动拆词组合，建议校对语序
winter_coat,5519,winter外套,medium,自动拆词；需校对未知片段: winter
serval_print,5512,serval印花,medium,自动拆词；需校对未知片段: serval
see-through_cleavage,5493,透视乳沟,medium,自动拆词组合，建议校对语序
two-tone_jacket,5478,两个tone夹克,medium,自动拆词；需校对未知片段: tone
torn_dress,5397,破损连衣裙,medium,自动拆词组合，建议校对语序
black_ascot,5391,黑色领巾,medium,自动拆词组合，建议校对语序
red_gemstone,5356,红色宝石,medium,自动拆词组合，建议校对语序
unworn_jacket,5338,未穿戴夹克,medium,自动拆词组合，建议校对语序
bikini_bottom_aside,5336,比基尼下装拨开,medium,自动拆词组合，建议校对语序
blood_on_weapon,5307,血在武器,medium,自动拆词组合，建议校对语序
arm_hair,5299,手臂头发,medium,自动拆词组合，建议校对语序
pink_neckerchief,5280,粉色领巾,medium,自动拆词组合，建议校对语序
yellow_fur,5235,黄色毛皮,medium,自动拆词组合，建议校对语序
one-piece_swimsuit_pull,5232,一个件泳装拉,medium,自动拆词组合，建议校对语序
forked_eyebrows,5227,forked眉毛,medium,自动拆词；需校对未知片段: forked
baggy_pants,5225,baggy裤子,medium,自动拆词；需校对未知片段: baggy
unworn_mask,5210,未穿戴面具,medium,自动拆词组合，建议校对语序
bandaged_hand,5202,绷带包扎手,medium,自动拆词组合，建议校对语序
frilled_hair_tubes,5180,荷叶边头发tubes,medium,自动拆词；需校对未知片段: tubes
scar_on_chest,5159,伤疤在胸部,medium,自动拆词组合，建议校对语序
digimon_(creature),5145,digimon（creature）,low,自动拆词；需校对未知片段: digimon
roswaal_mansion_maid_uniform,5137,roswaalmansion女仆制服,low,"自动拆词；需校对未知片段: roswaal, mansion"
footwear_bow,5112,鞋类蝴蝶结,medium,自动拆词组合，建议校对语序
body_markings,5081,身体markings,medium,自动拆词；需校对未知片段: markings
elbow_rest,5076,elbowrest,low,"自动拆词；需校对未知片段: elbow, rest"
lightning_bolt_symbol,5075,lightning螺栓符号,medium,自动拆词；需校对未知片段: lightning
hands_in_hair,5042,双手在头发,medium,自动拆词组合，建议校对语序
unconventional_maid,5031,unconventional女仆,medium,自动拆词；需校对未知片段: unconventional
brown_bag,5027,棕色包,medium,自动拆词组合，建议校对语序
weibo_username,5026,weibo用户名,medium,自动拆词；需校对未知片段: weibo
towel_on_head,5009,towel在头,medium,自动拆词；需校对未知片段: towel
furry_with_non-furry,5004,兽人non兽人,medium,自动拆词；需校对未知片段: non
orange_bowtie,4977,橙色领结,medium,自动拆词组合，建议校对语序
looking_at_object,4968,看着物体,medium,自动拆词组合，建议校对语序
bow-shaped_hair,4948,蝴蝶结形头发,medium,自动拆词组合，建议校对语序
holding_own_arm,4851,拿着自己的手臂,medium,自动拆词组合，建议校对语序
linea_alba,4843,lineaalba,low,"自动拆词；需校对未知片段: linea, alba"
multiple_horns,4828,多个角,medium,自动拆词组合，建议校对语序
midair,4810,midair,low,自动拆词；需校对未知片段: midair
hairy,4805,hairy,low,自动拆词；需校对未知片段: hairy
long_eyelashes,4797,长eyelashes,medium,自动拆词；需校对未知片段: eyelashes
winged_arms,4789,winged手臂,medium,自动拆词；需校对未知片段: winged
blue_ascot,4768,蓝色领巾,medium,自动拆词组合，建议校对语序
leaning_on_person,4763,leaning在人物,medium,自动拆词；需校对未知片段: leaning
flight_deck,4757,flightdeck,low,"自动拆词；需校对未知片段: flight, deck"
2021,4746,2021,medium,自动拆词组合，建议校对语序
unsheathed,4731,unsheathed,low,自动拆词；需校对未知片段: unsheathed
arm_around_shoulder,4724,手臂围绕肩,medium,自动拆词组合，建议校对语序
v-fin,4722,vfin,low,"自动拆词；需校对未知片段: v, fin"
2022,4707,2022,medium,自动拆词组合，建议校对语序
hand_on_own_arm,4705,手在自己的手臂,medium,自动拆词组合，建议校对语序
crescent_pin,4699,新月pin,medium,自动拆词；需校对未知片段: pin
earclip,4693,earclip,low,自动拆词；需校对未知片段: earclip
earpiece,4689,earpiece,low,自动拆词；需校对未知片段: earpiece
white_robe,4678,白色长袍,medium,自动拆词组合，建议校对语序
tiger_girl,4671,老虎女孩,medium,自动拆词组合，建议校对语序
mobile_suit,4662,mobile套装,medium,自动拆词；需校对未知片段: mobile
purple_pantyhose,4659,紫色连裤袜,medium,自动拆词组合，建议校对语序
white_horns,4659,白色角,medium,自动拆词组合，建议校对语序
frilled_pillow,4633,荷叶边枕头,medium,自动拆词组合，建议校对语序
torn_skirt,4619,破损裙子,medium,自动拆词组合，建议校对语序
two-tone_gloves,4609,两个tone手套,medium,自动拆词；需校对未知片段: tone
black_fur,4595,黑色毛皮,medium,自动拆词组合，建议校对语序
black_bag,4563,黑色包,medium,自动拆词组合，建议校对语序
kissing_cheek,4559,亲吻脸颊,medium,自动拆词组合，建议校对语序
scar_on_arm,4557,伤疤在手臂,medium,自动拆词组合，建议校对语序
2023,4544,2023,medium,自动拆词组合，建议校对语序
ribbon-trimmed_legwear,4541,丝带饰边腿部穿着,medium,自动拆词组合，建议校对语序
defloration,4541,defloration,low,自动拆词；需校对未知片段: defloration
hooded_capelet,4538,带兜帽小披肩,medium,自动拆词组合，建议校对语序
small_horns,4517,小角,medium,自动拆词组合，建议校对语序
demon_slayer_uniform,4499,demonslayer制服,low,"自动拆词；需校对未知片段: demon, slayer"
arm_rest,4494,手臂rest,medium,自动拆词；需校对未知片段: rest
striped_jacket,4485,条纹夹克,medium,自动拆词组合，建议校对语序
holding_pom_poms,4475,拿着绒球poms,medium,自动拆词；需校对未知片段: poms
improvised_gag,4460,improvised口球,medium,自动拆词；需校对未知片段: improvised
white_feathers,4452,白色羽毛,medium,自动拆词组合，建议校对语序
dangle_earrings,4414,dangle耳环,medium,自动拆词；需校对未知片段: dangle
bike_shorts_under_skirt,4394,bike短裤下裙子,medium,自动拆词；需校对未知片段: bike
dog_boy,4380,狗男孩,medium,自动拆词组合，建议校对语序
earth_(planet),4374,earth（planet）,low,自动拆词；需校对未知片段: earth
partially_undressed,4347,部分undressed,medium,自动拆词；需校对未知片段: undressed
bikini_top_lift,4347,比基尼上装掀起,medium,自动拆词组合，建议校对语序
lion_girl,4315,lion女孩,medium,自动拆词；需校对未知片段: lion
spacecraft,4272,spacecraft,low,自动拆词；需校对未知片段: spacecraft
folded_fan,4270,folded扇子,medium,自动拆词；需校对未知片段: folded
idol_clothes,4263,idol服装,medium,自动拆词；需校对未知片段: idol
orange_necktie,4262,橙色领带,medium,自动拆词组合，建议校对语序
christmas_ornaments,4259,christmasornaments,low,"自动拆词；需校对未知片段: christmas, ornaments"
biting_own_lip,4251,biting自己的lip,low,"自动拆词；需校对未知片段: biting, lip"
text_background,4242,文字背景,medium,自动拆词组合，建议校对语序
beak,4237,beak,low,自动拆词；需校对未知片段: beak
still_life,4229,stilllife,low,"自动拆词；需校对未知片段: still, life"
multiple_belts,4228,多个belts,medium,自动拆词；需校对未知片段: belts
bandaid_on_cheek,4203,创可贴在脸颊,medium,自动拆词组合，建议校对语序
hand_under_clothes,4189,手下服装,medium,自动拆词组合，建议校对语序
goth_fashion,4186,gothfashion,low,"自动拆词；需校对未知片段: goth, fashion"
scar_on_nose,4175,伤疤在鼻子,medium,自动拆词组合，建议校对语序
taur,4162,taur,low,自动拆词；需校对未知片段: taur
employee_uniform,4158,employee制服,medium,自动拆词；需校对未知片段: employee
prosthetic_arm,4145,prosthetic手臂,medium,自动拆词；需校对未知片段: prosthetic
jacket_partially_removed,4130,夹克部分removed,medium,自动拆词；需校对未知片段: removed
asymmetrical_footwear,4124,asymmetrical鞋类,medium,自动拆词；需校对未知片段: asymmetrical
green_gemstone,4113,绿色宝石,medium,自动拆词组合，建议校对语序
contrail,4066,contrail,low,自动拆词；需校对未知片段: contrail
on_grass,4060,在grass,medium,自动拆词；需校对未知片段: grass
seagull,4058,seagull,low,自动拆词；需校对未知片段: seagull
unworn_bra,4053,未穿戴bra,medium,自动拆词；需校对未知片段: bra
holding_another's_arm,4047,拿着他人的手臂,medium,自动拆词组合，建议校对语序
milestone_celebration,4045,milestonecelebration,low,"自动拆词；需校对未知片段: milestone, celebration"
blue_pantyhose,4041,蓝色连裤袜,medium,自动拆词组合，建议校对语序
animal_feet,4030,动物脚,medium,自动拆词组合，建议校对语序
two-tone_skirt,4029,两个tone裙子,medium,自动拆词；需校对未知片段: tone
wing_hair_ornament,4026,翅膀头发饰品,medium,自动拆词组合，建议校对语序
cowlick,4025,cowlick,low,自动拆词；需校对未知片段: cowlick
median_furrow,4016,medianfurrow,low,"自动拆词；需校对未知片段: median, furrow"
tail_through_clothes,3990,尾巴视服装,medium,自动拆词组合，建议校对语序
presenting_armpit,3976,presentingarmpit,low,"自动拆词；需校对未知片段: presenting, armpit"
fairy_(sao),3962,fairy（sao）,low,自动拆词；需校对未知片段: fairy
alternate_universe,3961,替换universe,medium,自动拆词；需校对未知片段: universe
pokephilia,3955,pokephilia,low,自动拆词；需校对未知片段: pokephilia
gloved_handjob,3954,glovedhandjob,low,"自动拆词；需校对未知片段: gloved, handjob"
banner,3926,banner,low,自动拆词；需校对未知片段: banner
obiage,3923,obiage,low,自动拆词；需校对未知片段: obiage
frilled_one-piece_swimsuit,3923,荷叶边一个件泳装,medium,自动拆词组合，建议校对语序
braided_hair_rings,3917,braided头发rings,low,"自动拆词；需校对未知片段: braided, rings"
non-humanoid_robot,3917,nonhumanoid机器人,low,"自动拆词；需校对未知片段: non, humanoid"
rectangular_eyewear,3910,rectangular眼镜,medium,自动拆词；需校对未知片段: rectangular
aqua_bowtie,3895,水色领结,medium,自动拆词组合，建议校对语序
american_flag_legwear,3867,american旗帜腿部穿着,medium,自动拆词；需校对未知片段: american
ejaculating_while_penetrated,3841,ejaculatingwhilepenetrated,low,"自动拆词；需校对未知片段: ejaculating, while, penetrated"
ear_ribbon,3837,耳朵丝带,medium,自动拆词组合，建议校对语序
barbell_piercing,3836,barbell穿孔,medium,自动拆词；需校对未知片段: barbell
laevatein_(touhou),3820,laevatein（touhou）,low,自动拆词；需校对未知片段: laevatein
layered_clothes,3806,layered服装,medium,自动拆词；需校对未知片段: layered
white_wrist_cuffs,3759,白色手腕袖口,medium,自动拆词组合，建议校对语序
animal_penis,3738,动物阴茎,medium,自动拆词组合，建议校对语序
throwing,3733,throwing,low,自动拆词；需校对未知片段: throwing
bar_(place),3731,bar（place）,low,自动拆词；需校对未知片段: bar
hand_on_another's_arm,3725,手在他人的手臂,medium,自动拆词组合，建议校对语序
chips_(food),3723,chips（食物）,low,自动拆词；需校对未知片段: chips
diagonal-striped_clothes,3718,对角条纹服装,medium,自动拆词组合，建议校对语序
neck_tattoo,3708,脖子纹身,medium,自动拆词组合，建议校对语序
open_dress,3700,打开连衣裙,medium,自动拆词组合，建议校对语序
au_ra,3697,aura,low,"自动拆词；需校对未知片段: au, ra"
weibo_logo,3687,weibo标志,medium,自动拆词；需校对未知片段: weibo
red_eyeliner,3670,红色eyeliner,medium,自动拆词；需校对未知片段: eyeliner
hand_on_another's_back,3665,手在他人的背后,medium,自动拆词组合，建议校对语序
holding_drink,3664,拿着饮料,medium,自动拆词组合，建议校对语序
wiffle_gag,3659,wiffle口球,medium,自动拆词；需校对未知片段: wiffle
american_flag_dress,3609,american旗帜连衣裙,medium,自动拆词；需校对未知片段: american
diamond_button,3606,菱形纽扣,medium,自动拆词组合，建议校对语序
print_bowtie,3606,印花领结,medium,自动拆词组合，建议校对语序
okobo,3582,okobo,low,自动拆词；需校对未知片段: okobo
two-tone_swimsuit,3574,两个tone泳装,medium,自动拆词；需校对未知片段: tone
yoga_pants,3570,yoga裤子,medium,自动拆词；需校对未知片段: yoga
yellow_cardigan,3563,黄色开衫,medium,自动拆词组合，建议校对语序
wolf_boy,3561,wolf男孩,medium,自动拆词；需校对未知片段: wolf
doorway,3555,doorway,low,自动拆词；需校对未知片段: doorway
black_robe,3554,黑色长袍,medium,自动拆词组合，建议校对语序
horseshoe_ornament,3554,horseshoe饰品,medium,自动拆词；需校对未知片段: horseshoe
??,3553,??,low,自动拆词；需校对未知片段: ??
rabbit_pose,3550,兔子姿势,medium,自动拆词组合，建议校对语序
sidelighting,3549,sidelighting,low,自动拆词；需校对未知片段: sidelighting
basketball_(object),3549,basketball（物体）,low,自动拆词；需校对未知片段: basketball
hallway,3547,hallway,low,自动拆词；需校对未知片段: hallway
holding_smoking_pipe,3545,拿着smoking管,medium,自动拆词；需校对未知片段: smoking
carrying_person,3529,carrying人物,medium,自动拆词；需校对未知片段: carrying
santa_dress,3520,santa连衣裙,medium,自动拆词；需校对未知片段: santa
high-waist_shorts,3518,high腰短裤,medium,自动拆词；需校对未知片段: high
green_thighhighs,3516,绿色长筒袜,medium,自动拆词组合，建议校对语序
black_mask,3513,黑色面具,medium,自动拆词组合，建议校对语序
rabbit_hood,3509,兔子兜帽,medium,自动拆词组合，建议校对语序
lifting_another's_clothes,3508,lifting他人的服装,medium,自动拆词；需校对未知片段: lifting
excalibur_(fate/stay_night),3507,excalibur（fate/stay_night）,low,自动拆词；需校对未知片段: excalibur
grey_sky,3489,灰色天空,medium,自动拆词组合，建议校对语序
rabbit_print,3487,兔子印花,medium,自动拆词组合，建议校对语序
dragon_print,3477,dragon印花,medium,自动拆词；需校对未知片段: dragon
sleeveless_sweater,3470,sleeveless毛衣,medium,自动拆词；需校对未知片段: sleeveless
stuffed_cat,3469,填充猫,medium,自动拆词组合，建议校对语序
black_lips,3468,黑色嘴唇,medium,自动拆词组合，建议校对语序
grey_socks,3465,灰色袜子,medium,自动拆词组合，建议校对语序
qingdai_guanmao,3461,qingdaiguanmao,low,"自动拆词；需校对未知片段: qingdai, guanmao"
hand_on_another's_hip,3450,手在他人的臀部,medium,自动拆词组合，建议校对语序
fox_boy,3447,fox男孩,medium,自动拆词；需校对未知片段: fox
medal,3444,medal,low,自动拆词；需校对未知片段: medal
animal_ear_piercing,3434,动物耳朵穿孔,medium,自动拆词组合，建议校对语序
shark_hair_ornament,3434,鲨鱼头发饰品,medium,自动拆词组合，建议校对语序
colored_tongue,3433,有色舌头,medium,自动拆词组合，建议校对语序
bird_girl,3431,鸟女孩,medium,自动拆词组合，建议校对语序
flower_pot,3420,花pot,medium,自动拆词；需校对未知片段: pot
gold_earrings,3419,金色耳环,medium,自动拆词组合，建议校对语序
two-tone_bikini,3417,两个tone比基尼,medium,自动拆词；需校对未知片段: tone
tassel_hair_ornament,3413,流苏头发饰品,medium,自动拆词组合，建议校对语序
chained,3411,chained,low,自动拆词；需校对未知片段: chained
in_tree,3410,在树,medium,自动拆词组合，建议校对语序
food_on_head,3405,食物在头,medium,自动拆词组合，建议校对语序
mandarin_collar,3404,mandarin衣领,medium,自动拆词；需校对未知片段: mandarin
feather_hair,3403,羽毛头发,medium,自动拆词组合，建议校对语序
finger_to_cheek,3400,手指脸颊,medium,自动拆词组合，建议校对语序
2020,3391,2020,medium,自动拆词组合，建议校对语序
scene_reference,3380,scene引用,medium,自动拆词；需校对未知片段: scene
grey_horns,3371,灰色角,medium,自动拆词组合，建议校对语序
plum_blossoms,3370,plumblossoms,low,"自动拆词；需校对未知片段: plum, blossoms"
red_pantyhose,3360,红色连裤袜,medium,自动拆词组合，建议校对语序
white_cloak,3357,白色斗篷,medium,自动拆词组合，建议校对语序
greyscale_with_colored_background,3354,greyscale有色背景,medium,自动拆词；需校对未知片段: greyscale
yellow_pupils,3351,黄色瞳孔,medium,自动拆词组合，建议校对语序
drill_sidelocks,3347,drillsidelocks,low,"自动拆词；需校对未知片段: drill, sidelocks"
winged_hat,3331,winged帽子,medium,自动拆词；需校对未知片段: winged
licking_finger,3330,舔手指,medium,自动拆词组合，建议校对语序
obliques,3323,obliques,low,自动拆词；需校对未知片段: obliques
cross_scar,3310,十字伤疤,medium,自动拆词组合，建议校对语序
twitter_logo,3307,twitter标志,medium,自动拆词；需校对未知片段: twitter
see-through_dress,3306,透视连衣裙,medium,自动拆词组合，建议校对语序
eye_mask,3303,眼面具,medium,自动拆词组合，建议校对语序
holding_controller,3297,拿着controller,medium,自动拆词；需校对未知片段: controller
parted_hair,3271,parted头发,medium,自动拆词；需校对未知片段: parted
squirrel_girl,3270,squirrel女孩,medium,自动拆词；需校对未知片段: squirrel
white_sports_bra,3268,白色运动bra,medium,自动拆词；需校对未知片段: bra
dot_mouth,3260,点嘴,medium,自动拆词组合，建议校对语序
police_hat,3258,police帽子,medium,自动拆词；需校对未知片段: police
cellphone_photo,3254,cellphonephoto,low,"自动拆词；需校对未知片段: cellphone, photo"
diagonal-striped_bow,3254,对角条纹蝴蝶结,medium,自动拆词组合，建议校对语序
blue_fur,3248,蓝色毛皮,medium,自动拆词组合，建议校对语序
covering_own_eyes,3244,遮住自己的眼睛,medium,自动拆词组合，建议校对语序
heart-shaped_pillow,3240,心形形枕头,medium,自动拆词组合，建议校对语序
small_penis,3239,小阴茎,medium,自动拆词组合，建议校对语序
hugging_doll,3239,抱着doll,medium,自动拆词；需校对未知片段: doll
unworn_helmet,3239,未穿戴头盔,medium,自动拆词组合，建议校对语序
multi-strapped_bikini_bottom,3239,multistrapped比基尼下装,low,"自动拆词；需校对未知片段: multi, strapped"
energy_wings,3236,能量翅膀,medium,自动拆词组合，建议校对语序
multicolored_swimsuit,3233,多色泳装,medium,自动拆词组合，建议校对语序
hand_on_another's_thigh,3230,手在他人的大腿,medium,自动拆词组合，建议校对语序
covered_abs,3220,覆盖abs,medium,自动拆词；需校对未知片段: abs
blue_overalls,3219,蓝色overalls,medium,自动拆词；需校对未知片段: overalls
head-mounted_display,3209,头mounteddisplay,low,"自动拆词；需校对未知片段: mounted, display"
beard_stubble,3201,胡子胡茬,medium,自动拆词组合，建议校对语序
jirai_kei,3185,jiraikei,low,"自动拆词；需校对未知片段: jirai, kei"
black_corset,3183,黑色corset,medium,自动拆词；需校对未知片段: corset
jackal_ears,3174,jackal耳朵,medium,自动拆词；需校对未知片段: jackal
bento,3172,bento,low,自动拆词；需校对未知片段: bento
evolutionary_line,3172,evolutionaryline,low,"自动拆词；需校对未知片段: evolutionary, line"
hand_grab,3171,手抓住,medium,自动拆词组合，建议校对语序
gae_bolg_(fate),3164,gaebolg（fate）,low,"自动拆词；需校对未知片段: gae, bolg"
high_side_ponytail,3160,high侧边ponytail,low,"自动拆词；需校对未知片段: high, ponytail"
red_socks,3156,红色袜子,medium,自动拆词组合，建议校对语序
blue_lips,3156,蓝色嘴唇,medium,自动拆词组合，建议校对语序
feather_trim,3144,羽毛trim,medium,自动拆词；需校对未知片段: trim
turtle_shell,3136,龟壳,medium,自动拆词组合，建议校对语序
shoulder_spikes,3122,肩spikes,medium,自动拆词；需校对未知片段: spikes
o-ring_choker,3118,o泳圈项圈,medium,自动拆词；需校对未知片段: o
scar_on_forehead,3115,伤疤在额头,medium,自动拆词组合，建议校对语序
shared_clothes,3112,共享服装,medium,自动拆词组合，建议校对语序
holding_leash,3108,拿着牵绳,medium,自动拆词组合，建议校对语序
gekkoukan_high_school_uniform,3108,gekkoukanhigh学校制服,low,"自动拆词；需校对未知片段: gekkoukan, high"
chinese_knot,3099,chineseknot,low,"自动拆词；需校对未知片段: chinese, knot"
diamond-shaped_pupils,3095,菱形形瞳孔,medium,自动拆词组合，建议校对语序
instant_loss,3082,instantloss,low,"自动拆词；需校对未知片段: instant, loss"
holding_hammer,3080,拿着hammer,medium,自动拆词；需校对未知片段: hammer
unworn_shirt,3080,未穿戴衬衫,medium,自动拆词组合，建议校对语序
cum_on_male,3076,精液在男性,medium,自动拆词组合，建议校对语序
torn_cape,3073,破损披肩,medium,自动拆词组合，建议校对语序
cooperative_fellatio,3063,cooperative口交,medium,自动拆词；需校对未知片段: cooperative
matching_outfits,3060,matchingoutfits,low,"自动拆词；需校对未知片段: matching, outfits"
red_armband,3055,红色臂章,medium,自动拆词组合，建议校对语序
flame-tipped_tail,3052,flametipped尾巴,low,"自动拆词；需校对未知片段: flame, tipped"
strapless_shirt,3050,strapless衬衫,medium,自动拆词；需校对未知片段: strapless
turning_head,3047,转动头,medium,自动拆词组合，建议校对语序
tiger_boy,3047,老虎男孩,medium,自动拆词组合，建议校对语序
hair_horns,3046,头发角,medium,自动拆词组合，建议校对语序
pawpads,3045,pawpads,low,自动拆词；需校对未知片段: pawpads
shimakaze_(kancolle)_(cosplay),3039,shimakaze(kancolle)（cosplay）,low,"自动拆词；需校对未知片段: shimakaze, (kancolle)"
patterned_background,3030,patterned背景,medium,自动拆词；需校对未知片段: patterned
asticassia_school_uniform,3024,asticassia学校制服,medium,自动拆词；需校对未知片段: asticassia
skin_fangs,3018,皮肤fangs,medium,自动拆词；需校对未知片段: fangs
deer_ears,3015,鹿耳朵,medium,自动拆词组合，建议校对语序
uneven_gloves,3013,不均匀手套,medium,自动拆词组合，建议校对语序
club_(weapon),3010,棍棒（武器）,medium,自动拆词组合，建议校对语序
medium_dress,3008,媒介连衣裙,medium,自动拆词组合，建议校对语序
looking_over_eyewear,3004,看着覆在眼镜,medium,自动拆词组合，建议校对语序
foot_up,2995,脚变大,medium,自动拆词组合，建议校对语序
flower_wreath,2990,花wreath,medium,自动拆词；需校对未知片段: wreath
clothes_in_mouth,2989,服装在嘴,medium,自动拆词组合，建议校对语序
blue_apron,2982,蓝色围裙,medium,自动拆词组合，建议校对语序
chest_belt,2982,胸部腰带,medium,自动拆词组合，建议校对语序
year_of_the_tiger,2982,年老虎,medium,自动拆词组合，建议校对语序
year_of_the_rabbit,2972,年兔子,medium,自动拆词组合，建议校对语序
feather_earrings,2962,羽毛耳环,medium,自动拆词组合，建议校对语序
santa_bikini,2956,santa比基尼,medium,自动拆词；需校对未知片段: santa
brown_sweater_vest,2952,棕色毛衣背心,medium,自动拆词组合，建议校对语序
loose_hair_strand,2946,宽松头发strand,medium,自动拆词；需校对未知片段: strand
people,2928,people,low,自动拆词；需校对未知片段: people
brown_capelet,2927,棕色小披肩,medium,自动拆词组合，建议校对语序
pom_pom_hair_ornament,2918,绒球绒球头发饰品,medium,自动拆词组合，建议校对语序
looking_at_animal,2910,看着动物,medium,自动拆词组合，建议校对语序
magazine_(object),2905,magazine（物体）,low,自动拆词；需校对未知片段: magazine
twitching_penis,2901,twitching阴茎,medium,自动拆词；需校对未知片段: twitching
head_grab,2900,头抓住,medium,自动拆词组合，建议校对语序
glitch,2900,glitch,low,自动拆词；需校对未知片段: glitch
grey_fur,2899,灰色毛皮,medium,自动拆词组合，建议校对语序
arch,2895,arch,low,自动拆词；需校对未知片段: arch
single_ear_cover,2883,单个耳朵覆盖,medium,自动拆词组合，建议校对语序
thick_arms,2874,厚手臂,medium,自动拆词组合，建议校对语序
fur_scarf,2865,毛皮围巾,medium,自动拆词组合，建议校对语序
narrowed_eyes,2851,narrowed眼睛,medium,自动拆词；需校对未知片段: narrowed
patterned_clothing,2840,patterned服装,medium,自动拆词；需校对未知片段: patterned
very_sweaty,2840,非常sweaty,medium,自动拆词；需校对未知片段: sweaty
kabedon,2834,kabedon,low,自动拆词；需校对未知片段: kabedon
roman_numeral,2831,romannumeral,low,"自动拆词；需校对未知片段: roman, numeral"
\||/,2826,\||/,low,自动拆词；需校对未知片段: \||/
2019,2826,2019,medium,自动拆词组合，建议校对语序
high-waist_pants,2823,high腰裤子,medium,自动拆词；需校对未知片段: high
chain_leash,2812,链条牵绳,medium,自动拆词组合，建议校对语序
crossed_bandaids,2812,crossedbandaids,low,"自动拆词；需校对未知片段: crossed, bandaids"
borrowed_clothes,2802,borrowed服装,medium,自动拆词；需校对未知片段: borrowed
diagonal-striped_necktie,2793,对角条纹领带,medium,自动拆词组合，建议校对语序
black_leggings,2791,黑色leggings,medium,自动拆词；需校对未知片段: leggings
2018,2787,2018,medium,自动拆词组合，建议校对语序
tied_up_(nonsexual),2785,tied变大（nonsexual）,medium,自动拆词；需校对未知片段: tied
bread_slice,2785,breadslice,low,"自动拆词；需校对未知片段: bread, slice"
averting_eyes,2779,averting眼睛,medium,自动拆词；需校对未知片段: averting
dreadlocks,2777,dreadlocks,low,自动拆词；需校对未知片段: dreadlocks
red_hoodie,2767,红色连帽衫,medium,自动拆词组合，建议校对语序
drawing_(object),2766,drawing（物体）,low,自动拆词；需校对未知片段: drawing
character_hair_ornament,2762,character头发饰品,medium,自动拆词；需校对未知片段: character
mechanical_horns,2762,机械角,medium,自动拆词组合，建议校对语序
humanoid_robot,2760,humanoid机器人,medium,自动拆词；需校对未知片段: humanoid
pulling_another's_clothes,2757,pulling他人的服装,medium,自动拆词；需校对未知片段: pulling
grey-framed_eyewear,2756,灰色framed眼镜,medium,自动拆词；需校对未知片段: framed
lights,2752,lights,low,自动拆词；需校对未知片段: lights
sun_symbol,2752,sun符号,medium,自动拆词；需校对未知片段: sun
see-through_legwear,2750,透视腿部穿着,medium,自动拆词组合，建议校对语序
facing_to_the_side,2749,facing侧边,medium,自动拆词；需校对未知片段: facing
uneven_sleeves,2748,不均匀袖子,medium,自动拆词组合，建议校对语序
star_halo,2744,星星光环,medium,自动拆词组合，建议校对语序
white_male_underwear,2741,白色男性内衣,medium,自动拆词组合，建议校对语序
turtleneck_dress,2728,高领连衣裙,medium,自动拆词组合，建议校对语序
ankle_cuffs,2721,脚踝袖口,medium,自动拆词组合，建议校对语序
untied_panties,2719,untied内裤,medium,自动拆词；需校对未知片段: untied
striped_horns,2718,条纹角,medium,自动拆词组合，建议校对语序
aqua_bikini,2718,水色比基尼,medium,自动拆词组合，建议校对语序
multiple_moles,2717,多个moles,medium,自动拆词；需校对未知片段: moles
holding_handheld_game_console,2716,拿着handheld游戏console,low,"自动拆词；需校对未知片段: handheld, console"
reference_inset,2715,引用inset,medium,自动拆词；需校对未知片段: inset
year_of_the_ox,2712,年ox,medium,自动拆词；需校对未知片段: ox
curtained_hair,2710,curtained头发,medium,自动拆词；需校对未知片段: curtained
red_bag,2702,红色包,medium,自动拆词组合，建议校对语序
green_lips,2701,绿色嘴唇,medium,自动拆词组合，建议校对语序
kitauji_high_school_uniform,2701,kitaujihigh学校制服,low,"自动拆词；需校对未知片段: kitauji, high"
black_sash,2698,黑色腰带,medium,自动拆词组合，建议校对语序
slime_(creature),2697,slime（creature）,low,自动拆词；需校对未知片段: slime
false_smile,2696,falsesmile,low,"自动拆词；需校对未知片段: false, smile"
buzz_cut,2687,buzz切开,medium,自动拆词；需校对未知片段: buzz
holding_clipboard,2686,拿着clipboard,medium,自动拆词；需校对未知片段: clipboard
playing_with_own_hair,2680,playing自己的头发,medium,自动拆词；需校对未知片段: playing
very_long_sleeves,2678,非常长袖子,medium,自动拆词组合，建议校对语序
naked_jacket,2665,裸体夹克,medium,自动拆词组合，建议校对语序
red_one-piece_swimsuit,2663,红色一个件泳装,medium,自动拆词组合，建议校对语序
dragon_boy,2663,dragon男孩,medium,自动拆词；需校对未知片段: dragon
ribbed_legwear,2654,罗纹腿部穿着,medium,自动拆词组合，建议校对语序
notched_lapels,2650,notchedlapels,low,"自动拆词；需校对未知片段: notched, lapels"
bound_ankles,2649,boundankles,low,"自动拆词；需校对未知片段: bound, ankles"
green_hoodie,2639,绿色连帽衫,medium,自动拆词组合，建议校对语序
white_sash,2637,白色腰带,medium,自动拆词组合，建议校对语序
2016,2629,2016,medium,自动拆词组合，建议校对语序
magatama_necklace,2628,magatama项链,medium,自动拆词；需校对未知片段: magatama
egg_(food),2626,egg（食物）,low,自动拆词；需校对未知片段: egg
single_pauldron,2625,单个pauldron,medium,自动拆词；需校对未知片段: pauldron
short_bangs,2619,短刘海,medium,自动拆词组合，建议校对语序
reflective_water,2614,reflective水,medium,自动拆词；需校对未知片段: reflective
mixed-language_text,2613,mixedlanguage文字,low,"自动拆词；需校对未知片段: mixed, language"
orange-tinted_eyewear,2611,橙色染色眼镜,medium,自动拆词组合，建议校对语序
cracked_skin,2610,cracked皮肤,medium,自动拆词；需校对未知片段: cracked
finger_to_own_chin,2607,手指自己的chin,medium,自动拆词；需校对未知片段: chin
furry_with_furry,2602,兽人兽人,medium,自动拆词组合，建议校对语序
confused,2601,confused,low,自动拆词；需校对未知片段: confused
hand_on_own_leg,2599,手在自己的腿,medium,自动拆词组合，建议校对语序
legwear_garter,2589,腿部穿着吊袜带,medium,自动拆词组合，建议校对语序
traditional_nun,2584,传统nun,medium,自动拆词；需校对未知片段: nun
balcony,2577,balcony,low,自动拆词；需校对未知片段: balcony
cheating_(relationship),2556,cheating（relationship）,low,自动拆词；需校对未知片段: cheating
hyur,2555,hyur,low,自动拆词；需校对未知片段: hyur
after_ejaculation,2551,之后ejaculation,medium,自动拆词；需校对未知片段: ejaculation
pendant_choker,2550,pendant项圈,medium,自动拆词；需校对未知片段: pendant
2017,2547,2017,medium,自动拆词组合，建议校对语序
pink_bag,2539,粉色包,medium,自动拆词组合，建议校对语序
worried,2538,担心,medium,自动拆词组合，建议校对语序
nontraditional_playboy_bunny,2537,nontraditionalplayboy兔女郎,low,"自动拆词；需校对未知片段: nontraditional, playboy"
2015,2532,2015,medium,自动拆词组合，建议校对语序
shuuchiin_academy_school_uniform,2532,shuuchiin学园学校制服,medium,自动拆词；需校对未知片段: shuuchiin
hands_on_another's_head,2527,双手在他人的头,medium,自动拆词组合，建议校对语序
holding_lantern,2522,拿着lantern,medium,自动拆词；需校对未知片段: lantern
two-sided_cape,2519,两个双面披肩,medium,自动拆词组合，建议校对语序
dynamax_band,2516,dynamaxband,low,"自动拆词；需校对未知片段: dynamax, band"
fewer_digits,2512,fewerdigits,low,"自动拆词；需校对未知片段: fewer, digits"
cosmetics,2511,cosmetics,low,自动拆词；需校对未知片段: cosmetics
assault_visor,2508,assaultvisor,low,"自动拆词；需校对未知片段: assault, visor"
shark_hood,2505,鲨鱼兜帽,medium,自动拆词组合，建议校对语序
plaid_bowtie,2501,格纹领结,medium,自动拆词组合，建议校对语序
glowing_sword,2500,发光剑,medium,自动拆词组合，建议校对语序
holding_stick,2498,拿着stick,medium,自动拆词；需校对未知片段: stick
panty_straps,2498,pantystraps,low,"自动拆词；需校对未知片段: panty, straps"
fake_phone_screenshot,2497,假phonescreenshot,low,"自动拆词；需校对未知片段: phone, screenshot"
curtain_grab,2489,curtain抓住,medium,自动拆词；需校对未知片段: curtain
black_wristband,2484,黑色wristband,medium,自动拆词；需校对未知片段: wristband
censored_nipples,2476,censored乳头,medium,自动拆词；需校对未知片段: censored
champion's_tunic_(zelda),2464,champion'stunic（zelda）,low,"自动拆词；需校对未知片段: champion's, tunic"
spread_wings,2461,spread翅膀,medium,自动拆词；需校对未知片段: spread
latex_bodysuit,2461,latex紧身衣,medium,自动拆词；需校对未知片段: latex
skull_mask,2459,骷髅面具,medium,自动拆词组合，建议校对语序
grey_kimono,2455,灰色和服,medium,自动拆词组合，建议校对语序
vertical-striped_pantyhose,2454,竖向条纹连裤袜,medium,自动拆词组合，建议校对语序
little_busters!_school_uniform,2452,littlebusters!学校制服,low,"自动拆词；需校对未知片段: little, busters!"
finger_in_own_mouth,2447,手指在自己的嘴,medium,自动拆词组合，建议校对语序
sleeping_on_person,2432,sleeping在人物,medium,自动拆词；需校对未知片段: sleeping
hand_on_another's_ass,2431,手在他人的屁股,medium,自动拆词组合，建议校对语序
fanbox_username,2429,fanbox用户名,medium,自动拆词；需校对未知片段: fanbox
tactical_clothes,2427,tactical服装,medium,自动拆词；需校对未知片段: tactical
licking_nipple,2425,舔乳头,medium,自动拆词组合，建议校对语序
video_camera,2422,videocamera,low,"自动拆词；需校对未知片段: video, camera"
tall_female,2422,tall女性,medium,自动拆词；需校对未知片段: tall
bisexual_female,2415,bisexual女性,medium,自动拆词；需校对未知片段: bisexual
spiked_armlet,2411,spikedarmlet,low,"自动拆词；需校对未知片段: spiked, armlet"
traditional_youkai,2404,传统youkai,medium,自动拆词；需校对未知片段: youkai
millennium_cheerleader_outfit_(blue_archive),2400,millenniumcheerleaderoutfit（blue_archive）,low,"自动拆词；需校对未知片段: millennium, cheerleader, outfit"
see-through_leotard,2399,透视连体衣,medium,自动拆词组合，建议校对语序
green_neckerchief,2397,绿色领巾,medium,自动拆词组合，建议校对语序
industrial_pipe,2397,industrial管,medium,自动拆词；需校对未知片段: industrial
o-ring_thigh_strap,2396,o泳圈大腿带子,medium,自动拆词；需校对未知片段: o
frilled_socks,2384,荷叶边袜子,medium,自动拆词组合，建议校对语序
cone_horns,2381,cone角,medium,自动拆词；需校对未知片段: cone
grey_necktie,2379,灰色领带,medium,自动拆词组合，建议校对语序
breast_curtain,2378,乳房curtain,medium,自动拆词；需校对未知片段: curtain
holstered,2374,holstered,low,自动拆词；需校对未知片段: holstered
head_on_pillow,2367,头在枕头,medium,自动拆词组合，建议校对语序
blue_sash,2364,蓝色腰带,medium,自动拆词组合，建议校对语序
two-sided_jacket,2363,两个双面夹克,medium,自动拆词组合，建议校对语序
pink_pupils,2361,粉色瞳孔,medium,自动拆词组合，建议校对语序
plaid_necktie,2359,格纹领带,medium,自动拆词组合，建议校对语序
hair_through_headwear,2354,头发视头饰,medium,自动拆词组合，建议校对语序
backless_leotard,2351,backless连体衣,medium,自动拆词；需校对未知片段: backless
holding_swim_ring,2344,拿着swim泳圈,medium,自动拆词；需校对未知片段: swim
multiple_condoms,2343,多个condoms,medium,自动拆词；需校对未知片段: condoms
loose_clothes,2337,宽松服装,medium,自动拆词组合，建议校对语序
mechanical_tail,2336,机械尾巴,medium,自动拆词组合，建议校对语序
tokusatsu,2332,tokusatsu,low,自动拆词；需校对未知片段: tokusatsu
stomach_cutout,2324,stomach开洞,medium,自动拆词；需校对未知片段: stomach
cropped_shoulders,2319,短款shoulders,medium,自动拆词；需校对未知片段: shoulders
black_male_underwear,2315,黑色男性内衣,medium,自动拆词组合，建议校对语序
patchwork_skin,2312,patchwork皮肤,medium,自动拆词；需校对未知片段: patchwork
emoji,2305,emoji,low,自动拆词；需校对未知片段: emoji
nijigasaki_academy_school_uniform,2305,nijigasaki学园学校制服,medium,自动拆词；需校对未知片段: nijigasaki
constellation_print,2289,星座印花,medium,自动拆词组合，建议校对语序
floating_clothes,2282,漂浮服装,medium,自动拆词组合，建议校对语序
see-through_skirt,2282,透视裙子,medium,自动拆词组合，建议校对语序
black_pubic_hair,2281,黑色阴部头发,medium,自动拆词组合，建议校对语序
tracen_training_uniform,2280,tracentraining制服,low,"自动拆词；需校对未知片段: tracen, training"
blue_eyeshadow,2279,蓝色眼影,medium,自动拆词组合，建议校对语序
handsfree_ejaculation,2277,handsfreeejaculation,low,"自动拆词；需校对未知片段: handsfree, ejaculation"
puckered_anus,2277,puckeredanus,low,"自动拆词；需校对未知片段: puckered, anus"
open_pants,2273,打开裤子,medium,自动拆词组合，建议校对语序
fishnet_top,2273,网眼上装,medium,自动拆词组合，建议校对语序
cum_on_penis,2273,精液在阴茎,medium,自动拆词组合，建议校对语序
inverted_bob,2272,invertedbob,low,"自动拆词；需校对未知片段: inverted, bob"
drop_earrings,2271,drop耳环,medium,自动拆词；需校对未知片段: drop
sleeve_garter,2265,袖子吊袜带,medium,自动拆词组合，建议校对语序
veiny_breasts,2265,veiny乳房,medium,自动拆词；需校对未知片段: veiny
heart_o-ring,2265,心形o泳圈,medium,自动拆词；需校对未知片段: o
two-tone_ribbon,2263,两个tone丝带,medium,自动拆词；需校对未知片段: tone
chest_strap,2262,胸部带子,medium,自动拆词组合，建议校对语序
kalashnikov_rifle,2262,kalashnikovrifle,low,"自动拆词；需校对未知片段: kalashnikov, rifle"
face_to_breasts,2261,脸乳房,medium,自动拆词组合，建议校对语序
tight_shirt,2259,紧身衬衫,medium,自动拆词组合，建议校对语序
brown_necktie,2257,棕色领带,medium,自动拆词组合，建议校对语序
crazy_smile,2252,crazysmile,low,"自动拆词；需校对未知片段: crazy, smile"
gold_hairband,2248,金色发带,medium,自动拆词组合，建议校对语序
yellow_hoodie,2246,黄色连帽衫,medium,自动拆词组合，建议校对语序
eye_focus,2243,眼特写,medium,自动拆词组合，建议校对语序
white_bag,2242,白色包,medium,自动拆词组合，建议校对语序
red-tinted_eyewear,2242,红色染色眼镜,medium,自动拆词组合，建议校对语序
deviantart_username,2240,deviantart用户名,medium,自动拆词；需校对未知片段: deviantart
eyebrow_cut,2240,eyebrow切开,medium,自动拆词；需校对未知片段: eyebrow
animal_ear_headwear,2239,动物耳朵头饰,medium,自动拆词组合，建议校对语序
collared_coat,2238,collared外套,medium,自动拆词；需校对未知片段: collared
goat_ears,2237,山羊耳朵,medium,自动拆词组合，建议校对语序
collared_cape,2235,collared披肩,medium,自动拆词；需校对未知片段: collared
sports_car,2232,运动car,medium,自动拆词；需校对未知片段: car
grey_scarf,2230,灰色围巾,medium,自动拆词组合，建议校对语序
grey_border,2230,灰色边框,medium,自动拆词组合，建议校对语序
single_hair_ring,2230,单个头发泳圈,medium,自动拆词组合，建议校对语序
birdcage,2228,birdcage,low,自动拆词；需校对未知片段: birdcage
yellow_thighhighs,2227,黄色长筒袜,medium,自动拆词组合，建议校对语序
green_sleeves,2225,绿色袖子,medium,自动拆词组合，建议校对语序
orange_fur,2222,橙色毛皮,medium,自动拆词组合，建议校对语序
window_blinds,2221,windowblinds,low,"自动拆词；需校对未知片段: window, blinds"
leopard_ears,2213,leopard耳朵,medium,自动拆词；需校对未知片段: leopard
purple_gemstone,2210,紫色宝石,medium,自动拆词组合，建议校对语序
futanari_masturbation,2209,futanari自慰,medium,自动拆词；需校对未知片段: futanari
scar_on_neck,2208,伤疤在脖子,medium,自动拆词组合，建议校对语序
clover_print,2205,clover印花,medium,自动拆词；需校对未知片段: clover
lycoris_uniform,2202,lycoris制服,medium,自动拆词；需校对未知片段: lycoris
holding_game_controller,2200,拿着游戏controller,medium,自动拆词；需校对未知片段: controller
pink_socks,2198,粉色袜子,medium,自动拆词组合，建议校对语序
black_buruma,2197,黑色buruma,medium,自动拆词；需校对未知片段: buruma
greatsword,2189,greatsword,low,自动拆词；需校对未知片段: greatsword
sideways,2182,sideways,low,自动拆词；需校对未知片段: sideways
pixiv_id,2181,pixivid,low,"自动拆词；需校对未知片段: pixiv, id"
multicolored_fur,2179,多色毛皮,medium,自动拆词组合，建议校对语序
neon_lights,2176,neonlights,low,"自动拆词；需校对未知片段: neon, lights"
green_apron,2174,绿色围裙,medium,自动拆词组合，建议校对语序
park_bench,2174,parkbench,low,"自动拆词；需校对未知片段: park, bench"
brushing_hair,2171,brushing头发,medium,自动拆词；需校对未知片段: brushing
eyebrow_piercing,2167,eyebrow穿孔,medium,自动拆词；需校对未知片段: eyebrow
gold_necklace,2163,金色项链,medium,自动拆词组合，建议校对语序
bird_legs,2158,鸟腿,medium,自动拆词组合，建议校对语序
polka_dot_dress,2156,polka点连衣裙,medium,自动拆词；需校对未知片段: polka
puffy_pants,2154,puffy裤子,medium,自动拆词；需校对未知片段: puffy
plaid_headwear,2152,格纹头饰,medium,自动拆词组合，建议校对语序
space_helmet,2152,space头盔,medium,自动拆词；需校对未知片段: space
white_tail,2151,白色尾巴,medium,自动拆词组合，建议校对语序
blood_from_eyes,2143,血眼睛,medium,自动拆词组合，建议校对语序
fiery_hair,2143,fiery头发,medium,自动拆词；需校对未知片段: fiery
sidepec,2143,sidepec,low,自动拆词；需校对未知片段: sidepec
red_fur,2141,红色毛皮,medium,自动拆词组合，建议校对语序
leather_belt,2139,leather腰带,medium,自动拆词；需校对未知片段: leather
green_halo,2134,绿色光环,medium,自动拆词组合，建议校对语序
claw_ring,2129,claw泳圈,medium,自动拆词；需校对未知片段: claw
dyed_bangs,2120,dyed刘海,medium,自动拆词；需校对未知片段: dyed
two-tone_eyes,2117,两个tone眼睛,medium,自动拆词；需校对未知片段: tone
wrinkled_skin,2115,wrinkled皮肤,medium,自动拆词；需校对未知片段: wrinkled
fake_antlers,2115,假鹿角,medium,自动拆词组合，建议校对语序
frilled_cuffs,2114,荷叶边袖口,medium,自动拆词组合，建议校对语序
scissor_blade_(kill_la_kill),2113,scissorblade（kill_la_kill）,low,"自动拆词；需校对未知片段: scissor, blade"
two-tone_bowtie,2111,两个tone领结,medium,自动拆词；需校对未知片段: tone
palm_leaf,2109,palm叶子,medium,自动拆词；需校对未知片段: palm
pink_blood,2107,粉色血,medium,自动拆词组合，建议校对语序
holding_brush,2105,拿着brush,medium,自动拆词；需校对未知片段: brush
against_tree,2101,against树,medium,自动拆词；需校对未知片段: against
black_halo,2100,黑色光环,medium,自动拆词组合，建议校对语序
checkered_necktie,2098,棋盘格领带,medium,自动拆词组合，建议校对语序
on_bench,2096,在bench,medium,自动拆词；需校对未知片段: bench
upturned_eyes,2096,upturned眼睛,medium,自动拆词；需校对未知片段: upturned
jack-o'_challenge,2094,插孔o'挑战,medium,自动拆词；需校对未知片段: o'
e.g.o_(project_moon),2091,e.g.o（project_moon）,low,自动拆词；需校对未知片段: e.g.o
bear_girl,2087,熊女孩,medium,自动拆词组合，建议校对语序
fur-trimmed_cloak,2085,毛皮饰边斗篷,medium,自动拆词组合，建议校对语序
electrokinesis,2084,electrokinesis,low,自动拆词；需校对未知片段: electrokinesis
fangs_out,2081,fangs露出,medium,自动拆词；需校对未知片段: fangs
gold_bracelet,2081,金色手镯,medium,自动拆词组合，建议校对语序
black_undershirt,2078,黑色undershirt,medium,自动拆词；需校对未知片段: undershirt
incoming_attack,2075,incomingattack,low,"自动拆词；需校对未知片段: incoming, attack"
poke_ball_symbol,2072,poke球符号,medium,自动拆词；需校对未知片段: poke
pink_fur,2072,粉色毛皮,medium,自动拆词组合，建议校对语序
cum_on_legs,2071,精液在腿,medium,自动拆词组合，建议校对语序
shortstack,2066,shortstack,low,自动拆词；需校对未知片段: shortstack
holding_baseball_bat,2064,拿着baseball蝙蝠,medium,自动拆词；需校对未知片段: baseball
hand_on_eyewear,2063,手在眼镜,medium,自动拆词组合，建议校对语序
fertilization,2062,fertilization,low,自动拆词；需校对未知片段: fertilization
orange_thighhighs,2059,橙色长筒袜,medium,自动拆词组合，建议校对语序
sitting_in_tree,2056,坐着在树,medium,自动拆词组合，建议校对语序
thigh_cutout,2055,大腿开洞,medium,自动拆词组合，建议校对语序
knees_apart_feet_together,2048,膝盖分开脚在一起,medium,自动拆词组合，建议校对语序
ribbon-trimmed_clothes,2047,丝带饰边服装,medium,自动拆词组合，建议校对语序
blue_bag,2044,蓝色包,medium,自动拆词组合，建议校对语序
purple_belt,2041,紫色腰带,medium,自动拆词组合，建议校对语序
leg_hold,2040,腿hold,medium,自动拆词；需校对未知片段: hold
wooden_table,2040,wooden桌子,medium,自动拆词；需校对未知片段: wooden
x-shaped_pupils,2039,x形瞳孔,medium,自动拆词；需校对未知片段: x
red_bandana,2037,红色bandana,medium,自动拆词；需校对未知片段: bandana
spoken_character,2034,spokencharacter,low,"自动拆词；需校对未知片段: spoken, character"
looking_at_mirror,2032,看着mirror,medium,自动拆词；需校对未知片段: mirror
halloween_bucket,2032,halloweenbucket,low,"自动拆词；需校对未知片段: halloween, bucket"
blue_collar,2029,蓝色衣领,medium,自动拆词组合，建议校对语序
white_veil,2025,白色veil,medium,自动拆词；需校对未知片段: veil
belt_bra,2023,腰带bra,medium,自动拆词；需校对未知片段: bra
yellow_armband,2023,黄色臂章,medium,自动拆词组合，建议校对语序
flower_ornament,2018,花饰品,medium,自动拆词组合，建议校对语序
shoulder_boards,2011,肩boards,medium,自动拆词；需校对未知片段: boards
fish_(food),2008,鱼（食物）,medium,自动拆词组合，建议校对语序
blowing_kiss,2005,blowingkiss,low,"自动拆词；需校对未知片段: blowing, kiss"
multicolored_shirt,1999,多色衬衫,medium,自动拆词组合，建议校对语序
cooking_pot,1999,cookingpot,low,"自动拆词；需校对未知片段: cooking, pot"
viera,1998,viera,low,自动拆词；需校对未知片段: viera
pillbox_hat,1997,pillbox帽子,medium,自动拆词；需校对未知片段: pillbox
penis_out,1995,阴茎露出,medium,自动拆词组合，建议校对语序
brown_socks,1995,棕色袜子,medium,自动拆词组合，建议校对语序
single_fingerless_glove,1993,单个露指手套,medium,自动拆词组合，建议校对语序
yellow_horns,1990,黄色角,medium,自动拆词组合，建议校对语序
yellow_belt,1987,黄色腰带,medium,自动拆词组合，建议校对语序
homurahara_academy_school_uniform,1983,homurahara学园学校制服,medium,自动拆词；需校对未知片段: homurahara
stuffed_shark,1979,填充鲨鱼,medium,自动拆词组合，建议校对语序
veiny_arms,1977,veiny手臂,medium,自动拆词；需校对未知片段: veiny
unworn_bikini_top,1972,未穿戴比基尼上装,medium,自动拆词组合，建议校对语序
against_railing,1969,againstrailing,low,"自动拆词；需校对未知片段: against, railing"
pyrokinesis,1969,pyrokinesis,low,自动拆词；需校对未知片段: pyrokinesis
chocolate_on_body,1967,巧克力在身体,medium,自动拆词组合，建议校对语序
truck,1964,truck,low,自动拆词；需校对未知片段: truck
pectoral_grab,1963,胸肌抓住,medium,自动拆词组合，建议校对语序
redesign,1962,redesign,low,自动拆词；需校对未知片段: redesign
2024,1961,2024,medium,自动拆词组合，建议校对语序
hair_ears,1960,头发耳朵,medium,自动拆词组合，建议校对语序
shower_(place),1959,shower（place）,low,自动拆词；需校对未知片段: shower
bow_earrings,1959,蝴蝶结耳环,medium,自动拆词组合，建议校对语序
fur-trimmed_kimono,1958,毛皮饰边和服,medium,自动拆词组合，建议校对语序
very_long_fingernails,1958,非常长fingernails,medium,自动拆词；需校对未知片段: fingernails
cropped_hoodie,1958,短款连帽衫,medium,自动拆词组合，建议校对语序
bandaid_on_hand,1954,创可贴在手,medium,自动拆词组合，建议校对语序
onee-loli,1953,oneeloli,low,"自动拆词；需校对未知片段: onee, loli"
doughnut_hair_bun,1951,doughnut头发发髻,medium,自动拆词；需校对未知片段: doughnut
sticker_on_face,1951,sticker在脸,medium,自动拆词；需校对未知片段: sticker
pink_pajamas,1948,粉色pajamas,medium,自动拆词；需校对未知片段: pajamas
wooden_fence,1946,woodenfence,low,"自动拆词；需校对未知片段: wooden, fence"
bandaged_neck,1945,绷带包扎脖子,medium,自动拆词组合，建议校对语序
crescent_facial_mark,1942,新月面部标记,medium,自动拆词组合，建议校对语序
heart_balloon,1941,心形balloon,medium,自动拆词；需校对未知片段: balloon
x,1939,x,low,自动拆词；需校对未知片段: x
blue_cloak,1937,蓝色斗篷,medium,自动拆词组合，建议校对语序
stitched_face,1937,stitched脸,medium,自动拆词；需校对未知片段: stitched
sparse_pubic_hair,1934,sparse阴部头发,medium,自动拆词；需校对未知片段: sparse
hand_on_another's_waist,1932,手在他人的腰,medium,自动拆词组合，建议校对语序
behind_another,1928,在后方他人的,medium,自动拆词组合，建议校对语序
sweatpants,1927,sweatpants,low,自动拆词；需校对未知片段: sweatpants
shoulder_strap,1927,肩带子,medium,自动拆词组合，建议校对语序
sitting_on_stairs,1925,坐着在stairs,medium,自动拆词；需校对未知片段: stairs
eyewear_on_headwear,1925,眼镜在头饰,medium,自动拆词组合，建议校对语序
sunburst_background,1923,sunburst背景,medium,自动拆词；需校对未知片段: sunburst
cowboy_western,1922,cowboywestern,low,"自动拆词；需校对未知片段: cowboy, western"
brown_horns,1922,棕色角,medium,自动拆词组合，建议校对语序
grabbing_another's_chin,1920,抓住他人的chin,medium,自动拆词；需校对未知片段: chin
respirator,1918,respirator,low,自动拆词；需校对未知片段: respirator
unworn_boots,1918,未穿戴boots,medium,自动拆词；需校对未知片段: boots
torpedo_tubes,1914,torpedotubes,low,"自动拆词；需校对未知片段: torpedo, tubes"
male_playboy_bunny,1902,男性playboy兔女郎,medium,自动拆词；需校对未知片段: playboy
bow_(music),1899,蝴蝶结（music）,medium,自动拆词组合，建议校对语序
thigh_belt,1898,大腿腰带,medium,自动拆词组合，建议校对语序
bulletproof_vest,1897,bulletproof背心,medium,自动拆词；需校对未知片段: bulletproof
nipple_bar,1894,乳头bar,medium,自动拆词；需校对未知片段: bar
kibito_high_school_uniform,1893,kibitohigh学校制服,low,"自动拆词；需校对未知片段: kibito, high"
purple_capelet,1892,紫色小披肩,medium,自动拆词组合，建议校对语序
yellow_bag,1891,黄色包,medium,自动拆词组合，建议校对语序
instagram_username,1890,instagram用户名,medium,自动拆词；需校对未知片段: instagram
3others,1889,3others,low,自动拆词；需校对未知片段: 3others
index_fingers_together,1888,index手指在一起,medium,自动拆词；需校对未知片段: index
furrification,1888,furrification,low,自动拆词；需校对未知片段: furrification
bodice,1885,bodice,low,自动拆词；需校对未知片段: bodice
nike_(company),1884,nike（company）,low,自动拆词；需校对未知片段: nike
pink_eyeshadow,1882,粉色眼影,medium,自动拆词组合，建议校对语序
palette_(object),1880,palette（物体）,low,自动拆词；需校对未知片段: palette
blue_sclera,1877,蓝色巩膜,medium,自动拆词组合，建议校对语序
imminent_fellatio,1875,即将口交,medium,自动拆词组合，建议校对语序
pink_belt,1874,粉色腰带,medium,自动拆词组合，建议校对语序
reindeer_costume,1873,reindeer服装,medium,自动拆词；需校对未知片段: reindeer
ribbon-trimmed_collar,1870,丝带饰边衣领,medium,自动拆词组合，建议校对语序
hakama_pants,1867,袴裤子,medium,自动拆词组合，建议校对语序
snap-fit_buckle,1864,snapfitbuckle,low,"自动拆词；需校对未知片段: snap, fit, buckle"
head_on_another's_shoulder,1861,头在他人的肩,medium,自动拆词组合，建议校对语序
pink_one-piece_swimsuit,1860,粉色一个件泳装,medium,自动拆词组合，建议校对语序
magatama_earrings,1860,magatama耳环,medium,自动拆词；需校对未知片段: magatama
stadium,1859,stadium,low,自动拆词；需校对未知片段: stadium
hand_on_another's_neck,1858,手在他人的脖子,medium,自动拆词组合，建议校对语序
holding_balloon,1858,拿着balloon,medium,自动拆词；需校对未知片段: balloon
blue-tinted_eyewear,1857,蓝色染色眼镜,medium,自动拆词组合，建议校对语序
moon_(ornament),1856,moon（饰品）,low,自动拆词；需校对未知片段: moon
buttoned_cuffs,1855,buttoned袖口,medium,自动拆词；需校对未知片段: buttoned
cow_boy,1855,cow男孩,medium,自动拆词；需校对未知片段: cow
torn,1853,破损,medium,自动拆词组合，建议校对语序
psychic,1853,psychic,low,自动拆词；需校对未知片段: psychic
hair_in_own_mouth,1849,头发在自己的嘴,medium,自动拆词组合，建议校对语序
viewer_holding_leash,1848,viewer拿着牵绳,medium,自动拆词；需校对未知片段: viewer
banknote,1844,banknote,low,自动拆词；需校对未知片段: banknote
stone_floor,1838,stone地板,medium,自动拆词；需校对未知片段: stone
purple_eyeshadow,1837,紫色眼影,medium,自动拆词组合，建议校对语序
yellow_sash,1836,黄色腰带,medium,自动拆词组合，建议校对语序
penis_size_difference,1836,阴茎sizedifference,low,"自动拆词；需校对未知片段: size, difference"
painting_(action),1829,painting（action）,low,自动拆词；需校对未知片段: painting
partially_underwater_shot,1826,部分underwatershot,low,"自动拆词；需校对未知片段: underwater, shot"
holding_scissors,1826,拿着scissors,medium,自动拆词；需校对未知片段: scissors
tail_wrap,1821,尾巴wrap,medium,自动拆词；需校对未知片段: wrap
brown_cloak,1821,棕色斗篷,medium,自动拆词组合，建议校对语序
cum_on_hands,1820,精液在双手,medium,自动拆词组合，建议校对语序
body_freckles,1820,身体freckles,medium,自动拆词；需校对未知片段: freckles
utaite,1820,utaite,low,自动拆词；需校对未知片段: utaite
overcast,1819,overcast,low,自动拆词；需校对未知片段: overcast
rainbow_gradient,1818,rainbow渐变,medium,自动拆词；需校对未知片段: rainbow
chibi_only,1817,chibi仅,medium,自动拆词；需校对未知片段: chibi
sitting_on_object,1817,坐着在物体,medium,自动拆词组合，建议校对语序
pussy_piercing,1817,pussy穿孔,medium,自动拆词；需校对未知片段: pussy
hickey,1814,hickey,low,自动拆词；需校对未知片段: hickey
ace_(playing_card),1811,ace（playing_card）,low,自动拆词；需校对未知片段: ace
multicolored_bow,1810,多色蝴蝶结,medium,自动拆词组合，建议校对语序
mole_on_ass,1808,痣在屁股,medium,自动拆词组合，建议校对语序
romper,1806,romper,low,自动拆词；需校对未知片段: romper
diamond_cutout,1805,菱形开洞,medium,自动拆词组合，建议校对语序
large_testicles,1803,大testicles,medium,自动拆词；需校对未知片段: testicles
kissing_forehead,1801,亲吻额头,medium,自动拆词组合，建议校对语序
prosthetic_leg,1797,prosthetic腿,medium,自动拆词；需校对未知片段: prosthetic
gold_bikini,1795,金色比基尼,medium,自动拆词组合，建议校对语序
grey_belt,1794,灰色腰带,medium,自动拆词组合，建议校对语序
black_garter_straps,1793,黑色吊袜带straps,medium,自动拆词；需校对未知片段: straps
heel_up,1789,heel变大,medium,自动拆词；需校对未知片段: heel
triangle_earrings,1789,triangle耳环,medium,自动拆词；需校对未知片段: triangle
bow_choker,1786,蝴蝶结项圈,medium,自动拆词组合，建议校对语序
platform_heels,1786,platformheels,low,"自动拆词；需校对未知片段: platform, heels"
delinquent,1785,delinquent,low,自动拆词；需校对未知片段: delinquent
dress_flower,1784,连衣裙花,medium,自动拆词组合，建议校对语序
animal_bag,1783,动物包,medium,自动拆词组合，建议校对语序
rabbit_boy,1783,兔子男孩,medium,自动拆词组合，建议校对语序
mechanical_hands,1783,机械双手,medium,自动拆词组合，建议校对语序
green_flower,1782,绿色花,medium,自动拆词组合，建议校对语序
disgust,1782,厌恶,medium,自动拆词组合，建议校对语序
6+others,1776,6+others,low,自动拆词；需校对未知片段: 6+others
hooded_robe,1773,带兜帽长袍,medium,自动拆词组合，建议校对语序
group_picture,1772,grouppicture,low,"自动拆词；需校对未知片段: group, picture"
purple-tinted_eyewear,1768,紫色染色眼镜,medium,自动拆词组合，建议校对语序
yellow_pants,1766,黄色裤子,medium,自动拆词组合，建议校对语序
purple_fur,1766,紫色毛皮,medium,自动拆词组合，建议校对语序
straddling_paizuri,1766,straddlingpaizuri,low,"自动拆词；需校对未知片段: straddling, paizuri"
unusually_open_eyes,1765,unusually打开眼睛,medium,自动拆词；需校对未知片段: unusually
heart_button,1765,心形纽扣,medium,自动拆词组合，建议校对语序
ammunition_pouch,1761,ammunitionpouch,low,"自动拆词；需校对未知片段: ammunition, pouch"
lettuce,1759,lettuce,low,自动拆词；需校对未知片段: lettuce
bruise_on_face,1757,bruise在脸,medium,自动拆词；需校对未知片段: bruise
sleeveless_turtleneck_leotard,1756,sleeveless高领连体衣,medium,自动拆词；需校对未知片段: sleeveless
plaid_jacket,1756,格纹夹克,medium,自动拆词组合，建议校对语序
orange_neckerchief,1752,橙色领巾,medium,自动拆词组合，建议校对语序
stroking_own_chin,1752,stroking自己的chin,low,"自动拆词；需校对未知片段: stroking, chin"
multicolored_horns,1751,多色角,medium,自动拆词组合，建议校对语序
grid_background,1748,网格背景,medium,自动拆词组合，建议校对语序
drinking_straw_in_mouth,1748,drinkingstraw在嘴,low,"自动拆词；需校对未知片段: drinking, straw"
diving_suit,1748,diving套装,medium,自动拆词；需校对未知片段: diving
sakuramon,1748,sakuramon,low,自动拆词；需校对未知片段: sakuramon
holding_water_gun,1747,拿着水枪,medium,自动拆词组合，建议校对语序
pixiv_username,1747,pixiv用户名,medium,自动拆词；需校对未知片段: pixiv
arm_between_breasts,1746,手臂之间乳房,medium,自动拆词组合，建议校对语序
two-tone_headwear,1746,两个tone头饰,medium,自动拆词；需校对未知片段: tone
brown_bowtie,1746,棕色领结,medium,自动拆词组合，建议校对语序
user_interface,1741,userinterface,low,"自动拆词；需校对未知片段: user, interface"
leg_armor,1738,腿盔甲,medium,自动拆词组合，建议校对语序
panda_ears,1738,panda耳朵,medium,自动拆词；需校对未知片段: panda
frilled_shorts,1735,荷叶边短裤,medium,自动拆词组合，建议校对语序
stab,1734,stab,low,自动拆词；需校对未知片段: stab
tricorne,1732,tricorne,low,自动拆词；需校对未知片段: tricorne
fortissimo,1732,fortissimo,low,自动拆词；需校对未知片段: fortissimo
cloth_gag,1727,cloth口球,medium,自动拆词；需校对未知片段: cloth
shirt_in_mouth,1721,衬衫在嘴,medium,自动拆词组合，建议校对语序
in-franchise_crossover,1716,在franchisecrossover,low,"自动拆词；需校对未知片段: franchise, crossover"
purple_tail,1712,紫色尾巴,medium,自动拆词组合，建议校对语序
juice,1711,juice,low,自动拆词；需校对未知片段: juice
multicolored_coat,1709,多色外套,medium,自动拆词组合，建议校对语序
team_rocket_uniform,1709,teamrocket制服,low,"自动拆词；需校对未知片段: team, rocket"
colored_shoe_soles,1707,有色shoesoles,low,"自动拆词；需校对未知片段: shoe, soles"
neck_fur,1706,脖子毛皮,medium,自动拆词组合，建议校对语序
earth_(ornament),1706,earth（饰品）,low,自动拆词；需校对未知片段: earth
gym,1702,gym,low,自动拆词；需校对未知片段: gym
sparkler,1702,sparkler,low,自动拆词；需校对未知片段: sparkler
light_blue_background,1702,浅色蓝色背景,medium,自动拆词组合，建议校对语序
berry,1702,berry,low,自动拆词；需校对未知片段: berry
mustache_stubble,1702,mustache胡茬,medium,自动拆词；需校对未知片段: mustache
3d_background,1701,3d背景,medium,自动拆词；需校对未知片段: 3d
greco-roman_clothes,1701,grecoroman服装,low,"自动拆词；需校对未知片段: greco, roman"
butterfly_on_hand,1701,蝴蝶在手,medium,自动拆词组合，建议校对语序
turtleneck_leotard,1699,高领连体衣,medium,自动拆词组合，建议校对语序
stone_wall,1695,stone墙,medium,自动拆词；需校对未知片段: stone
gradient_clothes,1693,渐变服装,medium,自动拆词组合，建议校对语序
blank_censor,1693,blankcensor,low,"自动拆词；需校对未知片段: blank, censor"
blue_feathers,1693,蓝色羽毛,medium,自动拆词组合，建议校对语序
cupping_hands,1692,cupping双手,medium,自动拆词；需校对未知片段: cupping
horse_penis,1691,horse阴茎,medium,自动拆词；需校对未知片段: horse
sleep_mask,1691,sleep面具,medium,自动拆词；需校对未知片段: sleep
unworn_bag,1689,未穿戴包,medium,自动拆词组合，建议校对语序
back_focus,1685,背后特写,medium,自动拆词组合，建议校对语序
year_of_the_dragon,1685,年dragon,medium,自动拆词；需校对未知片段: dragon
gold_choker,1680,金色项圈,medium,自动拆词组合，建议校对语序
open_robe,1678,打开长袍,medium,自动拆词组合，建议校对语序
multiple_piercings,1676,多个piercings,medium,自动拆词；需校对未知片段: piercings
icho_private_high_school_uniform,1676,ichoprivatehigh学校制服,low,"自动拆词；需校对未知片段: icho, private, high"
ginkgo_leaf,1674,ginkgo叶子,medium,自动拆词；需校对未知片段: ginkgo
chainmail,1671,chainmail,low,自动拆词；需校对未知片段: chainmail
2014,1670,2014,medium,自动拆词组合，建议校对语序
object_through_head,1669,物体视头,medium,自动拆词组合，建议校对语序
scar_on_stomach,1668,伤疤在stomach,medium,自动拆词；需校对未知片段: stomach
strongman_waist,1667,strongman腰,medium,自动拆词；需校对未知片段: strongman
loose_bowtie,1665,宽松领结,medium,自动拆词组合，建议校对语序
cooperative_paizuri,1662,cooperativepaizuri,low,"自动拆词；需校对未知片段: cooperative, paizuri"
blue_tongue,1659,蓝色舌头,medium,自动拆词组合，建议校对语序
blue_pupils,1658,蓝色瞳孔,medium,自动拆词组合，建议校对语序
tropical_fish,1658,tropical鱼,medium,自动拆词；需校对未知片段: tropical
unworn_sandals,1656,未穿戴sandals,medium,自动拆词；需校对未知片段: sandals
yellow_coat,1654,黄色外套,medium,自动拆词组合，建议校对语序
white_armor,1654,白色盔甲,medium,自动拆词组合，建议校对语序
forked_tongue,1653,forked舌头,medium,自动拆词；需校对未知片段: forked
eyewear_strap,1653,眼镜带子,medium,自动拆词组合，建议校对语序
a_certain_high_school_uniform,1651,certainhigh学校制服,low,"自动拆词；需校对未知片段: certain, high"
transparent_wings,1649,透明翅膀,medium,自动拆词组合，建议校对语序
falling_feathers,1647,falling羽毛,medium,自动拆词；需校对未知片段: falling
gun_sling,1646,枪sling,medium,自动拆词；需校对未知片段: sling
shimaidon_(sex),1645,shimaidon（性交）,low,自动拆词；需校对未知片段: shimaidon
pink_pantyhose,1644,粉色连裤袜,medium,自动拆词组合，建议校对语序
purple_horns,1644,紫色角,medium,自动拆词组合，建议校对语序
pointy_nose,1643,pointy鼻子,medium,自动拆词；需校对未知片段: pointy
phoenix_crown,1641,phoenixcrown,low,"自动拆词；需校对未知片段: phoenix, crown"
artificial_eye,1638,artificial眼,medium,自动拆词；需校对未知片段: artificial
unworn_gloves,1636,未穿戴手套,medium,自动拆词组合，建议校对语序
hand_on_own_shoulder,1635,手在自己的肩,medium,自动拆词组合，建议校对语序
cum_on_feet,1634,精液在脚,medium,自动拆词组合，建议校对语序
volleyball_(object),1632,volleyball（物体）,low,自动拆词；需校对未知片段: volleyball
full-body_tattoo,1630,full身体纹身,medium,自动拆词；需校对未知片段: full
guiding_hand,1629,guiding手,medium,自动拆词；需校对未知片段: guiding
deerstalker,1629,deerstalker,low,自动拆词；需校对未知片段: deerstalker
red_apron,1629,红色围裙,medium,自动拆词组合，建议校对语序
large_hands,1628,大双手,medium,自动拆词组合，建议校对语序
striped_headwear,1628,条纹头饰,medium,自动拆词组合，建议校对语序
star_facial_mark,1627,星星面部标记,medium,自动拆词组合，建议校对语序
hair_flowing_over,1627,头发flowing覆在,medium,自动拆词；需校对未知片段: flowing
broken_chain,1626,破损链条,medium,自动拆词组合，建议校对语序
grey_sports_bra,1626,灰色运动bra,medium,自动拆词；需校对未知片段: bra
orange_pants,1625,橙色裤子,medium,自动拆词组合，建议校对语序
digitigrade,1625,digitigrade,low,自动拆词；需校对未知片段: digitigrade
goat_girl,1625,山羊女孩,medium,自动拆词组合，建议校对语序
tulip_hat,1625,tulip帽子,medium,自动拆词；需校对未知片段: tulip
kitchen_knife,1620,kitchen刀,medium,自动拆词；需校对未知片段: kitchen
blunt_tresses,1618,blunttresses,low,"自动拆词；需校对未知片段: blunt, tresses"
orange_pantyhose,1615,橙色连裤袜,medium,自动拆词组合，建议校对语序
off-shoulder_bikini,1615,露出肩比基尼,medium,自动拆词组合，建议校对语序
aqua_headwear,1614,水色头饰,medium,自动拆词组合，建议校对语序
wrist_guards,1613,手腕guards,medium,自动拆词；需校对未知片段: guards
grey_bra,1612,灰色bra,medium,自动拆词；需校对未知片段: bra
arched_bangs,1612,arched刘海,medium,自动拆词；需校对未知片段: arched
broken_halo,1609,破损光环,medium,自动拆词组合，建议校对语序
undressing_another,1607,undressing他人的,medium,自动拆词；需校对未知片段: undressing
mechanical_ears,1604,机械耳朵,medium,自动拆词组合，建议校对语序
inverted_cross,1603,inverted十字,medium,自动拆词；需校对未知片段: inverted
brown_wings,1603,棕色翅膀,medium,自动拆词组合，建议校对语序
masturbation_through_clothes,1602,自慰视服装,medium,自动拆词组合，建议校对语序
wiping_face,1602,wiping脸,medium,自动拆词；需校对未知片段: wiping
black_garter_belt,1601,黑色吊袜带腰带,medium,自动拆词组合，建议校对语序
tail_piercing,1601,尾巴穿孔,medium,自动拆词组合，建议校对语序
shards,1597,shards,low,自动拆词；需校对未知片段: shards
purple_one-piece_swimsuit,1595,紫色一个件泳装,medium,自动拆词组合，建议校对语序
green_capelet,1593,绿色小披肩,medium,自动拆词组合，建议校对语序
holding_fishing_rod,1592,拿着fishingrod,low,"自动拆词；需校对未知片段: fishing, rod"
grey_halo,1591,灰色光环,medium,自动拆词组合，建议校对语序
two-tone_footwear,1590,两个tone鞋类,medium,自动拆词；需校对未知片段: tone
walkie-talkie,1589,walkietalkie,low,"自动拆词；需校对未知片段: walkie, talkie"
no_eyebrows,1588,无眉毛,medium,自动拆词组合，建议校对语序
gem_(symbol),1587,gem（符号）,low,自动拆词；需校对未知片段: gem
circled_9,1584,circled9,medium,自动拆词；需校对未知片段: circled
key_necklace,1584,钥匙项链,medium,自动拆词组合，建议校对语序
notched_ear,1584,notched耳朵,medium,自动拆词；需校对未知片段: notched
brown_apron,1582,棕色围裙,medium,自动拆词组合，建议校对语序
pink-tinted_eyewear,1580,粉色染色眼镜,medium,自动拆词组合，建议校对语序
fiery_horns,1580,fiery角,medium,自动拆词；需校对未知片段: fiery
palms_together,1579,palms在一起,medium,自动拆词；需校对未知片段: palms
visor_(armor),1578,visor（盔甲）,low,自动拆词；需校对未知片段: visor
holding_cane,1578,拿着cane,medium,自动拆词；需校对未知片段: cane
uneven_horns,1577,不均匀角,medium,自动拆词组合，建议校对语序
crescent_print,1573,新月印花,medium,自动拆词组合，建议校对语序
school_emblem,1573,学校徽章,medium,自动拆词组合，建议校对语序
mask_around_neck,1572,面具围绕脖子,medium,自动拆词组合，建议校对语序
grey_nails,1571,灰色nails,medium,自动拆词；需校对未知片段: nails
brown_hoodie,1571,棕色连帽衫,medium,自动拆词组合，建议校对语序
print_jacket,1570,印花夹克,medium,自动拆词组合，建议校对语序
jaguar_ears,1570,jaguar耳朵,medium,自动拆词；需校对未知片段: jaguar
open_belt,1569,打开腰带,medium,自动拆词组合，建议校对语序
breast_focus,1568,乳房特写,medium,自动拆词组合，建议校对语序
tiger_stripes,1568,老虎stripes,medium,自动拆词；需校对未知片段: stripes
sidecut,1568,sidecut,low,自动拆词；需校对未知片段: sidecut
round_image,1567,roundimage,low,"自动拆词；需校对未知片段: round, image"
finger_to_face,1567,手指脸,medium,自动拆词组合，建议校对语序
fishnet_gloves,1566,网眼手套,medium,自动拆词组合，建议校对语序
playstation_controller,1558,playstationcontroller,low,"自动拆词；需校对未知片段: playstation, controller"
two-tone_bodysuit,1558,两个tone紧身衣,medium,自动拆词；需校对未知片段: tone
purple_halo,1556,紫色光环,medium,自动拆词组合，建议校对语序
holding_vegetable,1549,拿着vegetable,medium,自动拆词；需校对未知片段: vegetable
purple_hoodie,1549,紫色连帽衫,medium,自动拆词组合，建议校对语序
sunflower_field,1548,sunflowerfield,low,"自动拆词；需校对未知片段: sunflower, field"
animal_ear_legwear,1547,动物耳朵腿部穿着,medium,自动拆词组合，建议校对语序
holding_hose,1546,拿着hose,medium,自动拆词；需校对未知片段: hose
school_briefcase,1545,学校briefcase,medium,自动拆词；需校对未知片段: briefcase
sphere_earrings,1544,sphere耳环,medium,自动拆词；需校对未知片段: sphere
bat_girl,1544,蝙蝠女孩,medium,自动拆词组合，建议校对语序
hoop_piercing,1544,hoop穿孔,medium,自动拆词；需校对未知片段: hoop
vibrator_cord,1541,vibratorcord,low,"自动拆词；需校对未知片段: vibrator, cord"
low_neckline,1540,低领口,medium,自动拆词组合，建议校对语序
green_bag,1539,绿色包,medium,自动拆词组合，建议校对语序
pastel_colors,1536,pastelcolors,low,"自动拆词；需校对未知片段: pastel, colors"
triangle_print,1535,triangle印花,medium,自动拆词；需校对未知片段: triangle
boxer_briefs,1533,boxerbriefs,low,"自动拆词；需校对未知片段: boxer, briefs"
imminent_anal,1532,即将anal,medium,自动拆词；需校对未知片段: anal
candy_hair_ornament,1531,candy头发饰品,medium,自动拆词；需校对未知片段: candy
2013,1531,2013,medium,自动拆词组合，建议校对语序
\o/,1528,\o/,low,自动拆词；需校对未知片段: \o/
sleeveless_coat,1528,sleeveless外套,medium,自动拆词；需校对未知片段: sleeveless
unworn_socks,1527,未穿戴袜子,medium,自动拆词组合，建议校对语序
gradient_legwear,1526,渐变腿部穿着,medium,自动拆词组合，建议校对语序
holding_jacket,1525,拿着夹克,medium,自动拆词组合，建议校对语序
mismatched_sleeves,1522,不匹配袖子,medium,自动拆词组合，建议校对语序
teardrop_facial_mark,1520,teardrop面部标记,medium,自动拆词；需校对未知片段: teardrop
single_stripe,1518,单个stripe,medium,自动拆词；需校对未知片段: stripe
orange_ascot,1518,橙色领巾,medium,自动拆词组合，建议校对语序
tooth_necklace,1517,tooth项链,medium,自动拆词；需校对未知片段: tooth
salaryman,1517,salaryman,low,自动拆词；需校对未知片段: salaryman
photo_inset,1516,photoinset,low,"自动拆词；需校对未知片段: photo, inset"
after_rape,1516,之后rape,medium,自动拆词；需校对未知片段: rape
torpedo_launcher,1515,torpedolauncher,low,"自动拆词；需校对未知片段: torpedo, launcher"
yo-yo,1511,yoyo,low,"自动拆词；需校对未知片段: yo, yo"
cheek_press,1509,脸颊press,medium,自动拆词；需校对未知片段: press
purple_neckerchief,1509,紫色领巾,medium,自动拆词组合，建议校对语序
daruma_doll,1509,darumadoll,low,"自动拆词；需校对未知片段: daruma, doll"
double_fox_shadow_puppet,1507,双foxshadowpuppet,low,"自动拆词；需校对未知片段: fox, shadow, puppet"
basketball_uniform,1505,basketball制服,medium,自动拆词；需校对未知片段: basketball
purple_fire,1505,紫色fire,medium,自动拆词；需校对未知片段: fire
sideless_shirt,1505,sideless衬衫,medium,自动拆词；需校对未知片段: sideless
goatee_stubble,1504,goatee胡茬,medium,自动拆词；需校对未知片段: goatee
hand_tattoo,1504,手纹身,medium,自动拆词组合，建议校对语序
camouflage_jacket,1502,camouflage夹克,medium,自动拆词；需校对未知片段: camouflage
combat_helmet,1501,combat头盔,medium,自动拆词；需校对未知片段: combat
holding_own_tail,1500,拿着自己的尾巴,medium,自动拆词组合，建议校对语序
grey_neckerchief,1499,灰色领巾,medium,自动拆词组合，建议校对语序
brushing_another's_hair,1496,brushing他人的头发,medium,自动拆词；需校对未知片段: brushing
single_horizontal_stripe,1494,单个horizontalstripe,low,"自动拆词；需校对未知片段: horizontal, stripe"
2012,1494,2012,medium,自动拆词组合，建议校对语序
dark_halo,1493,深色光环,medium,自动拆词组合，建议校对语序
excited,1491,excited,low,自动拆词；需校对未知片段: excited
ruffling_hair,1490,揉乱头发,medium,自动拆词组合，建议校对语序
accidental_exposure,1489,accidentalexposure,low,"自动拆词；需校对未知片段: accidental, exposure"
white_bird,1489,白色鸟,medium,自动拆词组合，建议校对语序
gradient_dress,1488,渐变连衣裙,medium,自动拆词组合，建议校对语序
triangle_hair_ornament,1488,triangle头发饰品,medium,自动拆词；需校对未知片段: triangle
blood_on_knife,1485,血在刀,medium,自动拆词组合，建议校对语序
food-themed_clothes,1483,食物主题服装,medium,自动拆词组合，建议校对语序
mechanical_eye,1483,机械眼,medium,自动拆词组合，建议校对语序
industrial_piercing,1483,industrial穿孔,medium,自动拆词；需校对未知片段: industrial
flower_tattoo,1482,花纹身,medium,自动拆词组合，建议校对语序
cheek_squash,1480,脸颊squash,medium,自动拆词；需校对未知片段: squash
kouhaku_nawa,1480,kouhakunawa,low,"自动拆词；需校对未知片段: kouhaku, nawa"
spiked_choker,1480,spiked项圈,medium,自动拆词；需校对未知片段: spiked
aroused,1479,aroused,low,自动拆词；需校对未知片段: aroused
sword_on_back,1478,剑在背后,medium,自动拆词组合，建议校对语序
pointing_at_another,1477,pointing他人的,medium,自动拆词；需校对未知片段: pointing
arrow_through_heart,1474,arrow视心形,medium,自动拆词；需校对未知片段: arrow
scar_on_leg,1474,伤疤在腿,medium,自动拆词组合，建议校对语序
hedgehog,1474,hedgehog,low,自动拆词；需校对未知片段: hedgehog
wiping_sweat,1473,wipingsweat,low,"自动拆词；需校对未知片段: wiping, sweat"
mithra_(ff11),1472,mithra（ff11）,low,自动拆词；需校对未知片段: mithra
lava,1472,lava,low,自动拆词；需校对未知片段: lava
sobu_high_school_uniform,1472,sobuhigh学校制服,low,"自动拆词；需校对未知片段: sobu, high"
chewing,1470,chewing,low,自动拆词；需校对未知片段: chewing
huge_bow,1470,巨大蝴蝶结,medium,自动拆词组合，建议校对语序
lalafell,1470,lalafell,low,自动拆词；需校对未知片段: lalafell
robot_girl,1469,机器人女孩,medium,自动拆词组合，建议校对语序
aqua_jacket,1469,水色夹克,medium,自动拆词组合，建议校对语序
multiple_drawing_challenge,1469,多个drawing挑战,medium,自动拆词；需校对未知片段: drawing
sig_sauer,1466,sigsauer,low,"自动拆词；需校对未知片段: sig, sauer"
circle_skirt,1466,circle裙子,medium,自动拆词；需校对未知片段: circle
sleeve_bow,1466,袖子蝴蝶结,medium,自动拆词组合，建议校对语序
plume,1466,plume,low,自动拆词；需校对未知片段: plume
2010,1465,2010,medium,自动拆词组合，建议校对语序
pearl_bracelet,1462,pearl手镯,medium,自动拆词；需校对未知片段: pearl
orange_hoodie,1462,橙色连帽衫,medium,自动拆词组合，建议校对语序
hooded_cardigan,1460,带兜帽开衫,medium,自动拆词组合，建议校对语序
licking_another's_face,1459,舔他人的脸,medium,自动拆词组合，建议校对语序
gibson_les_paul,1457,gibsonlespaul,low,"自动拆词；需校对未知片段: gibson, les, paul"
pink_capelet,1457,粉色小披肩,medium,自动拆词组合，建议校对语序
hydrokinesis,1457,hydrokinesis,low,自动拆词；需校对未知片段: hydrokinesis
yurigaoka_girls_academy_school_uniform,1457,yurigaokagirls学园学校制服,low,"自动拆词；需校对未知片段: yurigaoka, girls"
red_apple,1456,红色apple,medium,自动拆词；需校对未知片段: apple
ear_wiggle,1455,耳朵wiggle,medium,自动拆词；需校对未知片段: wiggle
two-tone_sports_bra,1455,两个tone运动bra,low,"自动拆词；需校对未知片段: tone, bra"
linear_hatching,1454,linearhatching,low,"自动拆词；需校对未知片段: linear, hatching"
utensil_in_mouth,1454,utensil在嘴,medium,自动拆词；需校对未知片段: utensil
rabbit-shaped_pupils,1454,兔子形瞳孔,medium,自动拆词组合，建议校对语序
hand_on_lap,1451,手在lap,medium,自动拆词；需校对未知片段: lap
yin_yang_orb,1450,yinyangorb,low,"自动拆词；需校对未知片段: yin, yang, orb"
historical_name_connection,1449,historicalname连接,low,"自动拆词；需校对未知片段: historical, name"
dice_hair_ornament,1448,dice头发饰品,medium,自动拆词；需校对未知片段: dice
ninja_mask,1445,ninja面具,medium,自动拆词；需校对未知片段: ninja
overall_shorts,1445,overall短裤,medium,自动拆词；需校对未知片段: overall
holding_ladle,1445,拿着ladle,medium,自动拆词；需校对未知片段: ladle
sweaty_clothes,1445,sweaty服装,medium,自动拆词；需校对未知片段: sweaty
shorts_under_dress,1445,短裤下连衣裙,medium,自动拆词组合，建议校对语序
fur-trimmed_footwear,1444,毛皮饰边鞋类,medium,自动拆词组合，建议校对语序
streamers,1444,streamers,low,自动拆词；需校对未知片段: streamers
shiny_legwear,1444,shiny腿部穿着,medium,自动拆词；需校对未知片段: shiny
eden_academy_school_uniform,1442,eden学园学校制服,medium,自动拆词；需校对未知片段: eden
eyewear_hang,1441,眼镜hang,medium,自动拆词；需校对未知片段: hang
star_brooch,1440,星星胸针,medium,自动拆词组合，建议校对语序
kirin_(armor),1440,kirin（盔甲）,low,自动拆词；需校对未知片段: kirin
short_sidetail,1437,短sidetail,medium,自动拆词；需校对未知片段: sidetail
ribbon-trimmed_dress,1436,丝带饰边连衣裙,medium,自动拆词组合，建议校对语序
same-sex_bathing,1435,same性交bathing,low,"自动拆词；需校对未知片段: same, bathing"
prehensile_tail,1435,prehensile尾巴,medium,自动拆词；需校对未知片段: prehensile
multicolored_headwear,1435,多色头饰,medium,自动拆词组合，建议校对语序
unamused,1434,unamused,low,自动拆词；需校对未知片段: unamused
oversized_food,1432,过大食物,medium,自动拆词组合，建议校对语序
furigana,1431,furigana,low,自动拆词；需校对未知片段: furigana
campfire,1430,campfire,low,自动拆词；需校对未知片段: campfire
puppet_strings,1429,puppetstrings,low,"自动拆词；需校对未知片段: puppet, strings"
futa_on_male,1428,futa在男性,medium,自动拆词；需校对未知片段: futa
solid_eyes,1427,solid眼睛,medium,自动拆词；需校对未知片段: solid
crime_prevention_buzzer,1426,crimepreventionbuzzer,low,"自动拆词；需校对未知片段: crime, prevention, buzzer"
thick_lips,1425,厚嘴唇,medium,自动拆词组合，建议校对语序
covered_penis,1425,覆盖阴茎,medium,自动拆词组合，建议校对语序
spooning,1424,spooning,low,自动拆词；需校对未知片段: spooning
compass_rose_halo,1424,compassrose光环,low,"自动拆词；需校对未知片段: compass, rose"
cross_tie,1422,十字系带,medium,自动拆词组合，建议校对语序
camouflage_pants,1418,camouflage裤子,medium,自动拆词；需校对未知片段: camouflage
brown_tail,1417,棕色尾巴,medium,自动拆词组合，建议校对语序
dildo_riding,1414,dildo骑乘,medium,自动拆词；需校对未知片段: dildo
2011,1413,2011,medium,自动拆词组合，建议校对语序
food-themed_earrings,1412,食物主题耳环,medium,自动拆词组合，建议校对语序
2000s_(style),1411,2000s（style）,low,自动拆词；需校对未知片段: 2000s
white_umbrella,1411,白色伞,medium,自动拆词组合，建议校对语序
holding_ice_cream,1411,拿着icecream,low,"自动拆词；需校对未知片段: ice, cream"
green_socks,1410,绿色袜子,medium,自动拆词组合，建议校对语序
cumulonimbus_cloud,1410,cumulonimbuscloud,low,"自动拆词；需校对未知片段: cumulonimbus, cloud"
big_nose,1408,big鼻子,medium,自动拆词；需校对未知片段: big
mole_above_mouth,1407,痣上方嘴,medium,自动拆词组合，建议校对语序
riding_pokemon,1407,骑乘pokemon,medium,自动拆词；需校对未知片段: pokemon
monster_energy,1406,monster能量,medium,自动拆词；需校对未知片段: monster
two-tone_bow,1403,两个tone蝴蝶结,medium,自动拆词；需校对未知片段: tone
trash_bag,1403,trash包,medium,自动拆词；需校对未知片段: trash
headlamp,1403,headlamp,low,自动拆词；需校对未知片段: headlamp
sword_behind_back,1401,剑在后方背后,medium,自动拆词组合，建议校对语序
multiple_swords,1399,多个swords,medium,自动拆词；需校对未知片段: swords
grey_bodysuit,1398,灰色紧身衣,medium,自动拆词组合，建议校对语序
fur-trimmed_shorts,1397,毛皮饰边短裤,medium,自动拆词组合，建议校对语序
frilled_leotard,1397,荷叶边连体衣,medium,自动拆词组合，建议校对语序
jingasa,1397,jingasa,low,自动拆词；需校对未知片段: jingasa
hand_on_another's_leg,1396,手在他人的腿,medium,自动拆词组合，建议校对语序
hands_on_own_ass,1394,双手在自己的屁股,medium,自动拆词组合，建议校对语序
brown_corset,1394,棕色corset,medium,自动拆词；需校对未知片段: corset
bird_mask,1394,鸟面具,medium,自动拆词组合，建议校对语序
nostrils,1393,nostrils,low,自动拆词；需校对未知片段: nostrils
foliage,1392,foliage,low,自动拆词；需校对未知片段: foliage
tarot_(medium),1391,tarot（媒介）,low,自动拆词；需校对未知片段: tarot
sitting_on_bench,1391,坐着在bench,medium,自动拆词；需校对未知片段: bench
shirt_grab,1391,衬衫抓住,medium,自动拆词组合，建议校对语序
denim_jacket,1391,denim夹克,medium,自动拆词；需校对未知片段: denim
neck_tassel,1391,脖子流苏,medium,自动拆词组合，建议校对语序
lion_boy,1389,lion男孩,medium,自动拆词；需校对未知片段: lion
cum_in_clothes,1388,精液在服装,medium,自动拆词组合，建议校对语序
gradient_skin,1386,渐变皮肤,medium,自动拆词组合，建议校对语序
holding_gohei,1382,拿着gohei,medium,自动拆词；需校对未知片段: gohei
sailor_moon_redraw_challenge_(meme),1382,水手moonredraw挑战（meme）,low,"自动拆词；需校对未知片段: moon, redraw"
blood_in_hair,1381,血在头发,medium,自动拆词组合，建议校对语序
white_snake,1380,白色snake,medium,自动拆词；需校对未知片段: snake
polka_dot_headwear,1380,polka点头饰,medium,自动拆词；需校对未知片段: polka
white_garter_straps,1378,白色吊袜带straps,medium,自动拆词；需校对未知片段: straps
voice_actor,1377,voiceactor,low,"自动拆词；需校对未知片段: voice, actor"
frilled_ascot,1377,荷叶边领巾,medium,自动拆词组合，建议校对语序
pine_tree,1377,pine树,medium,自动拆词；需校对未知片段: pine
colored_shadow,1377,有色shadow,medium,自动拆词；需校对未知片段: shadow
tentacle_pit,1377,tentaclepit,low,"自动拆词；需校对未知片段: tentacle, pit"
yellow_sleeves,1375,黄色袖子,medium,自动拆词组合，建议校对语序
shark_costume,1375,鲨鱼服装,medium,自动拆词组合，建议校对语序
hand_on_own_neck,1374,手在自己的脖子,medium,自动拆词组合，建议校对语序
concert,1374,concert,low,自动拆词；需校对未知片段: concert
no_sclera,1374,无巩膜,medium,自动拆词组合，建议校对语序
cutout_above_navel,1373,开洞上方navel,medium,自动拆词；需校对未知片段: navel
portrait_(object),1371,portrait（物体）,low,自动拆词；需校对未知片段: portrait
clapping,1368,clapping,low,自动拆词；需校对未知片段: clapping
exhausted,1366,exhausted,low,自动拆词；需校对未知片段: exhausted
two-tone_legwear,1365,两个tone腿部穿着,medium,自动拆词；需校对未知片段: tone
elezen,1365,elezen,low,自动拆词；需校对未知片段: elezen
adapted_turret,1364,adaptedturret,low,"自动拆词；需校对未知片段: adapted, turret"
high-waist_pantyhose,1363,high腰连裤袜,medium,自动拆词；需校对未知片段: high
mummy_costume,1363,mummy服装,medium,自动拆词；需校对未知片段: mummy
orange_sweater,1362,橙色毛衣,medium,自动拆词组合，建议校对语序
glowing_wings,1361,发光翅膀,medium,自动拆词组合，建议校对语序
torn_jacket,1361,破损夹克,medium,自动拆词组合，建议校对语序
scarf_over_mouth,1357,围巾覆在嘴,medium,自动拆词组合，建议校对语序
lace_choker,1357,蕾丝项圈,medium,自动拆词组合，建议校对语序
collared_vest,1357,collared背心,medium,自动拆词；需校对未知片段: collared
paw_print_background,1356,paw印花背景,medium,自动拆词；需校对未知片段: paw
tall,1353,tall,low,自动拆词；需校对未知片段: tall
tented_shirt,1353,tented衬衫,medium,自动拆词；需校对未知片段: tented
ghost_costume,1353,幽灵服装,medium,自动拆词组合，建议校对语序
ballet,1352,ballet,low,自动拆词；需校对未知片段: ballet
saw,1351,saw,low,自动拆词；需校对未知片段: saw
penis_peek,1351,阴茎露出,medium,自动拆词组合，建议校对语序
tokyo-3_middle_school_uniform,1350,tokyo3middle学校制服,low,"自动拆词；需校对未知片段: tokyo, middle"
double_w,1350,双w,medium,自动拆词；需校对未知片段: w
calico,1349,calico,low,自动拆词；需校对未知片段: calico
holding_another's_hair,1349,拿着他人的头发,medium,自动拆词组合，建议校对语序
mouth_pull,1348,嘴拉,medium,自动拆词组合，建议校对语序
bicorne,1348,bicorne,low,自动拆词；需校对未知片段: bicorne
holding_saucer,1347,拿着saucer,medium,自动拆词；需校对未知片段: saucer
multicolored_footwear,1345,多色鞋类,medium,自动拆词组合，建议校对语序
rolling_suitcase,1342,rollingsuitcase,low,"自动拆词；需校对未知片段: rolling, suitcase"
pink_border,1341,粉色边框,medium,自动拆词组合，建议校对语序
detective,1341,detective,low,自动拆词；需校对未知片段: detective
painterly,1340,painterly,low,自动拆词；需校对未知片段: painterly
multicolored_kimono,1338,多色和服,medium,自动拆词组合，建议校对语序
drawing_sword,1338,drawing剑,medium,自动拆词；需校对未知片段: drawing
star_tattoo,1337,星星纹身,medium,自动拆词组合，建议校对语序
pixiv_logo,1337,pixiv标志,medium,自动拆词；需校对未知片段: pixiv
vampire_costume,1337,vampire服装,medium,自动拆词；需校对未知片段: vampire
kurokote,1333,kurokote,low,自动拆词；需校对未知片段: kurokote
orange_skin,1333,橙色皮肤,medium,自动拆词组合，建议校对语序
brown_leotard,1332,棕色连体衣,medium,自动拆词组合，建议校对语序
pink_ascot,1331,粉色领巾,medium,自动拆词组合，建议校对语序
breast_cutout,1331,乳房开洞,medium,自动拆词组合，建议校对语序
two-tone_leotard,1330,两个tone连体衣,medium,自动拆词；需校对未知片段: tone
eye_trail,1330,眼trail,medium,自动拆词；需校对未知片段: trail
holding_violin,1329,拿着violin,medium,自动拆词；需校对未知片段: violin
stole,1329,stole,low,自动拆词；需校对未知片段: stole
cetacean_tail,1328,cetacean尾巴,medium,自动拆词；需校对未知片段: cetacean
holding_envelope,1326,拿着envelope,medium,自动拆词；需校对未知片段: envelope
deer_antlers,1326,鹿鹿角,medium,自动拆词组合，建议校对语序
sparkle_print,1325,sparkle印花,medium,自动拆词；需校对未知片段: sparkle
frog_print,1324,frog印花,medium,自动拆词；需校对未知片段: frog
yellow_butterfly,1323,黄色蝴蝶,medium,自动拆词组合，建议校对语序
glowing_hair,1323,发光头发,medium,自动拆词组合，建议校对语序
battery_indicator,1323,batteryindicator,low,"自动拆词；需校对未知片段: battery, indicator"
pink_camisole,1321,粉色吊带背心,medium,自动拆词组合，建议校对语序
androgyne_symbol,1321,androgyne符号,medium,自动拆词；需校对未知片段: androgyne
smokestack_hair_ornament,1321,smokestack头发饰品,medium,自动拆词；需校对未知片段: smokestack
lapel_pin,1318,lapelpin,low,"自动拆词；需校对未知片段: lapel, pin"
crocodilian_tail,1318,crocodilian尾巴,medium,自动拆词；需校对未知片段: crocodilian
looking_outside,1317,看着outside,medium,自动拆词；需校对未知片段: outside
long_tail,1317,长尾巴,medium,自动拆词组合，建议校对语序
just_the_tip,1316,justtip,low,"自动拆词；需校对未知片段: just, tip"
blue_brooch,1316,蓝色胸针,medium,自动拆词组合，建议校对语序
candy_wrapper,1315,candywrapper,low,"自动拆词；需校对未知片段: candy, wrapper"
outstretched_leg,1314,outstretched腿,medium,自动拆词；需校对未知片段: outstretched
santa_gloves,1314,santa手套,medium,自动拆词；需校对未知片段: santa
kodona,1313,kodona,low,自动拆词；需校对未知片段: kodona
pearl_earrings,1310,pearl耳环,medium,自动拆词；需校对未知片段: pearl
blue_border,1308,蓝色边框,medium,自动拆词组合，建议校对语序
glowing_horns,1308,发光角,medium,自动拆词组合，建议校对语序
boobplate,1307,boobplate,low,自动拆词；需校对未知片段: boobplate
sperm_cell,1307,spermcell,low,"自动拆词；需校对未知片段: sperm, cell"
instagram_logo,1305,instagram标志,medium,自动拆词；需校对未知片段: instagram
heart_collar,1303,心形衣领,medium,自动拆词组合，建议校对语序
arm_armor,1300,手臂盔甲,medium,自动拆词组合，建议校对语序
puffy_cheeks,1300,puffycheeks,low,"自动拆词；需校对未知片段: puffy, cheeks"
red_tail,1299,红色尾巴,medium,自动拆词组合，建议校对语序
excalibur_morgan_(fate),1299,excaliburmorgan（fate）,low,"自动拆词；需校对未知片段: excalibur, morgan"
purple_socks,1298,紫色袜子,medium,自动拆词组合，建议校对语序
white_mask,1298,白色面具,medium,自动拆词组合，建议校对语序
fourth_east_high_school_uniform,1297,fourtheasthigh学校制服,low,"自动拆词；需校对未知片段: fourth, east, high"
holding_legs,1296,拿着腿,medium,自动拆词组合，建议校对语序
dialogue_box,1293,dialogue盒子,medium,自动拆词；需校对未知片段: dialogue
surrounded_by_penises,1293,surrounded被penises,low,"自动拆词；需校对未知片段: surrounded, penises"
pouring_onto_self,1292,pouringonto自己,low,"自动拆词；需校对未知片段: pouring, onto"
egg_hair_ornament,1292,egg头发饰品,medium,自动拆词；需校对未知片段: egg
haniwa_(statue),1290,haniwa（statue）,low,自动拆词；需校对未知片段: haniwa
kamiyama_high_school_uniform_(hyouka),1290,kamiyamahigh学校制服（hyouka）,low,"自动拆词；需校对未知片段: kamiyama, high"
art_tools_in_frame,1289,arttools在框,low,"自动拆词；需校对未知片段: art, tools"
baggy_clothes,1287,baggy服装,medium,自动拆词；需校对未知片段: baggy
bad_food,1286,bad食物,medium,自动拆词；需校对未知片段: bad
bo_staff,1285,长棍杖,medium,自动拆词组合，建议校对语序
yellow_cape,1284,黄色披肩,medium,自动拆词组合，建议校对语序
sidewalk,1284,sidewalk,low,自动拆词；需校对未知片段: sidewalk
tail_ring,1283,尾巴泳圈,medium,自动拆词组合，建议校对语序
implied_yaoi,1283,暗示yaoi,medium,自动拆词；需校对未知片段: yaoi
washing_machine,1281,washingmachine,low,"自动拆词；需校对未知片段: washing, machine"
holding_bucket,1279,拿着bucket,medium,自动拆词；需校对未知片段: bucket
analog_clock,1278,analog时钟,medium,自动拆词；需校对未知片段: analog
mecha_focus,1278,mecha特写,medium,自动拆词；需校对未知片段: mecha
eyelid_pull,1278,eyelid拉,medium,自动拆词；需校对未知片段: eyelid
bar_stool,1276,bar凳子,medium,自动拆词；需校对未知片段: bar
lace_gloves,1275,蕾丝手套,medium,自动拆词组合，建议校对语序
side_drill,1275,侧边drill,medium,自动拆词；需校对未知片段: drill
cropped_arms,1275,短款手臂,medium,自动拆词组合，建议校对语序
blue_tail,1274,蓝色尾巴,medium,自动拆词组合，建议校对语序
sideburns_stubble,1274,sideburns胡茬,medium,自动拆词；需校对未知片段: sideburns
tube_dress,1274,筒状连衣裙,medium,自动拆词组合，建议校对语序
blue_sports_bra,1274,蓝色运动bra,medium,自动拆词；需校对未知片段: bra
presenting_foot,1274,presenting脚,medium,自动拆词；需校对未知片段: presenting
naranja_academy_school_uniform,1274,naranja学园学校制服,medium,自动拆词；需校对未知片段: naranja
scar_on_mouth,1273,伤疤在嘴,medium,自动拆词组合，建议校对语序
huge_eyebrows,1273,巨大眉毛,medium,自动拆词组合，建议校对语序
nejiri_hachimaki,1272,nejirihachimaki,low,"自动拆词；需校对未知片段: nejiri, hachimaki"
lord_camelot_(fate),1272,lordcamelot（fate）,low,"自动拆词；需校对未知片段: lord, camelot"
brown_nails,1271,棕色nails,medium,自动拆词；需校对未知片段: nails
manga_cover,1270,manga覆盖,medium,自动拆词；需校对未知片段: manga
hair_wings,1270,头发翅膀,medium,自动拆词组合，建议校对语序
bilingual,1269,bilingual,low,自动拆词；需校对未知片段: bilingual
covering_one_eye,1269,遮住一个眼,medium,自动拆词组合，建议校对语序
thick_eyelashes,1268,厚eyelashes,medium,自动拆词；需校对未知片段: eyelashes
poster_(medium),1267,poster（媒介）,low,自动拆词；需校对未知片段: poster
penises_touching,1267,penisestouching,low,"自动拆词；需校对未知片段: penises, touching"
champion_uniform,1267,champion制服,medium,自动拆词；需校对未知片段: champion
glowing_butterfly,1266,发光蝴蝶,medium,自动拆词组合，建议校对语序
shuujin_academy_school_uniform,1265,shuujin学园学校制服,medium,自动拆词；需校对未知片段: shuujin
thighhighs_over_pantyhose,1264,长筒袜覆在连裤袜,medium,自动拆词组合，建议校对语序
in_water,1264,在水,medium,自动拆词组合，建议校对语序
red_oni,1264,红色oni,medium,自动拆词；需校对未知片段: oni
star_sticker,1263,星星sticker,medium,自动拆词；需校对未知片段: sticker
grey_tail,1262,灰色尾巴,medium,自动拆词组合，建议校对语序
fur_cape,1262,毛皮披肩,medium,自动拆词组合，建议校对语序
flaming_weapon,1261,flaming武器,medium,自动拆词；需校对未知片段: flaming
grey_capelet,1261,灰色小披肩,medium,自动拆词组合，建议校对语序
choppy_bangs,1260,choppy刘海,medium,自动拆词；需校对未知片段: choppy
crayon,1259,crayon,low,自动拆词；需校对未知片段: crayon
stained_panties,1259,染污内裤,medium,自动拆词组合，建议校对语序
aviator_sunglasses,1258,飞行员sunglasses,medium,自动拆词；需校对未知片段: sunglasses
no_tail,1257,无尾巴,medium,自动拆词组合，建议校对语序
pink_tail,1256,粉色尾巴,medium,自动拆词组合，建议校对语序
owl_ears,1256,owl耳朵,medium,自动拆词；需校对未知片段: owl
blue_robe,1254,蓝色长袍,medium,自动拆词组合，建议校对语序
pointy_breasts,1253,pointy乳房,medium,自动拆词；需校对未知片段: pointy
prison_clothes,1252,prison服装,medium,自动拆词；需校对未知片段: prison
aqua_footwear,1249,水色鞋类,medium,自动拆词组合，建议校对语序
jimiko,1249,jimiko,low,自动拆词；需校对未知片段: jimiko
2009,1248,2009,medium,自动拆词组合，建议校对语序
pinstripe_shirt,1247,pinstripe衬衫,medium,自动拆词；需校对未知片段: pinstripe
box_of_chocolates,1246,盒子chocolates,medium,自动拆词；需校对未知片段: chocolates
evangelion_(mecha),1244,evangelion（mecha）,low,自动拆词；需校对未知片段: evangelion
full_beard,1244,full胡子,medium,自动拆词；需校对未知片段: full
zun_(style),1243,zun（style）,low,自动拆词；需校对未知片段: zun
griffin_&_kryuger_military_uniform,1242,griffin&kryugermilitary制服,low,"自动拆词；需校对未知片段: griffin, &, kryuger, military"
bandaid_hair_ornament,1242,创可贴头发饰品,medium,自动拆词组合，建议校对语序
they_had_lots_of_sex_afterwards_(meme),1241,theyhadlots性交afterwards（meme）,low,"自动拆词；需校对未知片段: they, had, lots, afterwards"
pinwheel,1240,pinwheel,low,自动拆词；需校对未知片段: pinwheel
yellow_sky,1239,黄色天空,medium,自动拆词组合，建议校对语序
chinese_new_year,1239,chinesenew年,low,"自动拆词；需校对未知片段: chinese, new"
huge_moon,1238,巨大moon,medium,自动拆词；需校对未知片段: moon
loose_shirt,1238,宽松衬衫,medium,自动拆词组合，建议校对语序
footwear_ribbon,1235,鞋类丝带,medium,自动拆词组合，建议校对语序
pencil_case,1235,pencilcase,low,"自动拆词；需校对未知片段: pencil, case"
pov_doorway,1233,povdoorway,low,"自动拆词；需校对未知片段: pov, doorway"
mage_staff,1233,mage杖,medium,自动拆词；需校对未知片段: mage
white_butterfly,1232,白色蝴蝶,medium,自动拆词组合，建议校对语序
grey_hairband,1232,灰色发带,medium,自动拆词组合，建议校对语序
teacher_and_student,1232,teacherstudent,low,"自动拆词；需校对未知片段: teacher, student"
ornate_ring,1232,ornate泳圈,medium,自动拆词；需校对未知片段: ornate
ass_ripple,1232,屁股ripple,medium,自动拆词；需校对未知片段: ripple
coin_hair_ornament,1231,硬币头发饰品,medium,自动拆词组合，建议校对语序
holding_tablet_pc,1230,拿着tabletpc,low,"自动拆词；需校对未知片段: tablet, pc"
hair_lift,1229,头发掀起,medium,自动拆词组合，建议校对语序
bucket_hat,1228,bucket帽子,medium,自动拆词；需校对未知片段: bucket
curled_fingers,1227,curled手指,medium,自动拆词；需校对未知片段: curled
musou_isshin_(genshin_impact),1227,musouisshin（genshin_impact）,low,"自动拆词；需校对未知片段: musou, isshin"
gold_footwear,1225,金色鞋类,medium,自动拆词组合，建议校对语序
tutu,1224,tutu,low,自动拆词；需校对未知片段: tutu
holding_popsicle,1224,拿着popsicle,medium,自动拆词；需校对未知片段: popsicle
between_pectorals,1224,之间胸肌,medium,自动拆词组合，建议校对语序
orange_vest,1222,橙色背心,medium,自动拆词组合，建议校对语序
kikumon,1222,kikumon,low,自动拆词；需校对未知片段: kikumon
alpaca_ears,1222,alpaca耳朵,medium,自动拆词；需校对未知片段: alpaca
colored_nipples,1221,有色乳头,medium,自动拆词组合，建议校对语序
blending,1220,blending,low,自动拆词；需校对未知片段: blending
arthropod_limbs,1220,节肢动物limbs,medium,自动拆词；需校对未知片段: limbs
holding_ribbon,1219,拿着丝带,medium,自动拆词组合，建议校对语序
yellow_tail,1218,黄色尾巴,medium,自动拆词组合，建议校对语序
floating_scarf,1218,漂浮围巾,medium,自动拆词组合，建议校对语序
mole_on_cheek,1216,痣在脸颊,medium,自动拆词组合，建议校对语序
crotch_cutout,1216,crotch开洞,medium,自动拆词；需校对未知片段: crotch
low-tied_sidelocks,1215,低tiedsidelocks,low,"自动拆词；需校对未知片段: tied, sidelocks"
sheikah,1215,sheikah,low,自动拆词；需校对未知片段: sheikah
single_epaulette,1215,单个epaulette,medium,自动拆词；需校对未知片段: epaulette
heart_facial_mark,1214,心形面部标记,medium,自动拆词组合，建议校对语序
cropped_sweater,1213,短款毛衣,medium,自动拆词组合，建议校对语序
human_scabbard,1213,humanscabbard,low,"自动拆词；需校对未知片段: human, scabbard"
pikmin_(creature),1212,pikmin（creature）,low,自动拆词；需校对未知片段: pikmin
weasel_ears,1212,weasel耳朵,medium,自动拆词；需校对未知片段: weasel
livestream,1211,livestream,low,自动拆词；需校对未知片段: livestream
napkin,1210,napkin,low,自动拆词；需校对未知片段: napkin
wrist_bow,1210,手腕蝴蝶结,medium,自动拆词组合，建议校对语序
grey_wings,1209,灰色翅膀,medium,自动拆词组合，建议校对语序
pizza_slice,1209,pizzaslice,low,"自动拆词；需校对未知片段: pizza, slice"
under_tree,1207,下树,medium,自动拆词组合，建议校对语序
brown_sleeves,1207,棕色袖子,medium,自动拆词组合，建议校对语序
wall_clock,1205,墙时钟,medium,自动拆词组合，建议校对语序
undead,1205,undead,low,自动拆词；需校对未知片段: undead
swimsuit_cover-up,1205,泳装覆盖变大,medium,自动拆词组合，建议校对语序
green_fur,1204,绿色毛皮,medium,自动拆词组合，建议校对语序
kissing_hand,1203,亲吻手,medium,自动拆词组合，建议校对语序
energy_drink,1203,能量饮料,medium,自动拆词组合，建议校对语序
white_hood,1202,白色兜帽,medium,自动拆词组合，建议校对语序
brown_choker,1202,棕色项圈,medium,自动拆词组合，建议校对语序
tracen_swimsuit,1202,tracen泳装,medium,自动拆词；需校对未知片段: tracen
pink_sky,1201,粉色天空,medium,自动拆词组合，建议校对语序
uncommon_stimulation,1198,uncommonstimulation,low,"自动拆词；需校对未知片段: uncommon, stimulation"
rectangular_mouth,1197,rectangular嘴,medium,自动拆词；需校对未知片段: rectangular
gladiator_sandals,1197,gladiatorsandals,low,"自动拆词；需校对未知片段: gladiator, sandals"
mole_on_stomach,1196,痣在stomach,medium,自动拆词；需校对未知片段: stomach
pursed_lips,1195,pursed嘴唇,medium,自动拆词；需校对未知片段: pursed
nata_(tool),1195,nata（tool）,low,自动拆词；需校对未知片段: nata
red_tank_top,1195,红色坦克上装,medium,自动拆词组合，建议校对语序
blue_tunic,1195,蓝色tunic,medium,自动拆词；需校对未知片段: tunic
print_shorts,1193,印花短裤,medium,自动拆词组合，建议校对语序
deer_girl,1189,鹿女孩,medium,自动拆词组合，建议校对语序
single_wrist_cuff,1188,单个手腕cuff,medium,自动拆词；需校对未知片段: cuff
kepi,1188,kepi,low,自动拆词；需校对未知片段: kepi
barbed_wire,1187,barbedwire,low,"自动拆词；需校对未知片段: barbed, wire"
white_headdress,1187,白色headdress,medium,自动拆词；需校对未知片段: headdress
hand_to_head,1187,手头,medium,自动拆词组合，建议校对语序
wet_dress,1186,湿连衣裙,medium,自动拆词组合，建议校对语序
jujutsu_tech_uniform,1185,jujutsutech制服,low,"自动拆词；需校对未知片段: jujutsu, tech"
cum_on_pectorals,1183,精液在胸肌,medium,自动拆词组合，建议校对语序
cursive,1181,cursive,low,自动拆词；需校对未知片段: cursive
orange_sleeves,1181,橙色袖子,medium,自动拆词组合，建议校对语序
brown_collar,1181,棕色衣领,medium,自动拆词组合，建议校对语序
two-tone_cape,1181,两个tone披肩,medium,自动拆词；需校对未知片段: tone
rising_sun_flag,1180,risingsun旗帜,low,"自动拆词；需校对未知片段: rising, sun"
hooded_bodysuit,1180,带兜帽紧身衣,medium,自动拆词组合，建议校对语序
red_mask,1179,红色面具,medium,自动拆词组合，建议校对语序
galaxy_expedition_team_survey_corps_uniform,1179,galaxyexpeditionteamsurveycorps制服,low,"自动拆词；需校对未知片段: galaxy, expedition, team, survey, corps"
child's_drawing,1176,child'sdrawing,low,"自动拆词；需校对未知片段: child's, drawing"
floating_cape,1176,漂浮披肩,medium,自动拆词组合，建议校对语序
body_armor,1176,身体盔甲,medium,自动拆词组合，建议校对语序
red_mittens,1175,红色mittens,medium,自动拆词；需校对未知片段: mittens
green_tail,1172,绿色尾巴,medium,自动拆词组合，建议校对语序
purple_sash,1172,紫色腰带,medium,自动拆词组合，建议校对语序
satin,1172,satin,low,自动拆词；需校对未知片段: satin
alice_(alice_in_wonderland)_(cosplay),1172,alice(alice在wonderland)（cosplay）,low,"自动拆词；需校对未知片段: alice, (alice, wonderland)"
cat_ear_legwear,1172,猫耳朵腿部穿着,medium,自动拆词组合，建议校对语序
squinting,1171,squinting,low,自动拆词；需校对未知片段: squinting
white_mittens,1169,白色mittens,medium,自动拆词；需校对未知片段: mittens
knotted_penis,1168,knotted阴茎,medium,自动拆词；需校对未知片段: knotted
blind,1168,blind,low,自动拆词；需校对未知片段: blind
grey_cape,1168,灰色披肩,medium,自动拆词组合，建议校对语序
frilled_sailor_collar,1168,荷叶边水手衣领,medium,自动拆词组合，建议校对语序
side_slit_shorts,1166,侧边slit短裤,medium,自动拆词；需校对未知片段: slit
wing_ornament,1166,翅膀饰品,medium,自动拆词组合，建议校对语序
mash_kyrielight_(dangerous_beast)_(cosplay),1166,mashkyrielight(dangerousbeast)（cosplay）,low,"自动拆词；需校对未知片段: mash, kyrielight, (dangerous, beast)"
head_on_hand,1165,头在手,medium,自动拆词组合，建议校对语序
duel_academy_uniform_(yu-gi-oh!_gx),1165,duel学园制服（yu-gi-oh!_gx）,medium,自动拆词；需校对未知片段: duel
race_vehicle,1165,比赛vehicle,medium,自动拆词；需校对未知片段: vehicle
pants_tucked_in,1165,裤子塞入在,medium,自动拆词组合，建议校对语序
condom_belt,1165,condom腰带,medium,自动拆词；需校对未知片段: condom
mismatched_eyebrows,1164,不匹配眉毛,medium,自动拆词组合，建议校对语序
patterned,1164,patterned,low,自动拆词；需校对未知片段: patterned
bullet_hole,1164,bullethole,low,"自动拆词；需校对未知片段: bullet, hole"
ice_skates,1164,iceskates,low,"自动拆词；需校对未知片段: ice, skates"
cross_choker,1164,十字项圈,medium,自动拆词组合，建议校对语序
black_sweater_vest,1164,黑色毛衣背心,medium,自动拆词组合，建议校对语序
arms_around_waist,1163,手臂围绕腰,medium,自动拆词组合，建议校对语序
pickaxe,1162,pickaxe,low,自动拆词；需校对未知片段: pickaxe
dumpling,1162,dumpling,low,自动拆词；需校对未知片段: dumpling
possessed,1161,possessed,low,自动拆词；需校对未知片段: possessed
rider_belt,1161,rider腰带,medium,自动拆词；需校对未知片段: rider
broken_heart,1160,破损心形,medium,自动拆词组合，建议校对语序
girthy_penis,1158,girthy阴茎,medium,自动拆词；需校对未知片段: girthy
yellow_socks,1156,黄色袜子,medium,自动拆词组合，建议校对语序
alternate_muscle_size,1156,替换musclesize,low,"自动拆词；需校对未知片段: muscle, size"
uva_academy_school_uniform,1156,uva学园学校制服,medium,自动拆词；需校对未知片段: uva
fold-over_boots,1155,fold覆在boots,low,"自动拆词；需校对未知片段: fold, boots"
leg_wrap,1154,腿wrap,medium,自动拆词；需校对未知片段: wrap
mochi_trail,1150,mochitrail,low,"自动拆词；需校对未知片段: mochi, trail"
gills,1149,gills,low,自动拆词；需校对未知片段: gills
sleeve_ribbon,1149,袖子丝带,medium,自动拆词组合，建议校对语序
gerudo,1149,gerudo,low,自动拆词；需校对未知片段: gerudo
blood_on_arm,1149,血在手臂,medium,自动拆词组合，建议校对语序
tied_jacket,1149,tied夹克,medium,自动拆词；需校对未知片段: tied
breastfeeding,1148,breastfeeding,low,自动拆词；需校对未知片段: breastfeeding
cum_in_nose,1147,精液在鼻子,medium,自动拆词组合，建议校对语序
blue_tank_top,1147,蓝色坦克上装,medium,自动拆词组合，建议校对语序
two-sided_dress,1147,两个双面连衣裙,medium,自动拆词组合，建议校对语序
holding_beachball,1146,拿着beachball,medium,自动拆词；需校对未知片段: beachball
checkered_flag,1146,棋盘格旗帜,medium,自动拆词组合，建议校对语序
ojou-sama_pose,1145,大小姐大人姿势,medium,自动拆词组合，建议校对语序
jockstrap,1145,jockstrap,low,自动拆词；需校对未知片段: jockstrap
multiple_weapons,1144,多个weapons,medium,自动拆词；需校对未知片段: weapons
astronaut,1143,astronaut,low,自动拆词；需校对未知片段: astronaut
struggling,1143,struggling,low,自动拆词；需校对未知片段: struggling
wooden_chair,1142,wooden椅子,medium,自动拆词；需校对未知片段: wooden
elbows_on_table,1141,elbows在桌子,medium,自动拆词；需校对未知片段: elbows
yuigaoka_school_uniform,1141,yuigaoka学校制服,medium,自动拆词；需校对未知片段: yuigaoka
robot_animal,1139,机器人动物,medium,自动拆词组合，建议校对语序
tight_dress,1138,紧身连衣裙,medium,自动拆词组合，建议校对语序
no_jacket,1137,无夹克,medium,自动拆词组合，建议校对语序
holding_jewelry,1136,拿着饰品,medium,自动拆词组合，建议校对语序
condom_box,1135,condom盒子,medium,自动拆词；需校对未知片段: condom
frilled_camisole,1135,荷叶边吊带背心,medium,自动拆词组合，建议校对语序
unworn_coat,1134,未穿戴外套,medium,自动拆词组合，建议校对语序
toe_ring,1133,toe泳圈,medium,自动拆词；需校对未知片段: toe
see-through_jacket,1133,透视夹克,medium,自动拆词组合，建议校对语序
pink_cape,1133,粉色披肩,medium,自动拆词组合，建议校对语序
horn_ring,1132,horn泳圈,medium,自动拆词；需校对未知片段: horn
stuffed_winged_unicorn,1132,填充wingedunicorn,low,"自动拆词；需校对未知片段: winged, unicorn"
unworn_backpack,1131,未穿戴backpack,medium,自动拆词；需校对未知片段: backpack
ancient_greek_clothes,1131,ancientgreek服装,low,"自动拆词；需校对未知片段: ancient, greek"
hedgehog_ears,1131,hedgehog耳朵,medium,自动拆词；需校对未知片段: hedgehog
holding_megaphone,1130,拿着megaphone,medium,自动拆词；需校对未知片段: megaphone
string_bra,1130,stringbra,low,"自动拆词；需校对未知片段: string, bra"
huge_testicles,1128,巨大testicles,medium,自动拆词；需校对未知片段: testicles
flower_on_head,1126,花在头,medium,自动拆词组合，建议校对语序
papers,1126,papers,low,自动拆词；需校对未知片段: papers
pigeon,1126,pigeon,low,自动拆词；需校对未知片段: pigeon
unworn_dress,1125,未穿戴连衣裙,medium,自动拆词组合，建议校对语序
vibrator_on_nipple,1123,vibrator在乳头,medium,自动拆词；需校对未知片段: vibrator
holding_letter,1123,拿着letter,medium,自动拆词；需校对未知片段: letter
hand_on_forehead,1122,手在额头,medium,自动拆词组合，建议校对语序
open_bodysuit,1120,打开紧身衣,medium,自动拆词组合，建议校对语序
holding_behind_back,1120,拿着在后方背后,medium,自动拆词组合，建议校对语序
holding_chocolate,1120,拿着巧克力,medium,自动拆词组合，建议校对语序
cracked_wall,1120,cracked墙,medium,自动拆词；需校对未知片段: cracked
studded_bracelet,1120,studded手镯,medium,自动拆词；需校对未知片段: studded
animal_skull,1118,动物骷髅,medium,自动拆词组合，建议校对语序
aqua_gloves,1117,水色手套,medium,自动拆词组合，建议校对语序
pancake_stack,1116,pancakestack,low,"自动拆词；需校对未知片段: pancake, stack"
leash_pull,1114,牵绳拉,medium,自动拆词组合，建议校对语序
shuka_high_school_uniform,1114,shukahigh学校制服,low,"自动拆词；需校对未知片段: shuka, high"
buster_sword,1113,buster剑,medium,自动拆词；需校对未知片段: buster
multicolored_scarf,1113,多色围巾,medium,自动拆词组合，建议校对语序
hands_on_own_breasts,1112,双手在自己的乳房,medium,自动拆词组合，建议校对语序
tentacles_on_male,1112,tentacles在男性,medium,自动拆词；需校对未知片段: tentacles
shaking,1112,shaking,low,自动拆词；需校对未知片段: shaking
spray_can,1112,spray罐,medium,自动拆词；需校对未知片段: spray
levitation,1111,levitation,low,自动拆词；需校对未知片段: levitation
fish_boy,1111,鱼男孩,medium,自动拆词组合，建议校对语序
head_chain,1109,头链条,medium,自动拆词组合，建议校对语序
chicken_(food),1108,chicken（食物）,low,自动拆词；需校对未知片段: chicken
bud,1108,bud,low,自动拆词；需校对未知片段: bud
yellow_tank_top,1107,黄色坦克上装,medium,自动拆词组合，建议校对语序
polka_dot_skirt,1107,polka点裙子,medium,自动拆词；需校对未知片段: polka
orange_tail,1106,橙色尾巴,medium,自动拆词组合，建议校对语序
chalice,1106,chalice,low,自动拆词；需校对未知片段: chalice
adidas,1106,adidas,low,自动拆词；需校对未知片段: adidas
post-apocalypse,1105,postapocalypse,low,"自动拆词；需校对未知片段: post, apocalypse"
vertical-striped_jacket,1105,竖向条纹夹克,medium,自动拆词组合，建议校对语序
leather_pants,1103,leather裤子,medium,自动拆词；需校对未知片段: leather
hard_hat,1103,硬质帽子,medium,自动拆词组合，建议校对语序
electrical_outlet,1103,electricaloutlet,low,"自动拆词；需校对未知片段: electrical, outlet"
cardigan_around_waist,1103,开衫围绕腰,medium,自动拆词组合，建议校对语序
torn_bodystocking,1102,破损bodystocking,medium,自动拆词；需校对未知片段: bodystocking
\n/,1101,\n/,low,自动拆词；需校对未知片段: \n/
shoulder_cannon,1101,肩cannon,medium,自动拆词；需校对未知片段: cannon
lattice,1100,lattice,low,自动拆词；需校对未知片段: lattice
purple_ascot,1099,紫色领巾,medium,自动拆词组合，建议校对语序
twitter_strip_game_(meme),1099,twitterstrip游戏（meme）,low,"自动拆词；需校对未知片段: twitter, strip"
qr_code,1098,qrcode,low,"自动拆词；需校对未知片段: qr, code"
cross_pasties,1097,十字pasties,medium,自动拆词；需校对未知片段: pasties
clownfish,1096,clownfish,low,自动拆词；需校对未知片段: clownfish
holding_money,1094,拿着money,medium,自动拆词；需校对未知片段: money
two-tone_hoodie,1094,两个tone连帽衫,medium,自动拆词；需校对未知片段: tone
weightlifting,1093,weightlifting,low,自动拆词；需校对未知片段: weightlifting
green_sclera,1092,绿色巩膜,medium,自动拆词组合，建议校对语序
berry_(pokemon),1092,berry（pokemon）,low,自动拆词；需校对未知片段: berry
latex_legwear,1089,latex腿部穿着,medium,自动拆词；需校对未知片段: latex
grey_tank_top,1089,灰色坦克上装,medium,自动拆词组合，建议校对语序
hands_on_another's_hips,1089,双手在他人的臀部,medium,自动拆词组合，建议校对语序
christmas_present,1089,christmaspresent,low,"自动拆词；需校对未知片段: christmas, present"
sitting_on_rock,1088,坐着在rock,medium,自动拆词；需校对未知片段: rock
barefoot_sandals_(jewelry),1088,barefootsandals（饰品）,low,"自动拆词；需校对未知片段: barefoot, sandals"
breasts_on_table,1087,乳房在桌子,medium,自动拆词组合，建议校对语序
coconut,1087,coconut,low,自动拆词；需校对未知片段: coconut
brick_floor,1086,brick地板,medium,自动拆词；需校对未知片段: brick
ashford_academy_school_uniform,1086,ashford学园学校制服,medium,自动拆词；需校对未知片段: ashford
green_pantyhose,1086,绿色连裤袜,medium,自动拆词组合，建议校对语序
heart_maebari,1085,心形maebari,medium,自动拆词；需校对未知片段: maebari
male_maid,1084,男性女仆,medium,自动拆词组合，建议校对语序
oohashi_high_school_uniform,1084,oohashihigh学校制服,low,"自动拆词；需校对未知片段: oohashi, high"
fumo_(doll),1083,fumo（doll）,low,自动拆词；需校对未知片段: fumo
rough_sex,1083,rough性交,medium,自动拆词；需校对未知片段: rough
amplifier,1082,amplifier,low,自动拆词；需校对未知片段: amplifier
arm_cuffs,1082,手臂袖口,medium,自动拆词组合，建议校对语序
hair_on_horn,1081,头发在horn,medium,自动拆词；需校对未知片段: horn
floral_print_kimono,1080,floral印花和服,medium,自动拆词；需校对未知片段: floral
fake_nails,1080,假nails,medium,自动拆词；需校对未知片段: nails
pendulum,1080,pendulum,low,自动拆词；需校对未知片段: pendulum
between_toes,1079,之间toes,medium,自动拆词；需校对未知片段: toes
ribbon-trimmed_headwear,1078,丝带饰边头饰,medium,自动拆词组合，建议校对语序
multiple_heads,1078,多个heads,medium,自动拆词；需校对未知片段: heads
clown,1077,clown,low,自动拆词；需校对未知片段: clown
finger_heart,1077,手指心形,medium,自动拆词组合，建议校对语序
logo_parody,1076,标志parody,medium,自动拆词；需校对未知片段: parody
joestar_birthmark,1076,joestarbirthmark,low,"自动拆词；需校对未知片段: joestar, birthmark"
taimanin_suit,1075,taimanin套装,medium,自动拆词；需校对未知片段: taimanin
jaguar_print,1075,jaguar印花,medium,自动拆词；需校对未知片段: jaguar
adjusting_necktie,1074,adjusting领带,medium,自动拆词；需校对未知片段: adjusting
butter,1074,butter,low,自动拆词；需校对未知片段: butter
multi-strapped_panties,1073,multistrapped内裤,low,"自动拆词；需校对未知片段: multi, strapped"
on_motorcycle,1072,在motorcycle,medium,自动拆词；需校对未知片段: motorcycle
medallion,1072,medallion,low,自动拆词；需校对未知片段: medallion
pussy_juice_drip_through_clothes,1072,pussyjuicedrip视服装,low,"自动拆词；需校对未知片段: pussy, juice, drip"
holding_notebook,1072,拿着notebook,medium,自动拆词；需校对未知片段: notebook
ear_birthmark,1072,耳朵birthmark,medium,自动拆词；需校对未知片段: birthmark
pool_of_blood,1071,pool血,medium,自动拆词；需校对未知片段: pool
hololive_idol_uniform,1071,hololiveidol制服,low,"自动拆词；需校对未知片段: hololive, idol"
yellow_raincoat,1070,黄色raincoat,medium,自动拆词；需校对未知片段: raincoat
sleep_bubble,1070,sleepbubble,low,"自动拆词；需校对未知片段: sleep, bubble"
flower_over_eye,1069,花覆在眼,medium,自动拆词组合，建议校对语序
cardigan_vest,1068,开衫背心,medium,自动拆词组合，建议校对语序
bridal_legwear,1068,新娘腿部穿着,medium,自动拆词组合，建议校对语序
cartoon_bone,1068,cartoonbone,low,"自动拆词；需校对未知片段: cartoon, bone"
yellow-tinted_eyewear,1067,黄色染色眼镜,medium,自动拆词组合，建议校对语序
flaming_sword,1065,flaming剑,medium,自动拆词；需校对未知片段: flaming
opened_by_self,1065,opened被自己,medium,自动拆词；需校对未知片段: opened
bean_bag_chair,1064,bean包椅子,medium,自动拆词；需校对未知片段: bean
bunny_day,1064,兔女郎日,medium,自动拆词组合，建议校对语序
tongs,1063,tongs,low,自动拆词；需校对未知片段: tongs
usekh_collar,1063,usekh衣领,medium,自动拆词；需校对未知片段: usekh
cross-laced_sleeves,1062,十字蕾丝边袖子,medium,自动拆词组合，建议校对语序
warning_sign,1061,warningsign,low,"自动拆词；需校对未知片段: warning, sign"
green_tunic,1061,绿色tunic,medium,自动拆词；需校对未知片段: tunic
otter_ears,1060,otter耳朵,medium,自动拆词；需校对未知片段: otter
affectionate,1059,亲昵,medium,自动拆词组合，建议校对语序
pectoral_press,1059,胸肌press,medium,自动拆词；需校对未知片段: press
green_tank_top,1058,绿色坦克上装,medium,自动拆词组合，建议校对语序
windowsill,1058,windowsill,low,自动拆词；需校对未知片段: windowsill
beam_saber,1056,beamsaber,low,"自动拆词；需校对未知片段: beam, saber"
tail_around_own_leg,1056,尾巴围绕自己的腿,medium,自动拆词组合，建议校对语序
white_romper,1055,白色romper,medium,自动拆词；需校对未知片段: romper
strapless_one-piece_swimsuit,1054,strapless一个件泳装,medium,自动拆词；需校对未知片段: strapless
stalk_in_mouth,1054,stalk在嘴,medium,自动拆词；需校对未知片段: stalk
sitting_backwards,1053,坐着backwards,medium,自动拆词；需校对未知片段: backwards
implied_fellatio,1053,暗示口交,medium,自动拆词组合，建议校对语序
youtou_high_school_uniform,1053,youtouhigh学校制服,low,"自动拆词；需校对未知片段: youtou, high"
long_earlobes,1052,长earlobes,medium,自动拆词；需校对未知片段: earlobes
panzer_iv,1051,panzeriv,low,"自动拆词；需校对未知片段: panzer, iv"
baton_(conducting),1050,baton（conducting）,low,自动拆词；需校对未知片段: baton
sauna,1049,sauna,low,自动拆词；需校对未知片段: sauna
narration,1049,narration,low,自动拆词；需校对未知片段: narration
vietnamese_dress,1045,vietnamese连衣裙,medium,自动拆词；需校对未知片段: vietnamese
dashed_eyes,1045,dashed眼睛,medium,自动拆词；需校对未知片段: dashed
licking_armpit,1044,舔armpit,medium,自动拆词；需校对未知片段: armpit
hole,1044,hole,low,自动拆词；需校对未知片段: hole
low-braided_long_hair,1044,低braided长头发,medium,自动拆词；需校对未知片段: braided
long_neck,1043,长脖子,medium,自动拆词组合，建议校对语序
arm_above_head,1043,手臂上方头,medium,自动拆词组合，建议校对语序
linked_piercing,1043,linked穿孔,medium,自动拆词；需校对未知片段: linked
very_wide_shot,1043,非常wideshot,low,"自动拆词；需校对未知片段: wide, shot"
wheat,1042,wheat,low,自动拆词；需校对未知片段: wheat
dog_penis,1041,狗阴茎,medium,自动拆词组合，建议校对语序
hoodie_lift,1041,连帽衫掀起,medium,自动拆词组合，建议校对语序
bear_costume,1039,熊服装,medium,自动拆词组合，建议校对语序
snowflake_background,1039,snowflake背景,medium,自动拆词；需校对未知片段: snowflake
squeans,1039,squeans,low,自动拆词；需校对未知片段: squeans
grand_piano,1038,grand钢琴,medium,自动拆词；需校对未知片段: grand
green_belt,1038,绿色腰带,medium,自动拆词组合，建议校对语序
crotchless_pantyhose,1038,crotchless连裤袜,medium,自动拆词；需校对未知片段: crotchless
arms_between_legs,1037,手臂之间腿,medium,自动拆词组合，建议校对语序
acorn,1037,acorn,low,自动拆词；需校对未知片段: acorn
hammock,1037,hammock,low,自动拆词；需校对未知片段: hammock
dithering,1036,dithering,low,自动拆词；需校对未知片段: dithering
looking_through_legs,1036,看着视腿,medium,自动拆词组合，建议校对语序
omikuji,1035,omikuji,low,自动拆词；需校对未知片段: omikuji
snow_rabbit,1035,snow兔子,medium,自动拆词；需校对未知片段: snow
swinging,1035,swinging,low,自动拆词；需校对未知片段: swinging
galaxy,1035,galaxy,low,自动拆词；需校对未知片段: galaxy
centauroid,1035,centauroid,low,自动拆词；需校对未知片段: centauroid
holding_branch,1034,拿着branch,medium,自动拆词；需校对未知片段: branch
shorts_around_one_leg,1034,短裤围绕一个腿,medium,自动拆词组合，建议校对语序
ad,1032,ad,low,自动拆词；需校对未知片段: ad
character_age,1032,characterage,low,"自动拆词；需校对未知片段: character, age"
aqua_neckerchief,1032,水色领巾,medium,自动拆词组合，建议校对语序
holding_remote_control,1032,拿着remotecontrol,low,"自动拆词；需校对未知片段: remote, control"
eldritch_abomination,1031,eldritchabomination,low,"自动拆词；需校对未知片段: eldritch, abomination"
nose_ring,1031,鼻子泳圈,medium,自动拆词组合，建议校对语序
through_medium,1030,视媒介,medium,自动拆词组合，建议校对语序
h&k_ump,1029,h&kump,low,"自动拆词；需校对未知片段: h&k, ump"
hair_dryer,1029,头发dryer,medium,自动拆词；需校对未知片段: dryer
super_saiyan_1,1029,supersaiyan1,low,"自动拆词；需校对未知片段: super, saiyan"
jacket_pull,1028,夹克拉,medium,自动拆词组合，建议校对语序
maneki-neko,1027,manekineko,low,"自动拆词；需校对未知片段: maneki, neko"
kissing_penis,1026,亲吻阴茎,medium,自动拆词组合，建议校对语序
bound_together,1025,bound在一起,medium,自动拆词；需校对未知片段: bound
cross-laced_dress,1024,十字蕾丝边连衣裙,medium,自动拆词组合，建议校对语序
credits,1024,credits,low,自动拆词；需校对未知片段: credits
polka_dot_shirt,1024,polka点衬衫,medium,自动拆词；需校对未知片段: polka
infinity_symbol,1024,infinity符号,medium,自动拆词；需校对未知片段: infinity
underbutt,1024,underbutt,low,自动拆词；需校对未知片段: underbutt
underpec,1024,underpec,low,自动拆词；需校对未知片段: underpec
fur_cloak,1024,毛皮斗篷,medium,自动拆词组合，建议校对语序
holding_skull,1023,拿着骷髅,medium,自动拆词组合，建议校对语序
four-leaf_clover_hair_ornament,1022,four叶子clover头发饰品,low,"自动拆词；需校对未知片段: four, clover"
bowlegged_pose,1022,bowlegged姿势,medium,自动拆词；需校对未知片段: bowlegged
deformed,1021,deformed,low,自动拆词；需校对未知片段: deformed
potara_earrings,1021,potara耳环,medium,自动拆词；需校对未知片段: potara
detached_hair,1021,分离式头发,medium,自动拆词组合，建议校对语序
animal_on_arm,1020,动物在手臂,medium,自动拆词组合，建议校对语序
bag_of_chips,1020,包chips,medium,自动拆词；需校对未知片段: chips
grey_leotard,1018,灰色连体衣,medium,自动拆词组合，建议校对语序
messy_room,1017,messyroom,low,"自动拆词；需校对未知片段: messy, room"
glaive_(polearm),1017,glaive（长柄武器）,low,自动拆词；需校对未知片段: glaive
print_necktie,1015,印花领带,medium,自动拆词组合，建议校对语序
shell_necklace,1013,壳项链,medium,自动拆词组合，建议校对语序
head_only,1013,头仅,medium,自动拆词组合，建议校对语序
zora,1013,zora,low,自动拆词；需校对未知片段: zora
ultra_ball,1013,ultra球,medium,自动拆词；需校对未知片段: ultra
height_chart,1011,heightchart,low,"自动拆词；需校对未知片段: height, chart"
holding_sex_toy,1011,拿着性交玩具,medium,自动拆词组合，建议校对语序
cephalopod_eyes,1011,cephalopod眼睛,medium,自动拆词；需校对未知片段: cephalopod
blue_bandana,1011,蓝色bandana,medium,自动拆词；需校对未知片段: bandana
runny_makeup,1011,runnymakeup,low,"自动拆词；需校对未知片段: runny, makeup"
apron_lift,1010,围裙掀起,medium,自动拆词组合，建议校对语序
long_beard,1010,长胡子,medium,自动拆词组合，建议校对语序
orange_belt,1010,橙色腰带,medium,自动拆词组合，建议校对语序
koi,1010,koi,low,自动拆词；需校对未知片段: koi
aurora,1010,aurora,low,自动拆词；需校对未知片段: aurora
white_lily,1008,白色lily,medium,自动拆词；需校对未知片段: lily
kinchaku,1008,kinchaku,low,自动拆词；需校对未知片段: kinchaku
light_machine_gun,1007,浅色machine枪,medium,自动拆词；需校对未知片段: machine
animal_slippers,1007,动物slippers,medium,自动拆词；需校对未知片段: slippers
camouflage_headwear,1007,camouflage头饰,medium,自动拆词；需校对未知片段: camouflage
licking_foot,1006,舔脚,medium,自动拆词组合，建议校对语序
crocs,1006,crocs,low,自动拆词；需校对未知片段: crocs
jacket_over_swimsuit,1005,夹克覆在泳装,medium,自动拆词组合，建议校对语序
crumbs,1005,crumbs,low,自动拆词；需校对未知片段: crumbs
rope_belt,1005,rope腰带,medium,自动拆词；需校对未知片段: rope
polar_bear,1004,polar熊,medium,自动拆词；需校对未知片段: polar
no_mask,1004,无面具,medium,自动拆词组合，建议校对语序
shoulder_sash,1004,肩腰带,medium,自动拆词组合，建议校对语序
symbolism,1003,symbolism,low,自动拆词；需校对未知片段: symbolism
star_ornament,1002,星星饰品,medium,自动拆词组合，建议校对语序
energy_cannon,1002,能量cannon,medium,自动拆词；需校对未知片段: cannon
kiwi_(fruit),1001,kiwi（fruit）,low,自动拆词；需校对未知片段: kiwi
onion,1001,onion,low,自动拆词；需校对未知片段: onion
checkered_sash,1001,棋盘格腰带,medium,自动拆词组合，建议校对语序
fanning_self,1000,fanning自己,medium,自动拆词；需校对未知片段: fanning
hands_on_ground,1000,双手在ground,medium,自动拆词；需校对未知片段: ground
yellow_sweater_vest,999,黄色毛衣背心,medium,自动拆词组合，建议校对语序
purple_cardigan,999,紫色开衫,medium,自动拆词组合，建议校对语序
anchor_necklace,998,anchor项链,medium,自动拆词；需校对未知片段: anchor
striped_hairband,997,条纹发带,medium,自动拆词组合，建议校对语序
ankle_grab,996,脚踝抓住,medium,自动拆词组合，建议校对语序
brown_bra,995,棕色bra,medium,自动拆词；需校对未知片段: bra
floating_card,994,漂浮card,medium,自动拆词；需校对未知片段: card
nib_pen_(object),994,nibpen（物体）,low,"自动拆词；需校对未知片段: nib, pen"
bike_shorts_under_shorts,994,bike短裤下短裤,medium,自动拆词；需校对未知片段: bike
facebook_username,993,facebook用户名,medium,自动拆词；需校对未知片段: facebook
stitched_mouth,992,stitched嘴,medium,自动拆词；需校对未知片段: stitched
gokkun,991,gokkun,low,自动拆词；需校对未知片段: gokkun
red_feathers,991,红色羽毛,medium,自动拆词组合，建议校对语序
gymnastics,990,gymnastics,low,自动拆词；需校对未知片段: gymnastics
ears_visible_through_hair,989,耳朵visible视头发,medium,自动拆词；需校对未知片段: visible
stone_stairs,989,stonestairs,low,"自动拆词；需校对未知片段: stone, stairs"
half_mask,989,half面具,medium,自动拆词；需校对未知片段: half
note,989,note,low,自动拆词；需校对未知片段: note
print_sleeves,989,印花袖子,medium,自动拆词组合，建议校对语序
glowing_tattoo,989,发光纹身,medium,自动拆词组合，建议校对语序
green_scrunchie,988,绿色scrunchie,medium,自动拆词；需校对未知片段: scrunchie
tape_measure,987,tapemeasure,low,"自动拆词；需校对未知片段: tape, measure"
duckling,987,duckling,low,自动拆词；需校对未知片段: duckling
thick_mustache,985,厚mustache,medium,自动拆词；需校对未知片段: mustache
coin_on_string,984,硬币在string,medium,自动拆词；需校对未知片段: string
gaming_chair,984,gaming椅子,medium,自动拆词；需校对未知片段: gaming
hand_on_leg,983,手在腿,medium,自动拆词组合，建议校对语序
forehead_tattoo,983,额头纹身,medium,自动拆词组合，建议校对语序
clear_sky,983,clear天空,medium,自动拆词；需校对未知片段: clear
bulletin_board,980,bulletinboard,low,"自动拆词；需校对未知片段: bulletin, board"
roundel,980,roundel,low,自动拆词；需校对未知片段: roundel
covered_testicles,980,覆盖testicles,medium,自动拆词；需校对未知片段: testicles
argyle_sweater,980,菱格毛衣,medium,自动拆词组合，建议校对语序
sand_castle,979,sandcastle,low,"自动拆词；需校对未知片段: sand, castle"
hospital_gown,979,hospitalgown,low,"自动拆词；需校对未知片段: hospital, gown"
steak,979,steak,low,自动拆词；需校对未知片段: steak
pinned,977,pinned,low,自动拆词；需校对未知片段: pinned
diamond_hairband,977,菱形发带,medium,自动拆词组合，建议校对语序
onesie,976,onesie,low,自动拆词；需校对未知片段: onesie
rhodes_island_logo_(arknights),976,罗德岛标志（明日方舟）,high,
mmm_threesome,975,mmmthreesome,low,"自动拆词；需校对未知片段: mmm, threesome"
green_armband,975,绿色臂章,medium,自动拆词组合，建议校对语序
splatter,974,splatter,low,自动拆词；需校对未知片段: splatter
hand_rest,973,手rest,medium,自动拆词；需校对未知片段: rest
double_\m/,973,双\m/,medium,自动拆词；需校对未知片段: \m/
shrimp_tempura,972,shrimptempura,low,"自动拆词；需校对未知片段: shrimp, tempura"
watching_television,972,watchingtelevision,low,"自动拆词；需校对未知片段: watching, television"
two-tone_coat,971,两个tone外套,medium,自动拆词；需校对未知片段: tone
cherry_hair_ornament,971,cherry头发饰品,medium,自动拆词；需校对未知片段: cherry
sukajan,971,sukajan,low,自动拆词；需校对未知片段: sukajan
ace_of_hearts,970,acehearts,low,"自动拆词；需校对未知片段: ace, hearts"
ink_(medium),969,ink（媒介）,low,自动拆词；需校对未知片段: ink
platform_boots,968,platformboots,low,"自动拆词；需校对未知片段: platform, boots"
floating_weapon,968,漂浮武器,medium,自动拆词组合，建议校对语序
panicking,967,panicking,low,自动拆词；需校对未知片段: panicking
above_clouds,967,上方clouds,medium,自动拆词；需校对未知片段: clouds
looking_at_food,967,看着食物,medium,自动拆词组合，建议校对语序
striped_one-piece_swimsuit,966,条纹一个件泳装,medium,自动拆词组合，建议校对语序
electric_plug,966,electricplug,low,"自动拆词；需校对未知片段: electric, plug"
extra_faces,966,extrafaces,low,"自动拆词；需校对未知片段: extra, faces"
hand_on_headphones,965,手在headphones,medium,自动拆词；需校对未知片段: headphones
boy_sandwich,965,男孩sandwich,medium,自动拆词；需校对未知片段: sandwich
bear_tail,964,熊尾巴,medium,自动拆词组合，建议校对语序
stripper,964,stripper,low,自动拆词；需校对未知片段: stripper
copy_ability,964,copyability,low,"自动拆词；需校对未知片段: copy, ability"
hitodama_print,963,hitodama印花,medium,自动拆词；需校对未知片段: hitodama
v-shaped_eyes,962,v形眼睛,medium,自动拆词；需校对未知片段: v
rabbit_hat,961,兔子帽子,medium,自动拆词组合，建议校对语序
track_and_field,961,trackfield,low,"自动拆词；需校对未知片段: track, field"
energy_beam,960,能量beam,medium,自动拆词；需校对未知片段: beam
testicle_sucking,960,testiclesucking,low,"自动拆词；需校对未知片段: testicle, sucking"
anal_fluid,960,analfluid,low,"自动拆词；需校对未知片段: anal, fluid"
thick_beard,960,厚胡子,medium,自动拆词组合，建议校对语序
dwarf,960,dwarf,low,自动拆词；需校对未知片段: dwarf
paper_stack,960,纸stack,medium,自动拆词；需校对未知片段: stack
yellow_border,960,黄色边框,medium,自动拆词组合，建议校对语序
martial_arts_belt,960,martialarts腰带,low,"自动拆词；需校对未知片段: martial, arts"
invisible_man,959,invisibleman,low,"自动拆词；需校对未知片段: invisible, man"
fur-trimmed_collar,959,毛皮饰边衣领,medium,自动拆词组合，建议校对语序
shared_speech_bubble,958,共享speechbubble,low,"自动拆词；需校对未知片段: speech, bubble"
paint_splatter_on_face,958,paintsplatter在脸,low,"自动拆词；需校对未知片段: paint, splatter"
hands_on_another's_thighs,958,双手在他人的thighs,medium,自动拆词；需校对未知片段: thighs
zodiac,957,zodiac,low,自动拆词；需校对未知片段: zodiac
hugging_tail,957,抱着尾巴,medium,自动拆词组合，建议校对语序
sports_bra_lift,957,运动bra掀起,medium,自动拆词；需校对未知片段: bra
hand_on_wall,956,手在墙,medium,自动拆词组合，建议校对语序
game_boy,956,游戏男孩,medium,自动拆词组合，建议校对语序
single_thigh_boot,955,单个大腿boot,medium,自动拆词；需校对未知片段: boot
teardrop_tattoo,954,teardrop纹身,medium,自动拆词；需校对未知片段: teardrop
heart_pendant,954,心形pendant,medium,自动拆词；需校对未知片段: pendant
high_tops,953,hightops,low,"自动拆词；需校对未知片段: high, tops"
sitting_on_table,953,坐着在桌子,medium,自动拆词组合，建议校对语序
plaid_bra,953,格纹bra,medium,自动拆词；需校对未知片段: bra
sleeve_grab,953,袖子抓住,medium,自动拆词组合，建议校对语序
colored_text,952,有色文字,medium,自动拆词组合，建议校对语序
no_mole,951,无痣,medium,自动拆词组合，建议校对语序
blood_bag,951,血包,medium,自动拆词组合，建议校对语序
male_underwear_pull,951,男性内衣拉,medium,自动拆词组合，建议校对语序
oversized_limbs,951,过大limbs,medium,自动拆词；需校对未知片段: limbs
missile_pod,951,missilepod,low,"自动拆词；需校对未知片段: missile, pod"
print_hoodie,951,印花连帽衫,medium,自动拆词组合，建议校对语序
green-tinted_eyewear,950,绿色染色眼镜,medium,自动拆词组合，建议校对语序
dress_swimsuit,950,连衣裙泳装,medium,自动拆词组合，建议校对语序
crane_game,950,crane游戏,medium,自动拆词；需校对未知片段: crane
flower_brooch,950,花胸针,medium,自动拆词组合，建议校对语序
united_states,949,unitedstates,low,"自动拆词；需校对未知片段: united, states"
cum_in_container,948,精液在container,medium,自动拆词；需校对未知片段: container
triplets,948,triplets,low,自动拆词；需校对未知片段: triplets
cross-laced_legwear,947,十字蕾丝边腿部穿着,medium,自动拆词组合，建议校对语序
popped_button,947,popped纽扣,medium,自动拆词；需校对未知片段: popped
canopy_bed,947,canopybed,low,"自动拆词；需校对未知片段: canopy, bed"
minotaur,946,弥诺陶洛斯,medium,自动拆词组合，建议校对语序
candlelight,946,candlelight,low,自动拆词；需校对未知片段: candlelight
salad,946,salad,low,自动拆词；需校对未知片段: salad
tumblr_username,946,tumblr用户名,medium,自动拆词；需校对未知片段: tumblr
finger_frame,945,手指框,medium,自动拆词组合，建议校对语序
on_roof,945,在roof,medium,自动拆词；需校对未知片段: roof
before_and_after,945,before之后,medium,自动拆词；需校对未知片段: before
racecar,945,racecar,low,自动拆词；需校对未知片段: racecar
elvaan,944,elvaan,low,自动拆词；需校对未知片段: elvaan
radish,944,radish,low,自动拆词；需校对未知片段: radish
ornament,943,饰品,medium,自动拆词组合，建议校对语序
perfume_bottle,943,perfume瓶,medium,自动拆词；需校对未知片段: perfume
blue_shawl,943,蓝色shawl,medium,自动拆词；需校对未知片段: shawl
butterfly_brooch,942,蝴蝶胸针,medium,自动拆词组合，建议校对语序
diamond_hair_ornament,941,菱形头发饰品,medium,自动拆词组合，建议校对语序
white_sarong,940,白色sarong,medium,自动拆词；需校对未知片段: sarong
precum_drip,940,precumdrip,low,"自动拆词；需校对未知片段: precum, drip"
cum_inflation,940,精液inflation,medium,自动拆词；需校对未知片段: inflation
heart_on_chest,939,心形在胸部,medium,自动拆词组合，建议校对语序
kamiyama_high_school_uniform_(project_sekai),939,kamiyamahigh学校制服（project_sekai）,low,"自动拆词；需校对未知片段: kamiyama, high"
green_one-piece_swimsuit,938,绿色一个件泳装,medium,自动拆词组合，建议校对语序
split_theme,938,分开theme,medium,自动拆词；需校对未知片段: theme
purple_tongue,938,紫色舌头,medium,自动拆词组合，建议校对语序
wavy_eyes,938,wavy眼睛,medium,自动拆词；需校对未知片段: wavy
testicle_grab,938,testicle抓住,medium,自动拆词；需校对未知片段: testicle
shell_hair_ornament,937,壳头发饰品,medium,自动拆词组合，建议校对语序
grey_serafuku,936,灰色水手服,medium,自动拆词组合，建议校对语序
lace-trimmed_thighhighs,936,蕾丝饰边长筒袜,medium,自动拆词组合，建议校对语序
crane_(animal),935,crane（动物）,low,自动拆词；需校对未知片段: crane
orange_cape,935,橙色披肩,medium,自动拆词组合，建议校对语序
heart-shaped_eyes,935,心形形眼睛,medium,自动拆词组合，建议校对语序
american_flag_print,935,american旗帜印花,medium,自动拆词；需校对未知片段: american
severed_limb,934,severedlimb,low,"自动拆词；需校对未知片段: severed, limb"
chain_headband,934,链条headband,medium,自动拆词；需校对未知片段: headband
massage,933,massage,low,自动拆词；需校对未知片段: massage
holding_frying_pan,933,拿着fryingpan,low,"自动拆词；需校对未知片段: frying, pan"
dirt,933,dirt,low,自动拆词；需校对未知片段: dirt
ghost_pose,933,幽灵姿势,medium,自动拆词组合，建议校对语序
orange_leotard,932,橙色连体衣,medium,自动拆词组合，建议校对语序
sling_bikini_top,932,sling比基尼上装,medium,自动拆词；需校对未知片段: sling
spanish_text,932,spanish文字,medium,自动拆词；需校对未知片段: spanish
kabuto_(helmet),931,kabuto（头盔）,low,自动拆词；需校对未知片段: kabuto
planet_hair_ornament,931,planet头发饰品,medium,自动拆词；需校对未知片段: planet
hair_color_connection,930,头发color连接,medium,自动拆词；需校对未知片段: color
mat,929,mat,low,自动拆词；需校对未知片段: mat
text_messaging,929,文字messaging,medium,自动拆词；需校对未知片段: messaging
patchwork_clothes,929,patchwork服装,medium,自动拆词；需校对未知片段: patchwork
ball_and_chain_restraint,928,球链条restraint,medium,自动拆词；需校对未知片段: restraint
hat_on_back,928,帽子在背后,medium,自动拆词组合，建议校对语序
watermelon_slice,928,watermelonslice,low,"自动拆词；需校对未知片段: watermelon, slice"
oversized_breast_cup,928,过大乳房杯子,medium,自动拆词组合，建议校对语序
lap_pillow_invitation,928,lap枕头invitation,low,"自动拆词；需校对未知片段: lap, invitation"
holding_teapot,926,拿着teapot,medium,自动拆词；需校对未知片段: teapot
head_on_chest,926,头在胸部,medium,自动拆词组合，建议校对语序
pants_under_skirt,926,裤子下裙子,medium,自动拆词组合，建议校对语序
arm_between_legs,926,手臂之间腿,medium,自动拆词组合，建议校对语序
pearl_hair_ornament,926,pearl头发饰品,medium,自动拆词；需校对未知片段: pearl
hand_on_own_ear,923,手在自己的耳朵,medium,自动拆词组合，建议校对语序
unworn_bikini_bottom,923,未穿戴比基尼下装,medium,自动拆词组合，建议校对语序
popsicle_in_mouth,923,popsicle在嘴,medium,自动拆词；需校对未知片段: popsicle
punk,922,punk,low,自动拆词；需校对未知片段: punk
milky_way,922,milkyway,low,"自动拆词；需校对未知片段: milky, way"
multicolored_hairband,922,多色发带,medium,自动拆词组合，建议校对语序
wet_towel,921,湿towel,medium,自动拆词；需校对未知片段: towel
drop-shaped_pupils,921,drop形瞳孔,medium,自动拆词；需校对未知片段: drop
purple_serafuku,919,紫色水手服,medium,自动拆词组合，建议校对语序
western_comics_(style),919,westerncomics（style）,low,"自动拆词；需校对未知片段: western, comics"
in_palm,919,在palm,medium,自动拆词；需校对未知片段: palm
implied_fingering,919,暗示fingering,medium,自动拆词；需校对未知片段: fingering
mitre,919,mitre,low,自动拆词；需校对未知片段: mitre
hand_over_eye,919,手覆在眼,medium,自动拆词组合，建议校对语序
frilled_jacket,919,荷叶边夹克,medium,自动拆词组合，建议校对语序
license_plate,918,licenseplate,low,"自动拆词；需校对未知片段: license, plate"
breaking,918,breaking,low,自动拆词；需校对未知片段: breaking
penis_on_ass,918,阴茎在屁股,medium,自动拆词组合，建议校对语序
two-finger_salute,918,两个手指salute,medium,自动拆词；需校对未知片段: salute
aqua_bra,918,水色bra,medium,自动拆词；需校对未知片段: bra
blue_pajamas,918,蓝色pajamas,medium,自动拆词；需校对未知片段: pajamas
moth,918,蛾,medium,自动拆词组合，建议校对语序
smoke_trail,918,smoketrail,low,"自动拆词；需校对未知片段: smoke, trail"
beetle,917,beetle,low,自动拆词；需校对未知片段: beetle
cheekbones,916,cheekbones,low,自动拆词；需校对未知片段: cheekbones
polka_dot_ribbon,916,polka点丝带,medium,自动拆词；需校对未知片段: polka
ribbon_braid,916,丝带braid,medium,自动拆词；需校对未知片段: braid
red_curtains,916,红色curtains,medium,自动拆词；需校对未知片段: curtains
peony_(flower),915,peony（花）,low,自动拆词；需校对未知片段: peony
halter_shirt,915,halter衬衫,medium,自动拆词；需校对未知片段: halter
red_sports_bra,915,红色运动bra,medium,自动拆词；需校对未知片段: bra
zeon,915,zeon,low,自动拆词；需校对未知片段: zeon
shotgun_shell,915,shotgun壳,medium,自动拆词；需校对未知片段: shotgun
crocodilian,914,crocodilian,low,自动拆词；需校对未知片段: crocodilian
nudist,914,nudist,low,自动拆词；需校对未知片段: nudist
meta,913,meta,low,自动拆词；需校对未知片段: meta
sideless_kimono,913,sideless和服,medium,自动拆词；需校对未知片段: sideless
single_knee_pad,912,单个膝pad,medium,自动拆词；需校对未知片段: pad
long_shirt,911,长衬衫,medium,自动拆词组合，建议校对语序
whiskey,911,whiskey,low,自动拆词；需校对未知片段: whiskey
v_over_mouth,911,v覆在嘴,medium,自动拆词；需校对未知片段: v
maid_day,911,女仆日,medium,自动拆词组合，建议校对语序
multiple_scars,911,多个scars,medium,自动拆词；需校对未知片段: scars
apartment,910,apartment,low,自动拆词；需校对未知片段: apartment
segmented_comic,910,segmentedcomic,low,"自动拆词；需校对未知片段: segmented, comic"
fidgeting,909,fidgeting,low,自动拆词；需校对未知片段: fidgeting
adam's_apple,908,adam'sapple,low,"自动拆词；需校对未知片段: adam's, apple"
saliva_drip,908,salivadrip,low,"自动拆词；需校对未知片段: saliva, drip"
cross-laced_slit,908,十字蕾丝边slit,medium,自动拆词；需校对未知片段: slit
hand_on_another's_hand,907,手在他人的手,medium,自动拆词组合，建议校对语序
syrup,907,syrup,low,自动拆词；需校对未知片段: syrup
orange_socks,907,橙色袜子,medium,自动拆词组合，建议校对语序
cream_on_face,907,cream在脸,medium,自动拆词；需校对未知片段: cream
joy-con,907,joycon,low,"自动拆词；需校对未知片段: joy, con"
flag_background,906,旗帜背景,medium,自动拆词组合，建议校对语序
sam_browne_belt,906,sambrowne腰带,low,"自动拆词；需校对未知片段: sam, browne"
satin_panties,906,satin内裤,medium,自动拆词；需校对未知片段: satin
embroidery,905,embroidery,low,自动拆词；需校对未知片段: embroidery
pov_across_table,904,pov横过桌子,medium,自动拆词；需校对未知片段: pov
hand_on_another's_ear,904,手在他人的耳朵,medium,自动拆词组合，建议校对语序
fishing_line,904,fishingline,low,"自动拆词；需校对未知片段: fishing, line"
onii-shota,904,onii正太,medium,自动拆词；需校对未知片段: onii
ivy,903,ivy,low,自动拆词；需校对未知片段: ivy
pink_umbrella,903,粉色伞,medium,自动拆词组合，建议校对语序
imperial_japanese_army,903,imperialjapanesearmy,low,"自动拆词；需校对未知片段: imperial, japanese, army"
broken_window,902,破损window,medium,自动拆词；需校对未知片段: window
double_horizontal_stripe,901,双horizontalstripe,low,"自动拆词；需校对未知片段: horizontal, stripe"
sticky_note,901,stickynote,low,"自动拆词；需校对未知片段: sticky, note"
jetpack,901,jetpack,low,自动拆词；需校对未知片段: jetpack
two-sided_skirt,901,两个双面裙子,medium,自动拆词组合，建议校对语序
genderswap_(otf),900,genderswap（otf）,low,自动拆词；需校对未知片段: genderswap
blue_umbrella,899,蓝色伞,medium,自动拆词组合，建议校对语序
legband,899,legband,low,自动拆词；需校对未知片段: legband
track_uniform,899,track制服,medium,自动拆词；需校对未知片段: track
musical_note_print,898,musicalnote印花,low,"自动拆词；需校对未知片段: musical, note"
off-shoulder_one-piece_swimsuit,897,露出肩一个件泳装,medium,自动拆词组合，建议校对语序
holding_wrench,896,拿着wrench,medium,自动拆词；需校对未知片段: wrench
hollow_eyes,896,hollow眼睛,medium,自动拆词；需校对未知片段: hollow
holding_another's_leg,895,拿着他人的腿,medium,自动拆词组合，建议校对语序
pineapple,895,pineapple,low,自动拆词；需校对未知片段: pineapple
goat,894,山羊,medium,自动拆词组合，建议校对语序
wizard,894,wizard,low,自动拆词；需校对未知片段: wizard
soap_bottle,893,soap瓶,medium,自动拆词；需校对未知片段: soap
decapitation,893,decapitation,low,自动拆词；需校对未知片段: decapitation
unworn_eyepatch,893,未穿戴eyepatch,medium,自动拆词；需校对未知片段: eyepatch
hooded_dress,893,带兜帽连衣裙,medium,自动拆词组合，建议校对语序
nipple_pull,892,乳头拉,medium,自动拆词组合，建议校对语序
negative_space,891,negativespace,low,"自动拆词；需校对未知片段: negative, space"
crawling,891,crawling,low,自动拆词；需校对未知片段: crawling
floating_book,891,漂浮book,medium,自动拆词；需校对未知片段: book
guard_rail,891,guardrail,low,"自动拆词；需校对未知片段: guard, rail"
rabbit_costume,891,兔子服装,medium,自动拆词组合，建议校对语序
seal_(animal),891,seal（动物）,low,自动拆词；需校对未知片段: seal
hakurei_shrine,890,hakureishrine,low,"自动拆词；需校对未知片段: hakurei, shrine"
holding_riding_crop,890,拿着骑乘crop,medium,自动拆词；需校对未知片段: crop
skeleton_print,890,skeleton印花,medium,自动拆词；需校对未知片段: skeleton
pectoral_focus,890,胸肌特写,medium,自动拆词组合，建议校对语序
tokyo_(city),890,tokyo（city）,low,自动拆词；需校对未知片段: tokyo
wataboushi,889,wataboushi,low,自动拆词；需校对未知片段: wataboushi
huge_dildo,889,巨大dildo,medium,自动拆词；需校对未知片段: dildo
glove_biting,888,手套biting,medium,自动拆词；需校对未知片段: biting
st._theresa's_girls_academy_school_uniform,888,st.theresa'sgirls学园学校制服,low,"自动拆词；需校对未知片段: st., theresa's, girls"
age_comparison,887,agecomparison,low,"自动拆词；需校对未知片段: age, comparison"
self_hug,887,自己hug,medium,自动拆词；需校对未知片段: hug
baby_bottle,887,baby瓶,medium,自动拆词；需校对未知片段: baby
st._chronica_academy_school_uniform,886,st.chronica学园学校制服,low,"自动拆词；需校对未知片段: st., chronica"
food_on_breasts,885,食物在乳房,medium,自动拆词组合，建议校对语序
flying_paper,885,飞起纸,medium,自动拆词组合，建议校对语序
breast_milk,884,乳房milk,medium,自动拆词；需校对未知片段: milk
chocolate_cake,884,巧克力cake,medium,自动拆词；需校对未知片段: cake
pinstripe_suit,884,pinstripe套装,medium,自动拆词；需校对未知片段: pinstripe
green_cloak,884,绿色斗篷,medium,自动拆词组合，建议校对语序
spaceship_hair_ornament,884,spaceship头发饰品,medium,自动拆词；需校对未知片段: spaceship
bowler_hat,883,bowler帽子,medium,自动拆词；需校对未知片段: bowler
joystick,882,joystick,low,自动拆词；需校对未知片段: joystick
pump_action,882,pumpaction,low,"自动拆词；需校对未知片段: pump, action"
box_art,882,盒子art,medium,自动拆词；需校对未知片段: art
pegasus_knight_uniform_(fire_emblem),882,pegasusknight制服（fire_emblem）,low,"自动拆词；需校对未知片段: pegasus, knight"
green_eyeshadow,882,绿色眼影,medium,自动拆词组合，建议校对语序
orange_rose,882,橙色rose,medium,自动拆词；需校对未知片段: rose
teeth_hold,881,牙齿hold,medium,自动拆词；需校对未知片段: hold
mesugaki,881,mesugaki,low,自动拆词；需校对未知片段: mesugaki
wallpaper_(object),881,wallpaper（物体）,low,自动拆词；需校对未知片段: wallpaper
sadism,881,sadism,low,自动拆词；需校对未知片段: sadism
cat_bag,880,猫包,medium,自动拆词组合，建议校对语序
cracked_floor,879,cracked地板,medium,自动拆词；需校对未知片段: cracked
lipgloss,879,lipgloss,low,自动拆词；需校对未知片段: lipgloss
bandaged_wrist,878,绷带包扎手腕,medium,自动拆词组合，建议校对语序
holding_swimsuit,878,拿着泳装,medium,自动拆词组合，建议校对语序
mast,878,mast,low,自动拆词；需校对未知片段: mast
implied_kiss,877,暗示kiss,medium,自动拆词；需校对未知片段: kiss
tag,877,tag,low,自动拆词；需校对未知片段: tag
spiked_hairband,877,spiked发带,medium,自动拆词；需校对未知片段: spiked
glass_bottle,876,镜瓶,medium,自动拆词组合，建议校对语序
coat_dress,876,外套连衣裙,medium,自动拆词组合，建议校对语序
black_sky,876,黑色天空,medium,自动拆词组合，建议校对语序
inkwell,875,inkwell,low,自动拆词；需校对未知片段: inkwell
jester,874,jester,low,自动拆词；需校对未知片段: jester
holomyth,874,holomyth,low,自动拆词；需校对未知片段: holomyth
pubic_stubble,873,阴部胡茬,medium,自动拆词组合，建议校对语序
long_nose,872,长鼻子,medium,自动拆词组合，建议校对语序
stopwatch,872,stopwatch,low,自动拆词；需校对未知片段: stopwatch
shoulder_belt,872,肩腰带,medium,自动拆词组合，建议校对语序
holding_footwear,872,拿着鞋类,medium,自动拆词组合，建议校对语序
holding_toy,871,拿着玩具,medium,自动拆词组合，建议校对语序
food_art,871,食物art,medium,自动拆词；需校对未知片段: art
roots,871,roots,low,自动拆词；需校对未知片段: roots
pokemon_move,871,pokemonmove,low,"自动拆词；需校对未知片段: pokemon, move"
hugging_book,870,抱着book,medium,自动拆词；需校对未知片段: book
brown_border,870,棕色边框,medium,自动拆词组合，建议校对语序
nissin_cup_noodle,870,nissin杯子noodle,low,"自动拆词；需校对未知片段: nissin, noodle"
vignetting,870,vignetting,low,自动拆词；需校对未知片段: vignetting
marshmallow,869,marshmallow,low,自动拆词；需校对未知片段: marshmallow
half-skirt,869,half裙子,medium,自动拆词；需校对未知片段: half
glock,868,glock,low,自动拆词；需校对未知片段: glock
fast_food,868,fast食物,medium,自动拆词；需校对未知片段: fast
orange_jumpsuit,868,橙色jumpsuit,medium,自动拆词；需校对未知片段: jumpsuit
flower_in_eye,868,花在眼,medium,自动拆词组合，建议校对语序
midriff_sarashi,867,midriffsarashi,low,"自动拆词；需校对未知片段: midriff, sarashi"
red_track_suit,867,红色track套装,medium,自动拆词；需校对未知片段: track
k-pop,867,kpop,low,"自动拆词；需校对未知片段: k, pop"
speaking_tube_headset,867,speaking筒状headset,low,"自动拆词；需校对未知片段: speaking, headset"
cum_on_eyewear,866,精液在眼镜,medium,自动拆词组合，建议校对语序
grey_suit,866,灰色套装,medium,自动拆词组合，建议校对语序
hooded_vest,866,带兜帽背心,medium,自动拆词组合，建议校对语序
miyamasuzaka_girls'_academy_school_uniform,866,miyamasuzakagirls'学园学校制服,low,"自动拆词；需校对未知片段: miyamasuzaka, girls'"
scylla,865,scylla,low,自动拆词；需校对未知片段: scylla
bathrobe,863,bathrobe,low,自动拆词；需校对未知片段: bathrobe
mole_on_body,863,痣在身体,medium,自动拆词组合，建议校对语序
spoiler_(automobile),863,spoiler（automobile）,low,自动拆词；需校对未知片段: spoiler
holding_fireworks,862,拿着fireworks,medium,自动拆词；需校对未知片段: fireworks
sequential,860,sequential,low,自动拆词；需校对未知片段: sequential
coif,860,coif,low,自动拆词；需校对未知片段: coif
alternate_pectoral_size,860,替换胸肌size,medium,自动拆词；需校对未知片段: size
chained_wrists,859,chainedwrists,low,"自动拆词；需校对未知片段: chained, wrists"
hogwarts_school_uniform,858,hogwarts学校制服,medium,自动拆词；需校对未知片段: hogwarts
throwing_knife,858,throwing刀,medium,自动拆词；需校对未知片段: throwing
prototype_design,858,prototypedesign,low,"自动拆词；需校对未知片段: prototype, design"
bikini_shorts,858,比基尼短裤,medium,自动拆词组合，建议校对语序
bow_skirt,858,蝴蝶结裙子,medium,自动拆词组合，建议校对语序
side-tie_peek,858,侧边系带露出,medium,自动拆词组合，建议校对语序
groom,857,groom,low,自动拆词；需校对未知片段: groom
tweaking_own_nipple,857,tweaking自己的乳头,medium,自动拆词；需校对未知片段: tweaking
bralines,857,bralines,low,自动拆词；需校对未知片段: bralines
blue_camisole,856,蓝色吊带背心,medium,自动拆词组合，建议校对语序
gauze,855,gauze,low,自动拆词；需校对未知片段: gauze
striped_coat,855,条纹外套,medium,自动拆词组合，建议校对语序
holding_with_feet,854,拿着脚,medium,自动拆词组合，建议校对语序
pizza_box,854,pizza盒子,medium,自动拆词；需校对未知片段: pizza
pelt,854,pelt,low,自动拆词；需校对未知片段: pelt
chaldea_logo,854,chaldea标志,medium,自动拆词；需校对未知片段: chaldea
unfastened,853,unfastened,low,自动拆词；需校对未知片段: unfastened
merchandise,853,merchandise,low,自动拆词；需校对未知片段: merchandise
greek_toe,853,greektoe,low,"自动拆词；需校对未知片段: greek, toe"
black_armband,853,黑色臂章,medium,自动拆词组合，建议校对语序
bird_print,851,鸟印花,medium,自动拆词组合，建议校对语序
shared_object_insertion,851,共享物体insertion,medium,自动拆词；需校对未知片段: insertion
hanging_plant,851,hangingplant,low,"自动拆词；需校对未知片段: hanging, plant"
bee,851,bee,low,自动拆词；需校对未知片段: bee
hand_on_glass,851,手在镜,medium,自动拆词组合，建议校对语序
vertical-striped_socks,850,竖向条纹袜子,medium,自动拆词组合，建议校对语序
used_condom_on_penis,850,usedcondom在阴茎,low,"自动拆词；需校对未知片段: used, condom"
plaid_ribbon,850,格纹丝带,medium,自动拆词组合，建议校对语序
sparse_stubble,850,sparse胡茬,medium,自动拆词；需校对未知片段: sparse
...?,850,...?,low,自动拆词；需校对未知片段: ...?
webbed_hands,850,webbed双手,medium,自动拆词；需校对未知片段: webbed
contrast,850,contrast,low,自动拆词；需校对未知片段: contrast
virgin_destroyer_sweater,850,virgindestroyer毛衣,low,"自动拆词；需校对未知片段: virgin, destroyer"
skull_ornament,849,骷髅饰品,medium,自动拆词组合，建议校对语序
isometric,848,isometric,low,自动拆词；需校对未知片段: isometric
holding_test_tube,848,拿着test筒状,medium,自动拆词；需校对未知片段: test
otter,848,otter,low,自动拆词；需校对未知片段: otter
volleyball_net,847,volleyballnet,low,"自动拆词；需校对未知片段: volleyball, net"
fat_rolls,847,fatrolls,low,"自动拆词；需校对未知片段: fat, rolls"
cola,846,cola,low,自动拆词；需校对未知片段: cola
glory_wall,846,glory墙,medium,自动拆词；需校对未知片段: glory
weapon_case,846,武器case,medium,自动拆词；需校对未知片段: case
lowleg_skirt,845,lowleg裙子,medium,自动拆词；需校对未知片段: lowleg
fur-trimmed_shirt,845,毛皮饰边衬衫,medium,自动拆词组合，建议校对语序
missing_limb,845,missinglimb,low,"自动拆词；需校对未知片段: missing, limb"
lightning_bolt_print,845,lightning螺栓印花,medium,自动拆词；需校对未知片段: lightning
studded_collar,844,studded衣领,medium,自动拆词；需校对未知片段: studded
hospital,843,hospital,low,自动拆词；需校对未知片段: hospital
holding_mop,843,拿着mop,medium,自动拆词；需校对未知片段: mop
headlight,843,headlight,low,自动拆词；需校对未知片段: headlight
bear_boy,843,熊男孩,medium,自动拆词组合，建议校对语序
toggles,842,toggles,low,自动拆词；需校对未知片段: toggles
blue_tabard,842,蓝色tabard,medium,自动拆词；需校对未知片段: tabard
gao,842,gao,low,自动拆词；需校对未知片段: gao
holly_hair_ornament,842,holly头发饰品,medium,自动拆词；需校对未知片段: holly
pendant_watch,841,pendantwatch,low,"自动拆词；需校对未知片段: pendant, watch"
chrysanthemum,841,chrysanthemum,low,自动拆词；需校对未知片段: chrysanthemum
menu_board,841,menuboard,low,"自动拆词；需校对未知片段: menu, board"
mismatched_sclera,841,不匹配巩膜,medium,自动拆词组合，建议校对语序
swiss_roll,840,swissroll,low,"自动拆词；需校对未知片段: swiss, roll"
prostration,840,prostration,low,自动拆词；需校对未知片段: prostration
mutual_masturbation,840,mutual自慰,medium,自动拆词；需校对未知片段: mutual
exercise_ball,840,exercise球,medium,自动拆词；需校对未知片段: exercise
lyre,840,lyre,low,自动拆词；需校对未知片段: lyre
horseshoe,840,horseshoe,low,自动拆词；需校对未知片段: horseshoe
lillian_girls'_academy_school_uniform,839,lilliangirls'学园学校制服,low,"自动拆词；需校对未知片段: lillian, girls'"
emotionless_sex,839,emotionless性交,medium,自动拆词；需校对未知片段: emotionless
armpit_sex,839,armpit性交,medium,自动拆词；需校对未知片段: armpit
covering_one_breast,839,遮住一个乳房,medium,自动拆词组合，建议校对语序
suicide,839,suicide,low,自动拆词；需校对未知片段: suicide
infirmary,839,infirmary,low,自动拆词；需校对未知片段: infirmary
folded_hair,839,folded头发,medium,自动拆词；需校对未知片段: folded
vertical-striped_pants,839,竖向条纹裤子,medium,自动拆词组合，建议校对语序
implied_masturbation,838,暗示自慰,medium,自动拆词组合，建议校对语序
shrugging,838,shrugging,low,自动拆词；需校对未知片段: shrugging
model_kit,838,modelkit,low,"自动拆词；需校对未知片段: model, kit"
pig_ears,838,pig耳朵,medium,自动拆词；需校对未知片段: pig
metal_skin,838,metal皮肤,medium,自动拆词；需校对未知片段: metal
crowbar,837,crowbar,low,自动拆词；需校对未知片段: crowbar
first_aid_kit,837,firstaidkit,low,"自动拆词；需校对未知片段: first, aid, kit"
blood_on_leg,837,血在腿,medium,自动拆词组合，建议校对语序
stained_clothes,837,染污服装,medium,自动拆词组合，建议校对语序
high-low_skirt,837,high低裙子,medium,自动拆词；需校对未知片段: high
sitting_on_shoulder,836,坐着在肩,medium,自动拆词组合，建议校对语序
gun_to_head,836,枪头,medium,自动拆词组合，建议校对语序
seatbelt,836,seatbelt,low,自动拆词；需校对未知片段: seatbelt
christmas_stocking,836,christmasstocking,low,"自动拆词；需校对未知片段: christmas, stocking"
on_railing,835,在railing,medium,自动拆词；需校对未知片段: railing
pumpkin_hat,835,pumpkin帽子,medium,自动拆词；需校对未知片段: pumpkin
hand_wraps,835,手wraps,medium,自动拆词；需校对未知片段: wraps
belt_skirt,834,腰带裙子,medium,自动拆词组合，建议校对语序
crotch_grab,834,crotch抓住,medium,自动拆词；需校对未知片段: crotch
silver_dress,834,silver连衣裙,medium,自动拆词；需校对未知片段: silver
hexagon_print,834,hexagon印花,medium,自动拆词；需校对未知片段: hexagon
lace-trimmed_choker,833,蕾丝饰边项圈,medium,自动拆词组合，建议校对语序
brown_mittens,833,棕色mittens,medium,自动拆词；需校对未知片段: mittens
shiny_and_normal,833,shinynormal,low,"自动拆词；需校对未知片段: shiny, normal"
drugged,832,drugged,low,自动拆词；需校对未知片段: drugged
hanami,832,hanami,low,自动拆词；需校对未知片段: hanami
duel_disk,832,dueldisk,low,"自动拆词；需校对未知片段: duel, disk"
rei_no_pool,832,rei无pool,low,"自动拆词；需校对未知片段: rei, pool"
blue_hood,832,蓝色兜帽,medium,自动拆词组合，建议校对语序
naked_cloak,831,裸体斗篷,medium,自动拆词组合，建议校对语序
one-piece_thong,831,一个件thong,medium,自动拆词；需校对未知片段: thong
black_bandeau,831,黑色抹胸,medium,自动拆词组合，建议校对语序
paralyzer,831,paralyzer,low,自动拆词；需校对未知片段: paralyzer
eye_black,831,眼黑色,medium,自动拆词组合，建议校对语序
orange_goggles,831,橙色goggles,medium,自动拆词；需校对未知片段: goggles
crt,830,crt,low,自动拆词；需校对未知片段: crt
warrior,830,warrior,low,自动拆词；需校对未知片段: warrior
ice_cream_float,830,icecreamfloat,low,"自动拆词；需校对未知片段: ice, cream, float"
fingersmile,830,fingersmile,low,自动拆词；需校对未知片段: fingersmile
fishnet_socks,830,网眼袜子,medium,自动拆词组合，建议校对语序
purple_collar,829,紫色衣领,medium,自动拆词组合，建议校对语序
flower_choker,829,花项圈,medium,自动拆词组合，建议校对语序
elbow_sleeve,828,elbow袖子,medium,自动拆词；需校对未知片段: elbow
masu,828,masu,low,自动拆词；需校对未知片段: masu
holding_heart,828,拿着心形,medium,自动拆词组合，建议校对语序
kousaka_kirino's_school_uniform,828,kousakakirino's学校制服,low,"自动拆词；需校对未知片段: kousaka, kirino's"
cut_bangs,828,切开刘海,medium,自动拆词组合，建议校对语序
hook,827,hook,low,自动拆词；需校对未知片段: hook
tamagoyaki,827,tamagoyaki,low,自动拆词；需校对未知片段: tamagoyaki
portal_(object),827,portal（物体）,low,自动拆词；需校对未知片段: portal
pocky_in_mouth,826,pocky在嘴,medium,自动拆词；需校对未知片段: pocky
grey_apron,826,灰色围裙,medium,自动拆词组合，建议校对语序
raccoon,825,raccoon,low,自动拆词；需校对未知片段: raccoon
2008,825,2008,medium,自动拆词组合，建议校对语序
jiangshi_costume,825,jiangshi服装,medium,自动拆词；需校对未知片段: jiangshi
cigarette_pack,824,cigarettepack,low,"自动拆词；需校对未知片段: cigarette, pack"
cellphone_charm,824,cellphonecharm,low,"自动拆词；需校对未知片段: cellphone, charm"
tribal_tattoo,824,tribal纹身,medium,自动拆词；需校对未知片段: tribal
easter,824,easter,low,自动拆词；需校对未知片段: easter
mizu_happi,823,mizuhappi,low,"自动拆词；需校对未知片段: mizu, happi"
fist_bump,823,fistbump,low,"自动拆词；需校对未知片段: fist, bump"
rubber_gloves,823,rubber手套,medium,自动拆词；需校对未知片段: rubber
red_cardigan,823,红色开衫,medium,自动拆词组合，建议校对语序
eye_reflection,822,眼reflection,medium,自动拆词；需校对未知片段: reflection
holding_coin,822,拿着硬币,medium,自动拆词组合，建议校对语序
crazy_straw,822,crazystraw,low,"自动拆词；需校对未知片段: crazy, straw"
mole_under_each_eye,822,痣下each眼,medium,自动拆词；需校对未知片段: each
simulated_fellatio,821,simulated口交,medium,自动拆词；需校对未知片段: simulated
holding_microphone_stand,821,拿着microphonestand,low,"自动拆词；需校对未知片段: microphone, stand"
clock_eyes,821,时钟眼睛,medium,自动拆词组合，建议校对语序
reptile_girl,820,reptile女孩,medium,自动拆词；需校对未知片段: reptile
holding_chain,820,拿着链条,medium,自动拆词组合，建议校对语序
restroom,819,restroom,low,自动拆词；需校对未知片段: restroom
beretta_92,818,beretta92,medium,自动拆词；需校对未知片段: beretta
wrong_foot,818,wrong脚,medium,自动拆词；需校对未知片段: wrong
protecting,818,protecting,low,自动拆词；需校对未知片段: protecting
stuffed_penguin,818,填充penguin,medium,自动拆词；需校对未知片段: penguin
converse,818,converse,low,自动拆词；需校对未知片段: converse
thong_aside,818,thong拨开,medium,自动拆词；需校对未知片段: thong
gesugao,817,gesugao,low,自动拆词；需校对未知片段: gesugao
black_male_swimwear,817,黑色男性swimwear,medium,自动拆词；需校对未知片段: swimwear
index_fingers_raised,817,index手指raised,low,"自动拆词；需校对未知片段: index, raised"
qingxin_flower,817,qingxin花,medium,自动拆词；需校对未知片段: qingxin
censored_text,816,censored文字,medium,自动拆词；需校对未知片段: censored
hair_between_breasts,815,头发之间乳房,medium,自动拆词组合，建议校对语序
pelvic_curtain_lift,815,pelviccurtain掀起,low,"自动拆词；需校对未知片段: pelvic, curtain"
toilet_stall,814,toilet摊位,medium,自动拆词；需校对未知片段: toilet
alternate_hair_ornament,814,替换头发饰品,medium,自动拆词组合，建议校对语序
jungle,813,jungle,low,自动拆词；需校对未知片段: jungle
food_bite,813,食物bite,medium,自动拆词；需校对未知片段: bite
unworn_necktie,813,未穿戴领带,medium,自动拆词组合，建议校对语序
mutual_hug,812,mutualhug,low,"自动拆词；需校对未知片段: mutual, hug"
2007,812,2007,medium,自动拆词组合，建议校对语序
lying_on_lap,812,躺着在lap,medium,自动拆词；需校对未知片段: lap
multiple_torii,811,多个torii,medium,自动拆词；需校对未知片段: torii
brown_neckerchief,811,棕色领巾,medium,自动拆词组合，建议校对语序
hand_on_floor,811,手在地板,medium,自动拆词组合，建议校对语序
red_suit,810,红色套装,medium,自动拆词组合，建议校对语序
red_robe,810,红色长袍,medium,自动拆词组合，建议校对语序
strapless_bottom,809,strapless下装,medium,自动拆词；需校对未知片段: strapless
wing_brooch,809,翅膀胸针,medium,自动拆词组合，建议校对语序
diagonal-striped_bowtie,809,对角条纹领结,medium,自动拆词组合，建议校对语序
licking_ear,808,舔耳朵,medium,自动拆词组合，建议校对语序
miku_day,808,miku日,medium,自动拆词；需校对未知片段: miku
holding_drumsticks,808,拿着drumsticks,medium,自动拆词；需校对未知片段: drumsticks
flower_in_mouth,807,花在嘴,medium,自动拆词组合，建议校对语序
dorsiflexion,807,dorsiflexion,low,自动拆词；需校对未知片段: dorsiflexion
braiding_hair,807,braiding头发,medium,自动拆词；需校对未知片段: braiding
aqua_kimono,807,水色和服,medium,自动拆词组合，建议校对语序
hexagon_hair_ornament,807,hexagon头发饰品,medium,自动拆词；需校对未知片段: hexagon
vertical-striped_kimono,806,竖向条纹和服,medium,自动拆词组合，建议校对语序
stitched_arm,806,stitched手臂,medium,自动拆词；需校对未知片段: stitched
pink_sash,805,粉色腰带,medium,自动拆词组合，建议校对语序
cuff_links,805,cufflinks,low,"自动拆词；需校对未知片段: cuff, links"
determined,805,determined,low,自动拆词；需校对未知片段: determined
checkered_dress,805,棋盘格连衣裙,medium,自动拆词组合，建议校对语序
ornate_border,805,ornate边框,medium,自动拆词；需校对未知片段: ornate
tri_braids,805,tribraids,low,"自动拆词；需校对未知片段: tri, braids"
animal_ear_hairband,805,动物耳朵发带,medium,自动拆词组合，建议校对语序
pastry_bag,804,pastry包,medium,自动拆词；需校对未知片段: pastry
nyan,804,nyan,low,自动拆词；需校对未知片段: nyan
measuring,804,测量,medium,自动拆词组合，建议校对语序
standard_bearer,804,standardbearer,low,"自动拆词；需校对未知片段: standard, bearer"
folder,803,folder,low,自动拆词；需校对未知片段: folder
roasted_sweet_potato,803,roastedsweetpotato,low,"自动拆词；需校对未知片段: roasted, sweet, potato"
<|>_<|>,803,<|><|>,low,"自动拆词；需校对未知片段: <|>, <|>"
grey_bowtie,803,灰色领结,medium,自动拆词组合，建议校对语序
flying_teardrops,802,飞起teardrops,medium,自动拆词；需校对未知片段: teardrops
soft_serve,802,softserve,low,"自动拆词；需校对未知片段: soft, serve"
clothed_male_nude_male,802,clothed男性裸体男性,medium,自动拆词；需校对未知片段: clothed
temple,802,temple,low,自动拆词；需校对未知片段: temple
4others,802,4others,low,自动拆词；需校对未知片段: 4others
toe_cleavage,802,toe乳沟,medium,自动拆词；需校对未知片段: toe
antique_phone,801,antiquephone,low,"自动拆词；需校对未知片段: antique, phone"
yellow_camisole,801,黄色吊带背心,medium,自动拆词组合，建议校对语序
penis_over_eyes,800,阴茎覆在眼睛,medium,自动拆词组合，建议校对语序
bamboo_shoot,799,bambooshoot,low,"自动拆词；需校对未知片段: bamboo, shoot"
pointing_forward,799,pointingforward,low,"自动拆词；需校对未知片段: pointing, forward"
solid_circle_pupils,798,solidcircle瞳孔,low,"自动拆词；需校对未知片段: solid, circle"
prank,798,prank,low,自动拆词；需校对未知片段: prank
loaded_interior,798,loadedinterior,low,"自动拆词；需校对未知片段: loaded, interior"
cat_mask,798,猫面具,medium,自动拆词组合，建议校对语序
penis_to_breast,797,阴茎乳房,medium,自动拆词组合，建议校对语序
mannequin,797,mannequin,low,自动拆词；需校对未知片段: mannequin
pink_gemstone,796,粉色宝石,medium,自动拆词组合，建议校对语序
crotch_zipper,795,crotchzipper,low,"自动拆词；需校对未知片段: crotch, zipper"
shippou_(pattern),795,shippou（pattern）,low,自动拆词；需校对未知片段: shippou
blob,795,blob,low,自动拆词；需校对未知片段: blob
medieval,795,medieval,low,自动拆词；需校对未知片段: medieval
shirt_overhang,795,衬衫overhang,medium,自动拆词；需校对未知片段: overhang
anemone_(flower),794,anemone（花）,low,自动拆词；需校对未知片段: anemone
incoming_hug,794,incominghug,low,"自动拆词；需校对未知片段: incoming, hug"
igote,794,igote,low,自动拆词；需校对未知片段: igote
projectile_lactation,793,projectilelactation,low,"自动拆词；需校对未知片段: projectile, lactation"
carapace,792,carapace,low,自动拆词；需校对未知片段: carapace
spoken_food,791,spoken食物,medium,自动拆词；需校对未知片段: spoken
stuffed_dog,790,填充狗,medium,自动拆词组合，建议校对语序
animal_on_hand,790,动物在手,medium,自动拆词组合，建议校对语序
holding_shirt,789,拿着衬衫,medium,自动拆词组合，建议校对语序
unworn_shorts,788,未穿戴短裤,medium,自动拆词组合，建议校对语序
prison,788,prison,low,自动拆词；需校对未知片段: prison
casino,788,casino,low,自动拆词；需校对未知片段: casino
curly_eyebrows,788,curly眉毛,medium,自动拆词；需校对未知片段: curly
riding_bicycle,787,骑乘bicycle,medium,自动拆词；需校对未知片段: bicycle
star-shaped_eyewear,787,星星形眼镜,medium,自动拆词组合，建议校对语序
white_stripes,786,白色stripes,medium,自动拆词；需校对未知片段: stripes
chikan,786,chikan,low,自动拆词；需校对未知片段: chikan
clothes_pin,786,服装pin,medium,自动拆词；需校对未知片段: pin
kuji-in,785,kuji在,medium,自动拆词；需校对未知片段: kuji
cauldron,785,cauldron,low,自动拆词；需校对未知片段: cauldron
holed_coin,785,holed硬币,medium,自动拆词；需校对未知片段: holed
cat_on_shoulder,784,猫在肩,medium,自动拆词组合，建议校对语序
storm,784,storm,low,自动拆词；需校对未知片段: storm
self-harm,784,自己harm,medium,自动拆词；需校对未知片段: harm
finger_to_another's_mouth,783,手指他人的嘴,medium,自动拆词组合，建议校对语序
sky_print,783,天空印花,medium,自动拆词组合，建议校对语序
orange_headband,783,橙色headband,medium,自动拆词；需校对未知片段: headband
scouter,783,scouter,low,自动拆词；需校对未知片段: scouter
sainan_high_school_uniform,783,sainanhigh学校制服,low,"自动拆词；需校对未知片段: sainan, high"
intestines,782,intestines,low,自动拆词；需校对未知片段: intestines
ashtray,782,ashtray,low,自动拆词；需校对未知片段: ashtray
brown_flower,781,棕色花,medium,自动拆词组合，建议校对语序
handprint,781,handprint,low,自动拆词；需校对未知片段: handprint
holding_cake,781,拿着cake,medium,自动拆词；需校对未知片段: cake
stakes_of_purgatory,781,炼狱七桩,medium,作品专属名词
cargo_pants,780,cargo裤子,medium,自动拆词；需校对未知片段: cargo
heart_(organ),780,心形（器官）,medium,自动拆词组合，建议校对语序
shimokitazawa_high_school_uniform,780,shimokitazawahigh学校制服,low,"自动拆词；需校对未知片段: shimokitazawa, high"
hands_on_another's_chest,779,双手在他人的胸部,medium,自动拆词组合，建议校对语序
carrying_bag,779,carrying包,medium,自动拆词；需校对未知片段: carrying
removing_jacket,779,removing夹克,medium,自动拆词；需校对未知片段: removing
frilled_umbrella,778,荷叶边伞,medium,自动拆词组合，建议校对语序
nail_bat,778,nail蝙蝠,medium,自动拆词；需校对未知片段: nail
scratching_head,778,scratching头,medium,自动拆词；需校对未知片段: scratching
chuunibyou,778,chuunibyou,low,自动拆词；需校对未知片段: chuunibyou
bloodshot_eyes,777,bloodshot眼睛,medium,自动拆词；需校对未知片段: bloodshot
green_horns,777,绿色角,medium,自动拆词组合，建议校对语序
glitter,776,glitter,low,自动拆词；需校对未知片段: glitter
holding_suitcase,776,拿着suitcase,medium,自动拆词；需校对未知片段: suitcase
beer_bottle,776,beer瓶,medium,自动拆词；需校对未知片段: beer
green_headband,776,绿色headband,medium,自动拆词；需校对未知片段: headband
micro_bra,776,microbra,low,"自动拆词；需校对未知片段: micro, bra"
ace_of_spades,775,acespades,low,"自动拆词；需校对未知片段: ace, spades"
bipod,775,bipod,low,自动拆词；需校对未知片段: bipod
no_feet,775,无脚,medium,自动拆词组合，建议校对语序
motosu_school_uniform,775,motosu学校制服,medium,自动拆词；需校对未知片段: motosu
horn_grab,774,horn抓住,medium,自动拆词；需校对未知片段: horn
golden_arms,774,golden手臂,medium,自动拆词；需校对未知片段: golden
crisis_management_form_(machimazo),774,crisismanagementform（machimazo）,low,"自动拆词；需校对未知片段: crisis, management, form"
shamoji,773,shamoji,low,自动拆词；需校对未知片段: shamoji
walther,773,walther,low,自动拆词；需校对未知片段: walther
brown_serafuku,773,棕色水手服,medium,自动拆词组合，建议校对语序
math,773,math,low,自动拆词；需校对未知片段: math
red_nose,773,红色鼻子,medium,自动拆词组合，建议校对语序
holding_leg,773,拿着腿,medium,自动拆词组合，建议校对语序
animal_head,773,动物头,medium,自动拆词组合，建议校对语序
black_scales,773,黑色scales,medium,自动拆词；需校对未知片段: scales
bust_cup,772,bust杯子,medium,自动拆词；需校对未知片段: bust
covered_clitoris,772,覆盖clitoris,medium,自动拆词；需校对未知片段: clitoris
bulging_eyes,772,bulging眼睛,medium,自动拆词；需校对未知片段: bulging
object_on_breast,772,物体在乳房,medium,自动拆词组合，建议校对语序
dream_soul,772,dreamsoul,low,"自动拆词；需校对未知片段: dream, soul"
nebula,771,nebula,low,自动拆词；需校对未知片段: nebula
gold_coin,771,金色硬币,medium,自动拆词组合，建议校对语序
panda_hood,771,panda兜帽,medium,自动拆词；需校对未知片段: panda
elevator,770,elevator,low,自动拆词；需校对未知片段: elevator
taut_swimsuit,770,taut泳装,medium,自动拆词；需校对未知片段: taut
deer_tail,770,鹿尾巴,medium,自动拆词组合，建议校对语序
purple_butterfly,770,紫色蝴蝶,medium,自动拆词组合，建议校对语序
lolidom,769,lolidom,low,自动拆词；需校对未知片段: lolidom
aqua_leotard,769,水色连体衣,medium,自动拆词组合，建议校对语序
bathhouse,769,bathhouse,low,自动拆词；需校对未知片段: bathhouse
laundry_basket,769,laundrybasket,low,"自动拆词；需校对未知片段: laundry, basket"
double_amputee,769,双amputee,medium,自动拆词；需校对未知片段: amputee
broccoli,769,broccoli,low,自动拆词；需校对未知片段: broccoli
little_red_riding_hood_(grimm)_(cosplay),769,little红色骑乘兜帽(grimm)（cosplay）,low,"自动拆词；需校对未知片段: little, (grimm)"
fur_cuffs,768,毛皮袖口,medium,自动拆词组合，建议校对语序
broken_armor,768,破损盔甲,medium,自动拆词组合，建议校对语序
through_screen,768,视screen,medium,自动拆词；需校对未知片段: screen
wakamezake,767,wakamezake,low,自动拆词；需校对未知片段: wakamezake
glowing_hand,767,发光手,medium,自动拆词组合，建议校对语序
panties_under_shorts,767,内裤下短裤,medium,自动拆词组合，建议校对语序
weasel_girl,767,weasel女孩,medium,自动拆词；需校对未知片段: weasel
brown_lips,767,棕色嘴唇,medium,自动拆词组合，建议校对语序
arm_around_back,766,手臂围绕背后,medium,自动拆词组合，建议校对语序
hand_on_table,766,手在桌子,medium,自动拆词组合，建议校对语序
white_sky,766,白色天空,medium,自动拆词组合，建议校对语序
dilation_tape,766,dilationtape,low,"自动拆词；需校对未知片段: dilation, tape"
arm_on_knee,766,手臂在膝,medium,自动拆词组合，建议校对语序
maple_leaf_print,766,maple叶子印花,medium,自动拆词；需校对未知片段: maple
kanba_girls_high_school_uniform,766,kanbagirlshigh学校制服,low,"自动拆词；需校对未知片段: kanba, girls, high"
cabbage,765,cabbage,low,自动拆词；需校对未知片段: cabbage
listening_to_music,765,listeningmusic,low,"自动拆词；需校对未知片段: listening, music"
power_connection,765,power连接,medium,自动拆词；需校对未知片段: power
lifebuoy_ornament,765,lifebuoy饰品,medium,自动拆词；需校对未知片段: lifebuoy
exploding_clothes,764,exploding服装,medium,自动拆词；需校对未知片段: exploding
right-over-left_kimono,764,right覆在left和服,low,"自动拆词；需校对未知片段: right, left"
holding_creature,764,拿着creature,medium,自动拆词；需校对未知片段: creature
floating_rock,764,漂浮rock,medium,自动拆词；需校对未知片段: rock
stiletto_(weapon),764,stiletto（武器）,low,自动拆词；需校对未知片段: stiletto
window_(computing),763,window（computing）,low,自动拆词；需校对未知片段: window
clawed_gauntlets,763,clawedgauntlets,low,"自动拆词；需校对未知片段: clawed, gauntlets"
canned_coffee,763,cannedcoffee,low,"自动拆词；需校对未知片段: canned, coffee"
dogeza,763,dogeza,low,自动拆词；需校对未知片段: dogeza
glass_shards,763,镜shards,medium,自动拆词；需校对未知片段: shards
nipple_chain,762,乳头链条,medium,自动拆词组合，建议校对语序
camisole_lift,762,吊带背心掀起,medium,自动拆词组合，建议校对语序
frilled_headwear,761,荷叶边头饰,medium,自动拆词组合，建议校对语序
cable_tail,761,cable尾巴,medium,自动拆词；需校对未知片段: cable
chess,761,chess,low,自动拆词；需校对未知片段: chess
red_male_underwear,761,红色男性内衣,medium,自动拆词组合，建议校对语序
exposed_pocket,761,exposedpocket,low,"自动拆词；需校对未知片段: exposed, pocket"
combat_knife,760,combat刀,medium,自动拆词；需校对未知片段: combat
two-sided_coat,760,两个双面外套,medium,自动拆词组合，建议校对语序
materia,759,materia,low,自动拆词；需校对未知片段: materia
firelock,759,firelock,low,自动拆词；需校对未知片段: firelock
volcano,759,volcano,low,自动拆词；需校对未知片段: volcano
village,759,village,low,自动拆词；需校对未知片段: village
trophy,759,trophy,low,自动拆词；需校对未知片段: trophy
fingering_through_panties,758,fingering视内裤,medium,自动拆词；需校对未知片段: fingering
dotted_background,758,dotted背景,medium,自动拆词；需校对未知片段: dotted
eel,757,eel,low,自动拆词；需校对未知片段: eel
paizuri_invitation,757,paizuriinvitation,low,"自动拆词；需校对未知片段: paizuri, invitation"
safety_glasses,756,safetyglasses,low,"自动拆词；需校对未知片段: safety, glasses"
holding_fish,755,拿着鱼,medium,自动拆词组合，建议校对语序
front_slit,755,前部slit,medium,自动拆词；需校对未知片段: slit
multitasking,754,multitasking,low,自动拆词；需校对未知片段: multitasking
flippers,754,flippers,low,自动拆词；需校对未知片段: flippers
honda,754,honda,low,自动拆词；需校对未知片段: honda
leopard_girl,754,leopard女孩,medium,自动拆词；需校对未知片段: leopard
wing_ears,753,翅膀耳朵,medium,自动拆词组合，建议校对语序
smartphone_case,753,smartphonecase,low,"自动拆词；需校对未知片段: smartphone, case"
kariyushi_shirt,753,kariyushi衬衫,medium,自动拆词；需校对未知片段: kariyushi
knives_between_fingers,752,knives之间手指,medium,自动拆词；需校对未知片段: knives
broken_sword,752,破损剑,medium,自动拆词组合，建议校对语序
policeman,752,policeman,low,自动拆词；需校对未知片段: policeman
spade_hair_ornament,752,spade头发饰品,medium,自动拆词；需校对未知片段: spade
white_halo,752,白色光环,medium,自动拆词组合，建议校对语序
male_underwear_peek,752,男性内衣露出,medium,自动拆词组合，建议校对语序
hand_focus,751,手特写,medium,自动拆词组合，建议校对语序
fitting_room,751,fittingroom,low,"自动拆词；需校对未知片段: fitting, room"
carton,751,carton,low,自动拆词；需校对未知片段: carton
cash_register,751,cashregister,low,"自动拆词；需校对未知片段: cash, register"
unworn_jewelry,751,未穿戴饰品,medium,自动拆词组合，建议校对语序
hanging_light,751,hanging浅色,medium,自动拆词；需校对未知片段: hanging
leotard_peek,749,连体衣露出,medium,自动拆词组合，建议校对语序
makeup_brush,749,makeupbrush,low,"自动拆词；需校对未知片段: makeup, brush"
caliburn_(fate),748,caliburn（fate）,low,自动拆词；需校对未知片段: caliburn
neck_garter,748,脖子吊袜带,medium,自动拆词组合，建议校对语序
foot_worship,748,脚worship,medium,自动拆词；需校对未知片段: worship
fried_chicken,748,friedchicken,low,"自动拆词；需校对未知片段: fried, chicken"
weasel_tail,748,weasel尾巴,medium,自动拆词；需校对未知片段: weasel
blue_suit,748,蓝色套装,medium,自动拆词组合，建议校对语序
cross-laced_top,748,十字蕾丝边上装,medium,自动拆词组合，建议校对语序
koishi_day,748,koishi日,medium,自动拆词；需校对未知片段: koishi
table_humping,747,桌子humping,medium,自动拆词；需校对未知片段: humping
whiteboard,747,whiteboard,low,自动拆词；需校对未知片段: whiteboard
holding_photo,747,拿着photo,medium,自动拆词；需校对未知片段: photo
vehicle_and_personification,747,vehiclepersonification,low,"自动拆词；需校对未知片段: vehicle, personification"
bolt,747,螺栓,medium,自动拆词组合，建议校对语序
compass,746,compass,low,自动拆词；需校对未知片段: compass
youkai_(youkai_watch),746,youkai（youkai_watch）,low,自动拆词；需校对未知片段: youkai
2b_(nier:automata)_(cosplay),746,2b(nier:automata)（cosplay）,low,"自动拆词；需校对未知片段: 2b, (nier:automata)"
hunched_over,745,hunched覆在,medium,自动拆词；需校对未知片段: hunched
holding_pole,745,拿着杆,medium,自动拆词组合，建议校对语序
jacket_lift,745,夹克掀起,medium,自动拆词组合，建议校对语序
fish_bone,744,鱼bone,medium,自动拆词；需校对未知片段: bone
drowning,744,drowning,low,自动拆词；需校对未知片段: drowning
holding_shovel,743,拿着shovel,medium,自动拆词；需校对未知片段: shovel
marriage_proposal,743,marriageproposal,low,"自动拆词；需校对未知片段: marriage, proposal"
backless_swimsuit,743,backless泳装,medium,自动拆词；需校对未知片段: backless
gag_harness,743,口球harness,medium,自动拆词；需校对未知片段: harness
tickling_armpits,743,挠痒armpits,medium,自动拆词；需校对未知片段: armpits
jam,742,jam,low,自动拆词；需校对未知片段: jam
chili_pepper,742,辣椒辣椒,medium,自动拆词组合，建议校对语序
trash,742,trash,low,自动拆词；需校对未知片段: trash
rust,742,rust,low,自动拆词；需校对未知片段: rust
low-cut_armhole,742,低切开armhole,medium,自动拆词；需校对未知片段: armhole
propeller_hair_ornament,742,propeller头发饰品,medium,自动拆词；需校对未知片段: propeller
merman,741,merman,low,自动拆词；需校对未知片段: merman
runny_nose,741,runny鼻子,medium,自动拆词；需校对未知片段: runny
sprinkles,741,sprinkles,low,自动拆词；需校对未知片段: sprinkles
fake_magazine_cover,741,假magazine覆盖,medium,自动拆词；需校对未知片段: magazine
against_fourth_wall,741,againstfourth墙,low,"自动拆词；需校对未知片段: against, fourth"
wide_oval_eyes,740,wideoval眼睛,low,"自动拆词；需校对未知片段: wide, oval"
holding_cross,740,拿着十字,medium,自动拆词组合，建议校对语序
sexual_coaching,740,sexualcoaching,low,"自动拆词；需校对未知片段: sexual, coaching"
craft_essence_(fate),740,craftessence（fate）,low,"自动拆词；需校对未知片段: craft, essence"
otter_tail,740,otter尾巴,medium,自动拆词；需校对未知片段: otter
interior,739,interior,low,自动拆词；需校对未知片段: interior
gumroad_username,739,gumroad用户名,medium,自动拆词；需校对未知片段: gumroad
lime_(fruit),738,lime（fruit）,low,自动拆词；需校对未知片段: lime
amestris_military_uniform,738,amestrismilitary制服,low,"自动拆词；需校对未知片段: amestris, military"
cobblestone,738,cobblestone,low,自动拆词；需校对未知片段: cobblestone
cupboard,738,cupboard,low,自动拆词；需校对未知片段: cupboard
canteen,738,canteen,low,自动拆词；需校对未知片段: canteen
taut_leotard,738,taut连体衣,medium,自动拆词；需校对未知片段: taut
cork,737,cork,low,自动拆词；需校对未知片段: cork
phoenix,737,phoenix,low,自动拆词；需校对未知片段: phoenix
after_masturbation,737,之后自慰,medium,自动拆词组合，建议校对语序
o-ring_swimsuit,737,o泳圈泳装,medium,自动拆词；需校对未知片段: o
dorsal_fin,737,dorsalfin,low,"自动拆词；需校对未知片段: dorsal, fin"
flying_fish,737,飞起鱼,medium,自动拆词组合，建议校对语序
wind_turbine,736,windturbine,low,"自动拆词；需校对未知片段: wind, turbine"
pom_pom_earrings,736,绒球绒球耳环,medium,自动拆词组合，建议校对语序
checkered_bow,736,棋盘格蝴蝶结,medium,自动拆词组合，建议校对语序
multiple_hairpins,736,多个hairpins,medium,自动拆词；需校对未知片段: hairpins
record,735,record,low,自动拆词；需校对未知片段: record
smelling_clothes,735,smelling服装,medium,自动拆词；需校对未知片段: smelling
light_brown_background,735,浅色棕色背景,medium,自动拆词组合，建议校对语序
lance_of_longinus_(evangelion),735,lancelonginus（evangelion）,low,"自动拆词；需校对未知片段: lance, longinus"
studded_choker,735,studded项圈,medium,自动拆词；需校对未知片段: studded
red_bandeau,735,红色抹胸,medium,自动拆词组合，建议校对语序
croissant,735,croissant,low,自动拆词；需校对未知片段: croissant
jolly_roger,735,jollyroger,low,"自动拆词；需校对未知片段: jolly, roger"
red_trim,734,红色trim,medium,自动拆词；需校对未知片段: trim
mechanic,734,mechanic,low,自动拆词；需校对未知片段: mechanic
covering_another's_mouth,734,遮住他人的嘴,medium,自动拆词组合，建议校对语序
single_garter_strap,734,单个吊袜带带子,medium,自动拆词组合，建议校对语序
lane_line,733,laneline,low,"自动拆词；需校对未知片段: lane, line"
brain,733,brain,low,自动拆词；需校对未知片段: brain
humping,733,humping,low,自动拆词；需校对未知片段: humping
fruit_hat_ornament,733,fruit帽子饰品,medium,自动拆词；需校对未知片段: fruit
ski_goggles,733,skigoggles,low,"自动拆词；需校对未知片段: ski, goggles"
starfish_hair_ornament,733,starfish头发饰品,medium,自动拆词；需校对未知片段: starfish
hand_on_own_forehead,732,手在自己的额头,medium,自动拆词组合，建议校对语序
holding_briefcase,732,拿着briefcase,medium,自动拆词；需校对未知片段: briefcase
brown_sash,732,棕色腰带,medium,自动拆词组合，建议校对语序
orca,732,orca,low,自动拆词；需校对未知片段: orca
urinal,732,urinal,low,自动拆词；需校对未知片段: urinal
van,732,van,low,自动拆词；需校对未知片段: van
layered_kimono,732,layered和服,medium,自动拆词；需校对未知片段: layered
o-ring_belt,732,o泳圈腰带,medium,自动拆词；需校对未知片段: o
striped_vest,732,条纹背心,medium,自动拆词组合，建议校对语序
like_and_retweet,732,点赞转发,medium,自动拆词组合，建议校对语序
green_cardigan,731,绿色开衫,medium,自动拆词组合，建议校对语序
aqua_hairband,731,水色发带,medium,自动拆词组合，建议校对语序
square,731,square,low,自动拆词；需校对未知片段: square
entangled,731,entangled,low,自动拆词；需校对未知片段: entangled
billboard,731,billboard,low,自动拆词；需校对未知片段: billboard
yellow_gemstone,731,黄色宝石,medium,自动拆词组合，建议校对语序
plate_carrier,731,platecarrier,low,"自动拆词；需校对未知片段: plate, carrier"
surfing,730,surfing,low,自动拆词；需校对未知片段: surfing
police_car,730,policecar,low,"自动拆词；需校对未知片段: police, car"
crystal_wings,730,crystal翅膀,medium,自动拆词；需校对未知片段: crystal
limiter_(tsukumo_sana),730,限制器（九十九佐命）,medium,角色关联物件
fern,729,fern,low,自动拆词；需校对未知片段: fern
bear_hood,729,熊兜帽,medium,自动拆词组合，建议校对语序
war_hammer,728,warhammer,low,"自动拆词；需校对未知片段: war, hammer"
coffee_pot,728,coffeepot,low,"自动拆词；需校对未知片段: coffee, pot"
holding_bra,728,拿着bra,medium,自动拆词；需校对未知片段: bra
sauce,728,酱,medium,自动拆词组合，建议校对语序
throat_microphone,728,throatmicrophone,low,"自动拆词；需校对未知片段: throat, microphone"
detached_leggings,728,分离式leggings,medium,自动拆词；需校对未知片段: leggings
shopping_cart,727,shoppingcart,low,"自动拆词；需校对未知片段: shopping, cart"
half-erect,727,halferect,low,"自动拆词；需校对未知片段: half, erect"
ticket,727,ticket,low,自动拆词；需校对未知片段: ticket
paw_print_pattern,727,paw印花pattern,low,"自动拆词；需校对未知片段: paw, pattern"
invisible,726,invisible,low,自动拆词；需校对未知片段: invisible
congratulations,726,congratulations,low,自动拆词；需校对未知片段: congratulations
star_wand,726,星星wand,medium,自动拆词；需校对未知片段: wand
object_head,726,物体头,medium,自动拆词组合，建议校对语序
yumi_(bow),725,yumi（蝴蝶结）,low,自动拆词；需校对未知片段: yumi
m16,725,m16,low,自动拆词；需校对未知片段: m16
on_scooter,725,在scooter,medium,自动拆词；需校对未知片段: scooter
kanshou_&_bakuya_(fate),724,kanshou&bakuya（fate）,low,"自动拆词；需校对未知片段: kanshou, &, bakuya"
chocolate_making,724,巧克力making,medium,自动拆词；需校对未知片段: making
carousel,723,carousel,low,自动拆词；需校对未知片段: carousel
wet_skirt,723,湿裙子,medium,自动拆词组合，建议校对语序
body_switch,723,身体switch,medium,自动拆词；需校对未知片段: switch
depressed,723,depressed,low,自动拆词；需校对未知片段: depressed
multicolored_tail,723,多色尾巴,medium,自动拆词组合，建议校对语序
holding_another's_foot,723,拿着他人的脚,medium,自动拆词组合，建议校对语序
walker_(robot),723,walker（机器人）,low,自动拆词；需校对未知片段: walker
gradient_wings,723,渐变翅膀,medium,自动拆词组合，建议校对语序
down_jacket,723,变小夹克,medium,自动拆词组合，建议校对语序
rabbit_on_head,723,兔子在头,medium,自动拆词组合，建议校对语序
giant_male,723,giant男性,medium,自动拆词；需校对未知片段: giant
meteor_shower,722,meteorshower,low,"自动拆词；需校对未知片段: meteor, shower"
kissing_neck,722,亲吻脖子,medium,自动拆词组合，建议校对语序
raspberry,721,raspberry,low,自动拆词；需校对未知片段: raspberry
holding_scroll,721,拿着scroll,medium,自动拆词；需校对未知片段: scroll
twintails_day,721,twintails日,medium,自动拆词；需校对未知片段: twintails
rhine_lab_logo,721,rhinelab标志,low,"自动拆词；需校对未知片段: rhine, lab"
pink_tank_top,720,粉色坦克上装,medium,自动拆词组合，建议校对语序
kadomatsu,720,kadomatsu,low,自动拆词；需校对未知片段: kadomatsu
microwave,720,microwave,low,自动拆词；需校对未知片段: microwave
looking_at_hand,720,看着手,medium,自动拆词组合，建议校对语序
yellow_one-piece_swimsuit,719,黄色一个件泳装,medium,自动拆词组合，建议校对语序
white_bandeau,719,白色抹胸,medium,自动拆词组合，建议校对语序
paint_can,719,paint罐,medium,自动拆词；需校对未知片段: paint
musket,719,musket,low,自动拆词；需校对未知片段: musket
monk,719,monk,low,自动拆词；需校对未知片段: monk
shield_on_back,719,shield在背后,medium,自动拆词；需校对未知片段: shield
facing_up,719,facing变大,medium,自动拆词；需校对未知片段: facing
black_tube_top,718,黑色筒状上装,medium,自动拆词组合，建议校对语序
white_pubic_hair,718,白色阴部头发,medium,自动拆词组合，建议校对语序
scoop_neck,718,scoop脖子,medium,自动拆词；需校对未知片段: scoop
female_goblin,718,女性goblin,medium,自动拆词；需校对未知片段: goblin
purple_pupils,717,紫色瞳孔,medium,自动拆词组合，建议校对语序
graduation,717,graduation,low,自动拆词；需校对未知片段: graduation
covering_another's_eyes,717,遮住他人的眼睛,medium,自动拆词组合，建议校对语序
ligne_claire,717,线条清线派,medium,自动拆词组合，建议校对语序
accident,716,accident,low,自动拆词；需校对未知片段: accident
handshake,716,handshake,low,自动拆词；需校对未知片段: handshake
torn_wings,716,破损翅膀,medium,自动拆词组合，建议校对语序
kono_lolicon_domome,716,konololicondomome,low,"自动拆词；需校对未知片段: kono, lolicon, domome"
weights,716,weights,low,自动拆词；需校对未知片段: weights
temari_ball,716,temari球,medium,自动拆词；需校对未知片段: temari
red_wine,716,红色wine,medium,自动拆词；需校对未知片段: wine
yellow_pantyhose,715,黄色连裤袜,medium,自动拆词组合，建议校对语序
super_saiyan_4,715,supersaiyan4,low,"自动拆词；需校对未知片段: super, saiyan"
wafer_stick,715,waferstick,low,"自动拆词；需校对未知片段: wafer, stick"
condensation,715,condensation,low,自动拆词；需校对未知片段: condensation
originium_arts_(arknights),715,originiumarts（arknights）,low,"自动拆词；需校对未知片段: originium, arts"
sitting_sideways,714,坐着sideways,medium,自动拆词；需校对未知片段: sideways
fading,714,fading,low,自动拆词；需校对未知片段: fading
surrounded,714,surrounded,low,自动拆词；需校对未知片段: surrounded
bandaged_fingers,714,绷带包扎手指,medium,自动拆词组合，建议校对语序
ahoge_wag,714,呆毛wag,medium,自动拆词；需校对未知片段: wag
bindi,713,bindi,low,自动拆词；需校对未知片段: bindi
black_hood,712,黑色兜帽,medium,自动拆词组合，建议校对语序
hand_on_ground,712,手在ground,medium,自动拆词；需校对未知片段: ground
container,712,container,low,自动拆词；需校对未知片段: container
glansjob,712,glansjob,low,自动拆词；需校对未知片段: glansjob
black_veil,712,黑色veil,medium,自动拆词；需校对未知片段: veil
child_carry,712,childcarry,low,"自动拆词；需校对未知片段: child, carry"
ak-47,711,ak47,medium,自动拆词；需校对未知片段: ak
head_on_head,711,头在头,medium,自动拆词组合，建议校对语序
pitcher_(container),711,pitcher（container）,low,自动拆词；需校对未知片段: pitcher
coin_purse,711,硬币purse,medium,自动拆词；需校对未知片段: purse
leaf_background,711,叶子背景,medium,自动拆词组合，建议校对语序
transparent_censoring,711,透明censoring,medium,自动拆词；需校对未知片段: censoring
hakama_shorts,711,袴短裤,medium,自动拆词组合，建议校对语序
moose_ears,711,moose耳朵,medium,自动拆词；需校对未知片段: moose
josou_seme,710,josouseme,low,"自动拆词；需校对未知片段: josou, seme"
stuffed_panda,710,填充panda,medium,自动拆词；需校对未知片段: panda
police_badge,710,policebadge,low,"自动拆词；需校对未知片段: police, badge"
translucent,710,translucent,low,自动拆词；需校对未知片段: translucent
fishnet_bodysuit,710,网眼紧身衣,medium,自动拆词组合，建议校对语序
cutting,710,cutting,low,自动拆词；需校对未知片段: cutting
pointy_hat,710,pointy帽子,medium,自动拆词；需校对未知片段: pointy
fur_jacket,710,毛皮夹克,medium,自动拆词组合，建议校对语序
dollar_sign,709,dollarsign,low,"自动拆词；需校对未知片段: dollar, sign"
curled_up,709,curled变大,medium,自动拆词；需校对未知片段: curled
bandaid_on_neck,708,创可贴在脖子,medium,自动拆词组合，建议校对语序
railroad_crossing,707,railroadcrossing,low,"自动拆词；需校对未知片段: railroad, crossing"
black_vs_white,707,黑色vs白色,medium,自动拆词；需校对未知片段: vs
circle_formation,706,circleformation,low,"自动拆词；需校对未知片段: circle, formation"
holding_surfboard,706,拿着surfboard,medium,自动拆词；需校对未知片段: surfboard
bridal_lingerie,706,新娘lingerie,medium,自动拆词；需校对未知片段: lingerie
handjob_gesture,706,handjobgesture,low,"自动拆词；需校对未知片段: handjob, gesture"
hat_belt,706,帽子腰带,medium,自动拆词组合，建议校对语序
team_skull,706,team骷髅,medium,自动拆词；需校对未知片段: team
overall_skirt,705,overall裙子,medium,自动拆词；需校对未知片段: overall
bc_freedom_school_uniform,705,bcfreedom学校制服,low,"自动拆词；需校对未知片段: bc, freedom"
hair_over_one_breast,704,头发覆在一个乳房,medium,自动拆词组合，建议校对语序
arm_over_head,704,手臂覆在头,medium,自动拆词组合，建议校对语序
red_star,704,红色星星,medium,自动拆词组合，建议校对语序
sweater_pull,704,毛衣拉,medium,自动拆词组合，建议校对语序
holding_map,704,拿着map,medium,自动拆词；需校对未知片段: map
masked,704,masked,low,自动拆词；需校对未知片段: masked
haneoka_school_uniform,704,haneoka学校制服,medium,自动拆词；需校对未知片段: haneoka
cello,703,cello,low,自动拆词；需校对未知片段: cello
disguise,703,disguise,low,自动拆词；需校对未知片段: disguise
scalpel,703,scalpel,low,自动拆词；需校对未知片段: scalpel
holographic_monitor,703,holographicmonitor,low,"自动拆词；需校对未知片段: holographic, monitor"
knife_sheath,703,刀鞘,medium,自动拆词组合，建议校对语序
rotary_phone,703,rotaryphone,low,"自动拆词；需校对未知片段: rotary, phone"
pantyhose_under_swimsuit,702,连裤袜下泳装,medium,自动拆词组合，建议校对语序
whip_sword,702,whip剑,medium,自动拆词；需校对未知片段: whip
grabbing_another's_ear,702,抓住他人的耳朵,medium,自动拆词组合，建议校对语序
wanted,701,wanted,low,自动拆词；需校对未知片段: wanted
pawn_(chess),701,pawn（chess）,low,自动拆词；需校对未知片段: pawn
print_swimsuit,700,印花泳装,medium,自动拆词组合，建议校对语序
popsicle_stick,699,popsiclestick,low,"自动拆词；需校对未知片段: popsicle, stick"
face_in_pillow,699,脸在枕头,medium,自动拆词组合，建议校对语序
karate_gi,699,karategi,low,"自动拆词；需校对未知片段: karate, gi"
unworn_goggles,699,未穿戴goggles,medium,自动拆词；需校对未知片段: goggles
after_bathing,699,之后bathing,medium,自动拆词；需校对未知片段: bathing
anti-aircraft,699,antiaircraft,low,"自动拆词；需校对未知片段: anti, aircraft"
nipple_cutout,699,乳头开洞,medium,自动拆词组合，建议校对语序
country_connection,699,country连接,medium,自动拆词；需校对未知片段: country
starlight_academy_school_uniform,699,starlight学园学校制服,medium,自动拆词；需校对未知片段: starlight
weapon_bag,698,武器包,medium,自动拆词组合，建议校对语序
flailing,698,flailing,low,自动拆词；需校对未知片段: flailing
sky_lantern,698,天空lantern,medium,自动拆词；需校对未知片段: lantern
chessboard,697,chessboard,low,自动拆词；需校对未知片段: chessboard
frontless_outfit,697,frontlessoutfit,low,"自动拆词；需校对未知片段: frontless, outfit"
armored_leotard,697,armored连体衣,medium,自动拆词；需校对未知片段: armored
travel_attendant,696,travelattendant,low,"自动拆词；需校对未知片段: travel, attendant"
shoulder_plates,696,肩plates,medium,自动拆词；需校对未知片段: plates
ribbed_thighhighs,695,罗纹长筒袜,medium,自动拆词组合，建议校对语序
band,694,band,low,自动拆词；需校对未知片段: band
forked_tail,694,forked尾巴,medium,自动拆词；需校对未知片段: forked
lightning_bolt_hair_ornament,694,lightning螺栓头发饰品,medium,自动拆词；需校对未知片段: lightning
undone_neck_ribbon,693,undone脖子丝带,medium,自动拆词；需校对未知片段: undone
shoulder_guard,693,肩guard,medium,自动拆词；需校对未知片段: guard
hedgehog_tail,693,hedgehog尾巴,medium,自动拆词；需校对未知片段: hedgehog
digital_clock,692,digital时钟,medium,自动拆词；需校对未知片段: digital
lop_rabbit_ears,692,lop兔子耳朵,medium,自动拆词；需校对未知片段: lop
closet,692,closet,low,自动拆词；需校对未知片段: closet
cassock,692,cassock,low,自动拆词；需校对未知片段: cassock
metamoran_vest,692,metamoran背心,medium,自动拆词；需校对未知片段: metamoran
normal_suit,692,normal套装,medium,自动拆词；需校对未知片段: normal
checkered_legwear,692,棋盘格腿部穿着,medium,自动拆词组合，建议校对语序
sparse_chest_hair,692,sparse胸部头发,medium,自动拆词；需校对未知片段: sparse
see-through_swimsuit,691,透视泳装,medium,自动拆词组合，建议校对语序
saury,691,saury,low,自动拆词；需校对未知片段: saury
holding_necklace,690,拿着项链,medium,自动拆词组合，建议校对语序
chakram,690,chakram,low,自动拆词；需校对未知片段: chakram
panties_over_pantyhose,690,内裤覆在连裤袜,medium,自动拆词组合，建议校对语序
orange_bra,689,橙色bra,medium,自动拆词；需校对未知片段: bra
blood_on_bandages,689,血在bandages,medium,自动拆词；需校对未知片段: bandages
pink_horns,689,粉色角,medium,自动拆词组合，建议校对语序
meadow,688,meadow,low,自动拆词；需校对未知片段: meadow
remembering,688,remembering,low,自动拆词；需校对未知片段: remembering
saint_quartz_(fate),688,saintquartz（fate）,low,"自动拆词；需校对未知片段: saint, quartz"
vertical_foregrip,687,竖向foregrip,medium,自动拆词；需校对未知片段: foregrip
calligraphy,687,calligraphy,low,自动拆词；需校对未知片段: calligraphy
adjusting_scarf,687,adjusting围巾,medium,自动拆词；需校对未知片段: adjusting
scratching_cheek,687,scratching脸颊,medium,自动拆词；需校对未知片段: scratching
layered_shirt,687,layered衬衫,medium,自动拆词；需校对未知片段: layered
emoticon,686,emoticon,low,自动拆词；需校对未知片段: emoticon
bird_on_arm,686,鸟在手臂,medium,自动拆词组合，建议校对语序
pokemon_ears,686,pokemon耳朵,medium,自动拆词；需校对未知片段: pokemon
paint_on_clothes,686,paint在服装,medium,自动拆词；需校对未知片段: paint
scar_on_hand,686,伤疤在手,medium,自动拆词组合，建议校对语序
blue_outline,684,蓝色outline,medium,自动拆词；需校对未知片段: outline
green_feathers,684,绿色羽毛,medium,自动拆词组合，建议校对语序
unworn_bikini,684,未穿戴比基尼,medium,自动拆词组合，建议校对语序
pink_sports_bra,683,粉色运动bra,medium,自动拆词；需校对未知片段: bra
tape_on_nipples,683,tape在乳头,medium,自动拆词；需校对未知片段: tape
casting_spell,682,castingspell,low,"自动拆词；需校对未知片段: casting, spell"
adjusting_buruma,682,adjustingburuma,low,"自动拆词；需校对未知片段: adjusting, buruma"
playground,682,playground,low,自动拆词；需校对未知片段: playground
rice_paddy,681,ricepaddy,low,"自动拆词；需校对未知片段: rice, paddy"
noses_touching,681,nosestouching,low,"自动拆词；需校对未知片段: noses, touching"
side-tie_shirt,681,侧边系带衬衫,medium,自动拆词组合，建议校对语序
green_rose,680,绿色rose,medium,自动拆词；需校对未知片段: rose
torn_coat,680,破损外套,medium,自动拆词组合，建议校对语序
beach_mat,680,beachmat,low,"自动拆词；需校对未知片段: beach, mat"
baton_(weapon),679,baton（武器）,low,自动拆词；需校对未知片段: baton
ai_ai_gasa,679,相合伞,high,
rash_guard,679,rashguard,low,"自动拆词；需校对未知片段: rash, guard"
poke_ball_(legends),679,poke球（legends）,medium,自动拆词；需校对未知片段: poke
ankle_bow,678,脚踝蝴蝶结,medium,自动拆词组合，建议校对语序
covering_own_ears,678,遮住自己的耳朵,medium,自动拆词组合，建议校对语序
bridle,678,bridle,low,自动拆词；需校对未知片段: bridle
mtu_virus,678,mtuvirus,low,"自动拆词；需校对未知片段: mtu, virus"
bird_boy,678,鸟男孩,medium,自动拆词组合，建议校对语序
butterfly_tattoo,677,蝴蝶纹身,medium,自动拆词组合，建议校对语序
bandaid_on_head,677,创可贴在头,medium,自动拆词组合，建议校对语序
fur-trimmed_bikini,676,毛皮饰边比基尼,medium,自动拆词组合，建议校对语序
implied_extra_ears,676,暗示extra耳朵,medium,自动拆词；需校对未知片段: extra
amusement_park,676,amusementpark,low,"自动拆词；需校对未知片段: amusement, park"
hat_tassel,676,帽子流苏,medium,自动拆词组合，建议校对语序
crosshatching,675,crosshatching,low,自动拆词；需校对未知片段: crosshatching
hand_over_face,675,手覆在脸,medium,自动拆词组合，建议校对语序
hogtie,675,hogtie,low,自动拆词；需校对未知片段: hogtie
coconut_tree,675,coconut树,medium,自动拆词；需校对未知片段: coconut
argyle_cutout,675,菱格开洞,medium,自动拆词组合，建议校对语序
cross-laced_skirt,675,十字蕾丝边裙子,medium,自动拆词组合，建议校对语序
fruit_on_head,675,fruit在头,medium,自动拆词；需校对未知片段: fruit
fruit_cup,675,fruit杯子,medium,自动拆词；需校对未知片段: fruit
height,675,height,low,自动拆词；需校对未知片段: height
starry_hair,675,starry头发,medium,自动拆词；需校对未知片段: starry
sparkle_hair_ornament,675,sparkle头发饰品,medium,自动拆词；需校对未知片段: sparkle
too_literal,674,tooliteral,low,"自动拆词；需校对未知片段: too, literal"
suspenders_slip,674,suspendersslip,low,"自动拆词；需校对未知片段: suspenders, slip"
cow_costume,673,cow服装,medium,自动拆词；需校对未知片段: cow
fried_rice,673,friedrice,low,"自动拆词；需校对未知片段: fried, rice"
drum_magazine,673,drummagazine,low,"自动拆词；需校对未知片段: drum, magazine"
anti-aircraft_gun,673,antiaircraft枪,low,"自动拆词；需校对未知片段: anti, aircraft"
pregnancy_test,673,pregnancytest,low,"自动拆词；需校对未知片段: pregnancy, test"
penis_shadow,673,阴茎shadow,medium,自动拆词；需校对未知片段: shadow
blood_on_ground,672,血在ground,medium,自动拆词；需校对未知片段: ground
multicolored_leotard,672,多色连体衣,medium,自动拆词组合，建议校对语序
white_garter_belt,672,白色吊袜带腰带,medium,自动拆词组合，建议校对语序
holding_toothbrush,672,拿着toothbrush,medium,自动拆词；需校对未知片段: toothbrush
toga,671,toga,low,自动拆词；需校对未知片段: toga
red_carpet,670,红色carpet,medium,自动拆词；需校对未知片段: carpet
holding_lipstick_tube,670,拿着lipstick筒状,medium,自动拆词；需校对未知片段: lipstick
multi-strapped_bikini_top,670,multistrapped比基尼上装,low,"自动拆词；需校对未知片段: multi, strapped"
mg42,669,mg42,low,自动拆词；需校对未知片段: mg42
nipple-to-nipple,669,乳头乳头,medium,自动拆词组合，建议校对语序
pushing_away,669,pushingaway,low,"自动拆词；需校对未知片段: pushing, away"
spoken_expression,669,spokenexpression,low,"自动拆词；需校对未知片段: spoken, expression"
ainu,669,ainu,low,自动拆词；需校对未知片段: ainu
holding_with_tail,668,拿着尾巴,medium,自动拆词组合，建议校对语序
white_wristband,668,白色wristband,medium,自动拆词；需校对未知片段: wristband
long_ribbon,668,长丝带,medium,自动拆词组合，建议校对语序
shogi,667,shogi,low,自动拆词；需校对未知片段: shogi
green_fire,667,绿色fire,medium,自动拆词；需校对未知片段: fire
facing_down,667,facing变小,medium,自动拆词；需校对未知片段: facing
senbei,666,senbei,low,自动拆词；需校对未知片段: senbei
dawn,666,dawn,low,自动拆词；需校对未知片段: dawn
purple_robe,666,紫色长袍,medium,自动拆词组合，建议校对语序
turtleneck_jacket,666,高领夹克,medium,自动拆词组合，建议校对语序
rice_hat,665,rice帽子,medium,自动拆词；需校对未知片段: rice
bacon,665,bacon,low,自动拆词；需校对未知片段: bacon
washing_hair,665,washing头发,medium,自动拆词；需校对未知片段: washing
dark_clouds,665,深色clouds,medium,自动拆词；需校对未知片段: clouds
forced_smile,664,forcedsmile,low,"自动拆词；需校对未知片段: forced, smile"
shared_earphones,664,共享earphones,medium,自动拆词；需校对未知片段: earphones
banana_peel,664,bananapeel,low,"自动拆词；需校对未知片段: banana, peel"
mole_on_arm,664,痣在手臂,medium,自动拆词组合，建议校对语序
holding_mirror,664,拿着mirror,medium,自动拆词；需校对未知片段: mirror
two-sided_cloak,664,两个双面斗篷,medium,自动拆词组合，建议校对语序
refraction,663,refraction,low,自动拆词；需校对未知片段: refraction
corsage,663,corsage,low,自动拆词；需校对未知片段: corsage
black_outline,662,黑色outline,medium,自动拆词；需校对未知片段: outline
anchor_earrings,662,anchor耳环,medium,自动拆词；需校对未知片段: anchor
wrapped_candy,662,wrappedcandy,low,"自动拆词；需校对未知片段: wrapped, candy"
gingham,661,gingham,low,自动拆词；需校对未知片段: gingham
sweet_lolita,661,sweetlolita,low,"自动拆词；需校对未知片段: sweet, lolita"
asymmetrical_sidelocks,661,asymmetricalsidelocks,low,"自动拆词；需校对未知片段: asymmetrical, sidelocks"
lying_on_water,661,躺着在水,medium,自动拆词组合，建议校对语序
side-tie_skirt,661,侧边系带裙子,medium,自动拆词组合，建议校对语序
print_scarf,661,印花围巾,medium,自动拆词组合，建议校对语序
green_collar,661,绿色衣领,medium,自动拆词组合，建议校对语序
sweater_tucked_in,661,毛衣塞入在,medium,自动拆词组合，建议校对语序
bc_freedom_(emblem),661,BC自由学园（徽章）,medium,作品专属徽章
square_neckline,660,square领口,medium,自动拆词；需校对未知片段: square
mini_witch_hat,659,迷你女巫帽子,medium,自动拆词组合，建议校对语序
holding_key,659,拿着钥匙,medium,自动拆词组合，建议校对语序
baking,658,烘焙,high,
on_stool,658,在凳子,medium,自动拆词组合，建议校对语序
oar,658,桨,medium,自动拆词组合，建议校对语序
nipple_jewelry,658,乳头饰品,medium,自动拆词组合，建议校对语序
holding_torch,658,拿着火把,medium,自动拆词组合，建议校对语序
holding_plectrum,657,拿着拨片,medium,自动拆词组合，建议校对语序
jug_(bottle),657,jug（瓶）,low,自动拆词；需校对未知片段: jug
white_tube_top,657,白色筒状上装,medium,自动拆词组合，建议校对语序
unworn_hair_ornament,656,未穿戴头发饰品,medium,自动拆词组合，建议校对语序
holding_magnifying_glass,656,拿着放大镜,medium,自动拆词组合，建议校对语序
single_off_shoulder,656,单个露出肩,medium,自动拆词组合，建议校对语序
meandros,654,希腊回纹,medium,纹样名需校对
stained_sheets,654,染污床单,medium,自动拆词组合，建议校对语序
arm_across_waist,654,手臂横过腰,medium,自动拆词组合，建议校对语序
torn_cloak,654,破损斗篷,medium,自动拆词组合，建议校对语序
heart_hair,654,心形头发,medium,自动拆词组合，建议校对语序
audio_jack,654,音频插孔,medium,自动拆词组合，建议校对语序
oven,653,烤箱,medium,自动拆词组合，建议校对语序
kittysuit,652,猫咪紧身衣,medium,自动拆词组合，建议校对语序
soy_sauce,651,酱油酱,medium,自动拆词组合，建议校对语序
shirt_around_waist,651,衬衫围绕腰,medium,自动拆词组合，建议校对语序
;(,651,;(,medium,符号/表情标签
arthropod_boy,651,节肢动物男孩,medium,自动拆词组合，建议校对语序
hieroglyphics,651,象形文字,medium,自动拆词组合，建议校对语序
rural,651,乡村,high,
piano_keys,651,钢琴琴键,medium,自动拆词组合，建议校对语序
sailor_swimsuit_(idolmaster),651,水手泳装（偶像大师）,medium,作品专属服装
market_stall,650,市场摊位,medium,自动拆词组合，建议校对语序
detached_ahoge,650,分离式呆毛,medium,自动拆词组合，建议校对语序
ankle_garter,649,脚踝吊袜带,medium,自动拆词组合，建议校对语序
fusuma,649,隔扇,medium,自动拆词组合，建议校对语序
package,649,包裹,medium,自动拆词组合，建议校对语序
feet_on_chair,648,脚在椅子,medium,自动拆词组合，建议校对语序
singlet,648,背心,medium,自动拆词组合，建议校对语序
large_ears,647,大耳朵,medium,自动拆词组合，建议校对语序
sailor_collar_lift,646,水手衣领掀起,medium,自动拆词组合，建议校对语序
aviator_cap,646,飞行员帽子,medium,自动拆词组合，建议校对语序
aqua_shorts,646,水色短裤,medium,自动拆词组合，建议校对语序
monkey_boy,646,猴男孩,medium,自动拆词组合，建议校对语序
flying_button,645,飞起纽扣,medium,自动拆词组合，建议校对语序
race_bib,645,比赛号码布,medium,自动拆词组合，建议校对语序
ambiguous_red_liquid,645,不明红色液体,medium,自动拆词组合，建议校对语序
sewing_needle,645,sewing针,medium,自动拆词；需校对未知片段: sewing
holding_newspaper,644,拿着报纸,medium,自动拆词组合，建议校对语序
female_service_cap,643,女性制服帽子,medium,自动拆词组合，建议校对语序
covering_with_blanket,642,遮住毯子,medium,自动拆词组合，建议校对语序
moth_girl,642,蛾女孩,medium,自动拆词组合，建议校对语序
rag,641,抹布,medium,自动拆词组合，建议校对语序
ankleband,641,脚环,medium,自动拆词组合，建议校对语序
shampoo_bottle,641,洗发水瓶,medium,自动拆词组合，建议校对语序
black_babydoll,640,黑色娃娃裙,medium,自动拆词组合，建议校对语序
tucked_penis,640,塞入阴茎,medium,自动拆词组合，建议校对语序
multiple_bracelets,640,多个手镯,medium,自动拆词组合，建议校对语序
kin-iro_mosaic_high_school_uniform,640,黄金拼图高中校服,medium,作品专属制服
holding_bell,639,拿着铃铛,medium,自动拆词组合，建议校对语序
blue_male_underwear,638,蓝色男性内衣,medium,自动拆词组合，建议校对语序
side_cape,638,侧边披肩,medium,自动拆词组合，建议校对语序
hand_grip,637,手grip,medium,自动拆词；需校对未知片段: grip
inset_border,636,inset边框,medium,自动拆词；需校对未知片段: inset
glove_bow,635,手套蝴蝶结,medium,自动拆词组合，建议校对语序
green_serafuku,635,绿色水手服,medium,自动拆词组合，建议校对语序
claw_foot_bathtub,635,claw脚浴缸,medium,自动拆词；需校对未知片段: claw
unworn_thighhighs,635,未穿戴长筒袜,medium,自动拆词组合，建议校对语序
rooster,634,公鸡,medium,自动拆词组合，建议校对语序
poi,631,poi,low,语气/梗标签，需人工确认
ribbed_socks,628,罗纹袜子,medium,自动拆词组合，建议校对语序
dress_shoes,628,连衣裙鞋,medium,自动拆词组合，建议校对语序
vertical-striped_shorts,627,竖向条纹短裤,medium,自动拆词组合，建议校对语序
blue_sweater_vest,626,蓝色毛衣背心,medium,自动拆词组合，建议校对语序
polearm_behind_back,624,长柄武器在后方背后,medium,自动拆词组合，建议校对语序
fur-trimmed_thighhighs,623,毛皮饰边长筒袜,medium,自动拆词组合，建议校对语序
streetwear,611,街头服饰,high,
